equipment_id,unit_id,equipment_type,category,manufacturer,acquisition_year,operational_status,condition,utilization_rate,last_maintenance_date,next_maintenance_date,downtime_days
E-00001,U-009,Generator,Power,Nova,2017,Operational,Good,74.3,2026-07-23,2026-12-21,2
E-00002,U-035,Aircraft,Surveillance,Apex,2025,Maintenance,Good,77.9,2025-04-11,2025-05-22,24
E-00003,U-017,Aircraft,Power,Apex,2017,Operational,Poor,97.3,2025-07-25,2025-10-25,29
E-00004,U-012,Generator,Command,Apex,2018,Operational,Fair,95.9,2025-02-28,2025-03-28,15
E-00005,U-005,Aircraft,Surveillance,Orion,2015,Operational,Fair,98.4,2026-01-10,2026-04-08,23
E-00006,U-056,Aircraft,Power,Orion,2020,Maintenance,Fair,52.1,2026-02-04,2026-05-03,21
E-00007,U-013,Sensor,Power,Nova,2022,Operational,Fair,51.4,2025-09-03,2026-02-22,32
E-00008,U-025,Communications,Power,Apex,2016,Operational,Good,47.5,2026-03-18,2026-07-10,1
E-00009,U-035,Generator,Power,Nova,2016,Operational,Fair,34.8,2026-08-10,2026-12-10,9
E-00010,U-021,Sensor,Surveillance,Orion,2022,Operational,Good,29.0,2026-08-13,2026-11-02,0
E-00011,U-030,Communications,Power,Nova,2024,Operational,Good,41.3,2025-05-20,2025-09-15,7
E-00012,U-060,Generator,Command,Apex,2017,Operational,Fair,85.3,2025-02-23,2025-05-31,20
E-00013,U-057,Vehicle,Surveillance,Nova,2021,Operational,Good,72.6,2025-08-07,2025-12-22,14
E-00014,U-007,Aircraft,Mobility,Orion,2023,Operational,Fair,93.6,2025-01-31,2025-03-28,7
E-00015,U-006,Sensor,Mobility,Nova,2019,Operational,Fair,32.5,2026-07-17,2026-11-06,17
E-00016,U-048,Aircraft,Surveillance,Orion,2019,Operational,Poor,72.0,2026-03-20,2026-08-14,3
E-00017,U-008,Communications,Mobility,Nova,2023,Maintenance,Fair,83.7,2025-07-18,2025-09-13,14
E-00018,U-058,Sensor,Command,Nova,2021,Maintenance,Fair,74.6,2026-04-19,2026-08-21,12
E-00019,U-013,Vehicle,Power,Apex,2025,Maintenance,Good,94.0,2025-01-04,2025-04-25,9
E-00020,U-053,Vehicle,Mobility,Orion,2020,Maintenance,Poor,61.5,2026-07-04,2026-08-04,2
E-00021,U-002,Communications,Command,Apex,2019,Operational,Good,45.6,2026-05-11,2026-07-19,7
E-00022,U-028,Communications,Mobility,Apex,2021,Operational,Poor,84.5,2025-11-05,2025-12-17,31
E-00023,U-011,Vehicle,Command,Orion,2024,Operational,Fair,48.1,2025-07-23,2025-09-20,33
E-00024,U-050,Vehicle,Command,Nova,2026,Operational,Poor,88.5,2025-06-30,2025-09-21,22
E-00025,U-009,Communications,Command,Apex,2017,Operational,Good,71.2,2025-12-27,2026-05-09,14
E-00026,U-045,Aircraft,Command,Apex,2019,Operational,Fair,88.2,2026-06-19,2026-09-03,22
E-00027,U-015,Sensor,Surveillance,Apex,2023,Operational,Fair,97.8,2025-08-21,2026-01-08,25
E-00028,U-006,Sensor,Mobility,Nova,2017,Operational,Fair,68.6,2026-07-19,2026-09-07,32
E-00029,U-052,Sensor,Mobility,Apex,2015,Operational,Fair,30.0,2025-07-24,2025-11-22,6
E-00030,U-023,Aircraft,Command,Nova,2016,Limited,Fair,73.3,2025-08-16,2025-12-25,16
E-00031,U-035,Sensor,Command,Orion,2022,Operational,Fair,30.5,2026-02-17,2026-05-01,13
E-00032,U-045,Communications,Mobility,Nova,2016,Operational,Poor,43.4,2025-05-26,2025-07-24,22
E-00033,U-036,Communications,Power,Orion,2015,Operational,Fair,34.6,2025-07-08,2026-01-02,21
E-00034,U-014,Sensor,Command,Nova,2026,Operational,Fair,89.2,2025-02-20,2025-05-13,4
E-00035,U-055,Vehicle,Power,Orion,2025,Operational,Fair,42.1,2026-06-29,2026-09-17,0
E-00036,U-032,Aircraft,Power,Apex,2025,Operational,Poor,45.9,2025-08-23,2025-09-15,4
E-00037,U-015,Sensor,Mobility,Nova,2019,Operational,Poor,51.9,2025-06-28,2025-12-11,30
E-00038,U-043,Vehicle,Power,Nova,2019,Operational,Fair,23.6,2026-01-31,2026-05-12,16
E-00039,U-037,Vehicle,Power,Apex,2021,Operational,Poor,41.4,2025-06-28,2025-08-06,21
E-00040,U-022,Vehicle,Mobility,Nova,2026,Operational,Fair,67.4,2025-10-06,2025-12-19,20
E-00041,U-029,Generator,Command,Apex,2022,Limited,Good,84.9,2026-05-24,2026-06-17,16
E-00042,U-011,Vehicle,Mobility,Nova,2025,Operational,Fair,27.7,2025-06-12,2025-07-24,9
E-00043,U-020,Aircraft,Command,Nova,2021,Operational,Poor,52.3,2025-07-26,2025-12-29,29
E-00044,U-026,Aircraft,Surveillance,Apex,2016,Operational,Good,54.1,2026-08-03,2026-12-24,14
E-00045,U-006,Sensor,Surveillance,Nova,2015,Operational,Fair,96.7,2025-05-16,2025-10-30,33
E-00046,U-035,Sensor,Power,Apex,2025,Maintenance,Good,95.3,2026-07-12,2026-12-25,19
E-00047,U-013,Sensor,Power,Orion,2018,Operational,Good,96.3,2025-04-04,2025-09-19,21
E-00048,U-012,Communications,Mobility,Apex,2016,Operational,Poor,25.5,2025-05-08,2025-06-03,22
E-00049,U-032,Generator,Surveillance,Orion,2022,Operational,Good,76.9,2025-10-06,2025-10-26,8
E-00050,U-027,Sensor,Power,Orion,2023,Limited,Poor,81.0,2026-04-21,2026-09-15,25
E-00051,U-020,Generator,Mobility,Orion,2018,Maintenance,Fair,91.2,2026-04-06,2026-08-13,2
E-00052,U-017,Vehicle,Surveillance,Apex,2020,Operational,Fair,75.9,2025-02-03,2025-06-23,12
E-00053,U-003,Aircraft,Surveillance,Nova,2017,Operational,Fair,55.3,2025-10-06,2025-11-23,22
E-00054,U-009,Generator,Command,Apex,2026,Operational,Fair,67.5,2025-08-17,2025-09-08,11
E-00055,U-024,Communications,Command,Orion,2021,Operational,Poor,36.5,2025-04-23,2025-07-28,15
E-00056,U-006,Aircraft,Power,Nova,2021,Operational,Fair,93.8,2025-10-24,2026-02-26,27
E-00057,U-016,Generator,Power,Nova,2018,Operational,Fair,76.7,2025-12-05,2026-01-12,19
E-00058,U-040,Aircraft,Command,Nova,2018,Operational,Poor,95.6,2026-02-10,2026-05-07,17
E-00059,U-038,Communications,Power,Orion,2019,Maintenance,Good,62.1,2025-10-19,2026-03-31,10
E-00060,U-010,Aircraft,Power,Nova,2021,Operational,Good,68.4,2025-02-18,2025-07-10,13
E-00061,U-037,Aircraft,Power,Apex,2018,Limited,Good,28.3,2026-06-19,2026-07-11,28
E-00062,U-009,Vehicle,Surveillance,Apex,2022,Operational,Fair,44.1,2025-06-27,2025-11-26,22
E-00063,U-013,Generator,Power,Orion,2024,Operational,Good,88.7,2026-02-27,2026-04-20,2
E-00064,U-016,Generator,Power,Nova,2021,Operational,Fair,50.5,2025-02-13,2025-03-21,9
E-00065,U-047,Vehicle,Mobility,Apex,2026,Operational,Fair,28.5,2026-08-04,2026-09-22,13
E-00066,U-047,Sensor,Power,Nova,2026,Maintenance,Poor,51.3,2025-12-08,2026-03-22,21
E-00067,U-041,Aircraft,Surveillance,Apex,2024,Maintenance,Poor,37.5,2025-01-03,2025-02-09,16
E-00068,U-046,Generator,Command,Orion,2026,Operational,Fair,51.7,2026-07-20,2026-10-04,5
E-00069,U-005,Aircraft,Power,Apex,2018,Operational,Fair,91.2,2026-07-10,2026-09-16,26
E-00070,U-011,Communications,Command,Orion,2022,Operational,Fair,34.6,2025-02-04,2025-06-08,13
E-00071,U-042,Generator,Command,Nova,2022,Operational,Poor,66.4,2025-01-20,2025-06-18,25
E-00072,U-051,Vehicle,Power,Nova,2026,Limited,Good,65.5,2025-01-29,2025-04-30,24
E-00073,U-049,Vehicle,Surveillance,Orion,2019,Operational,Good,57.3,2025-06-06,2025-08-13,2
E-00074,U-020,Vehicle,Command,Apex,2023,Operational,Fair,95.8,2025-11-23,2026-01-23,10
E-00075,U-053,Sensor,Surveillance,Orion,2017,Limited,Fair,80.1,2025-10-15,2025-12-14,12
E-00076,U-013,Communications,Command,Apex,2017,Operational,Good,30.8,2026-06-17,2026-10-17,6
E-00077,U-014,Communications,Mobility,Apex,2018,Operational,Fair,52.7,2025-01-11,2025-05-23,4
E-00078,U-047,Sensor,Power,Apex,2022,Operational,Fair,31.4,2026-03-15,2026-08-04,22
E-00079,U-049,Vehicle,Command,Orion,2025,Operational,Fair,36.8,2025-09-13,2025-10-23,11
E-00080,U-059,Aircraft,Power,Orion,2017,Operational,Good,22.3,2026-08-19,2026-11-16,8
E-00081,U-003,Generator,Surveillance,Apex,2024,Operational,Poor,83.8,2026-07-08,2026-08-01,5
E-00082,U-030,Communications,Power,Apex,2020,Operational,Good,55.1,2025-06-17,2025-10-20,16
E-00083,U-043,Vehicle,Surveillance,Nova,2025,Limited,Poor,59.6,2026-04-19,2026-07-14,26
E-00084,U-007,Vehicle,Surveillance,Orion,2025,Operational,Poor,38.2,2025-09-28,2026-02-07,9
E-00085,U-051,Generator,Mobility,Apex,2017,Maintenance,Fair,67.9,2025-06-01,2025-11-17,21
E-00086,U-025,Generator,Power,Nova,2026,Operational,Poor,31.8,2026-07-01,2026-09-22,31
E-00087,U-016,Aircraft,Mobility,Apex,2016,Operational,Good,26.8,2026-04-08,2026-05-10,7
E-00088,U-034,Vehicle,Command,Nova,2020,Maintenance,Poor,64.2,2026-06-10,2026-12-04,3
E-00089,U-043,Vehicle,Surveillance,Orion,2026,Operational,Good,83.8,2026-04-11,2026-06-27,9
E-00090,U-023,Generator,Command,Nova,2020,Operational,Poor,90.9,2025-09-15,2025-11-02,31
E-00091,U-007,Communications,Surveillance,Orion,2026,Operational,Fair,40.0,2025-06-29,2025-12-08,29
E-00092,U-012,Generator,Power,Apex,2017,Operational,Good,50.1,2025-01-22,2025-05-18,20
E-00093,U-044,Communications,Command,Nova,2026,Operational,Good,75.4,2026-01-27,2026-04-07,12
E-00094,U-019,Sensor,Mobility,Orion,2023,Operational,Poor,59.9,2025-11-06,2026-04-28,21
E-00095,U-001,Vehicle,Command,Apex,2020,Operational,Poor,74.6,2026-04-21,2026-09-17,22
E-00096,U-005,Sensor,Surveillance,Orion,2024,Operational,Poor,92.3,2025-07-14,2025-11-12,27
E-00097,U-041,Aircraft,Power,Orion,2018,Operational,Fair,34.8,2025-06-13,2025-11-07,30
E-00098,U-021,Generator,Command,Apex,2021,Operational,Good,90.9,2025-06-13,2025-09-30,34
E-00099,U-006,Vehicle,Power,Nova,2026,Operational,Good,32.1,2025-05-18,2025-08-19,7
E-00100,U-005,Communications,Mobility,Apex,2024,Operational,Fair,45.3,2026-02-25,2026-08-12,25
E-00101,U-015,Sensor,Command,Nova,2021,Operational,Good,86.1,2025-09-08,2025-12-12,11
E-00102,U-003,Vehicle,Power,Nova,2019,Operational,Poor,61.1,2026-01-22,2026-07-02,21
E-00103,U-007,Vehicle,Command,Nova,2023,Operational,Good,23.5,2025-07-29,2026-01-11,34
E-00104,U-055,Vehicle,Mobility,Apex,2017,Operational,Good,96.0,2025-06-10,2025-08-13,4
E-00105,U-024,Vehicle,Power,Nova,2017,Operational,Fair,63.5,2026-06-08,2026-11-12,31
E-00106,U-026,Vehicle,Mobility,Nova,2020,Operational,Fair,64.5,2025-01-09,2025-02-12,24
E-00107,U-020,Vehicle,Mobility,Orion,2017,Operational,Poor,94.2,2025-05-17,2025-10-11,28
E-00108,U-041,Communications,Power,Nova,2020,Limited,Poor,96.8,2026-05-07,2026-09-06,18
E-00109,U-056,Vehicle,Surveillance,Nova,2017,Operational,Good,43.7,2025-11-15,2026-01-20,7
E-00110,U-040,Communications,Command,Apex,2018,Operational,Good,21.4,2026-03-23,2026-04-28,2
E-00111,U-019,Aircraft,Command,Apex,2019,Operational,Poor,58.8,2025-09-17,2026-02-14,7
E-00112,U-006,Communications,Surveillance,Nova,2024,Maintenance,Poor,98.1,2026-04-03,2026-07-03,33
E-00113,U-007,Communications,Mobility,Nova,2023,Operational,Good,24.6,2026-06-11,2026-10-19,27
E-00114,U-027,Vehicle,Mobility,Apex,2020,Operational,Good,79.8,2025-06-22,2025-11-27,21
E-00115,U-013,Communications,Mobility,Apex,2020,Limited,Poor,23.7,2026-02-10,2026-04-16,17
E-00116,U-016,Aircraft,Mobility,Orion,2023,Limited,Poor,32.9,2025-08-29,2026-01-02,10
E-00117,U-043,Sensor,Surveillance,Nova,2026,Operational,Fair,33.1,2025-03-03,2025-07-18,27
E-00118,U-060,Communications,Command,Nova,2024,Operational,Fair,73.9,2025-08-21,2025-11-01,13
E-00119,U-053,Vehicle,Power,Nova,2016,Maintenance,Poor,97.1,2026-02-22,2026-06-25,11
E-00120,U-026,Communications,Surveillance,Nova,2019,Maintenance,Good,20.1,2025-04-18,2025-05-27,12
E-00121,U-010,Communications,Command,Nova,2024,Limited,Good,27.9,2025-06-10,2025-11-15,32
E-00122,U-047,Communications,Surveillance,Nova,2024,Operational,Poor,88.5,2025-12-24,2026-05-28,30
E-00123,U-021,Sensor,Surveillance,Orion,2016,Operational,Poor,23.5,2026-02-20,2026-06-14,10
E-00124,U-001,Vehicle,Power,Apex,2016,Limited,Poor,30.2,2026-06-20,2026-12-12,28
E-00125,U-027,Aircraft,Mobility,Orion,2024,Operational,Fair,66.4,2026-04-17,2026-09-20,15
E-00126,U-035,Sensor,Command,Nova,2025,Operational,Good,99.3,2025-12-25,2026-02-21,25
E-00127,U-025,Aircraft,Surveillance,Apex,2024,Operational,Fair,66.0,2026-02-13,2026-03-29,8
E-00128,U-021,Generator,Command,Orion,2020,Maintenance,Good,68.2,2025-07-29,2025-12-07,0
E-00129,U-049,Communications,Mobility,Orion,2019,Maintenance,Poor,58.0,2025-11-02,2026-04-29,26
E-00130,U-028,Sensor,Surveillance,Orion,2015,Operational,Poor,20.3,2025-03-06,2025-08-25,29
E-00131,U-020,Aircraft,Power,Nova,2024,Maintenance,Poor,42.7,2025-09-19,2025-12-18,4
E-00132,U-033,Generator,Mobility,Orion,2022,Operational,Good,43.1,2026-06-01,2026-10-16,33
E-00133,U-041,Sensor,Mobility,Orion,2019,Operational,Poor,62.7,2025-07-31,2025-10-26,18
E-00134,U-021,Aircraft,Surveillance,Apex,2020,Operational,Good,29.5,2025-06-20,2025-07-18,10
E-00135,U-026,Vehicle,Surveillance,Orion,2019,Operational,Poor,68.1,2026-04-15,2026-05-20,1
E-00136,U-054,Generator,Power,Orion,2023,Limited,Good,81.6,2025-07-03,2025-07-23,35
E-00137,U-057,Aircraft,Command,Nova,2015,Limited,Fair,58.6,2026-08-10,2027-01-15,35
E-00138,U-016,Vehicle,Power,Orion,2018,Maintenance,Good,32.0,2025-09-26,2026-02-07,23
E-00139,U-059,Vehicle,Command,Apex,2025,Operational,Fair,77.6,2025-02-18,2025-06-21,6
E-00140,U-038,Vehicle,Power,Orion,2019,Operational,Good,64.6,2025-07-28,2026-01-08,12
E-00141,U-053,Generator,Surveillance,Orion,2024,Maintenance,Good,60.2,2026-07-09,2026-11-28,1
E-00142,U-042,Sensor,Command,Orion,2025,Operational,Good,22.5,2026-06-28,2026-09-08,27
E-00143,U-024,Communications,Power,Orion,2019,Operational,Fair,30.5,2025-02-18,2025-08-09,2
E-00144,U-026,Generator,Surveillance,Nova,2021,Maintenance,Fair,33.2,2025-10-08,2025-11-06,24
E-00145,U-010,Generator,Power,Nova,2024,Operational,Fair,89.8,2025-04-30,2025-06-24,20
E-00146,U-060,Communications,Command,Apex,2024,Operational,Good,46.5,2025-07-02,2025-09-15,18
E-00147,U-029,Sensor,Power,Orion,2021,Operational,Fair,63.3,2025-09-22,2026-01-03,23
E-00148,U-039,Generator,Command,Apex,2018,Operational,Poor,38.0,2026-03-24,2026-04-14,31
E-00149,U-054,Generator,Power,Nova,2020,Operational,Good,28.1,2025-05-21,2025-11-09,3
E-00150,U-001,Communications,Command,Apex,2016,Operational,Poor,82.3,2026-02-08,2026-04-29,9
E-00151,U-041,Communications,Surveillance,Orion,2023,Maintenance,Poor,63.6,2026-05-22,2026-08-13,22
E-00152,U-036,Aircraft,Power,Apex,2017,Operational,Poor,73.5,2025-11-25,2026-01-27,22
E-00153,U-009,Sensor,Mobility,Nova,2020,Operational,Fair,49.5,2025-04-14,2025-05-25,28
E-00154,U-005,Vehicle,Mobility,Orion,2019,Operational,Poor,27.4,2025-12-11,2026-04-24,29
E-00155,U-020,Communications,Power,Nova,2018,Operational,Fair,81.8,2026-04-28,2026-08-02,28
E-00156,U-056,Vehicle,Surveillance,Apex,2020,Limited,Poor,44.0,2025-10-30,2026-04-14,29
E-00157,U-013,Aircraft,Command,Apex,2020,Operational,Good,59.1,2025-10-24,2026-03-29,1
E-00158,U-015,Aircraft,Command,Orion,2016,Operational,Good,75.1,2025-05-08,2025-07-28,33
E-00159,U-059,Vehicle,Surveillance,Nova,2023,Operational,Good,85.0,2026-03-14,2026-08-23,4
E-00160,U-023,Aircraft,Surveillance,Apex,2015,Operational,Fair,86.2,2026-05-07,2026-09-15,11
E-00161,U-021,Communications,Mobility,Orion,2026,Operational,Fair,52.7,2025-11-17,2026-01-30,20
E-00162,U-047,Aircraft,Mobility,Apex,2023,Operational,Poor,89.1,2026-05-10,2026-08-29,27
E-00163,U-044,Generator,Power,Orion,2022,Maintenance,Good,78.8,2025-07-12,2025-11-22,24
E-00164,U-060,Aircraft,Mobility,Orion,2018,Operational,Good,85.1,2026-02-12,2026-04-07,16
E-00165,U-057,Generator,Power,Apex,2024,Operational,Poor,66.0,2026-03-17,2026-04-13,2
E-00166,U-008,Aircraft,Power,Orion,2018,Operational,Poor,21.4,2026-06-30,2026-09-17,21
E-00167,U-011,Aircraft,Surveillance,Nova,2023,Operational,Fair,92.4,2025-03-29,2025-05-31,18
E-00168,U-025,Aircraft,Power,Nova,2025,Operational,Poor,77.9,2026-06-11,2026-11-27,23
E-00169,U-029,Generator,Surveillance,Orion,2025,Operational,Poor,65.7,2026-07-29,2026-12-29,8
E-00170,U-034,Communications,Command,Apex,2022,Operational,Poor,66.7,2025-02-22,2025-07-29,4
E-00171,U-053,Aircraft,Command,Nova,2024,Operational,Fair,91.9,2025-11-03,2026-03-21,0
E-00172,U-060,Aircraft,Power,Orion,2020,Operational,Good,83.2,2026-08-18,2026-10-29,27
E-00173,U-032,Sensor,Mobility,Apex,2017,Operational,Poor,37.4,2026-06-20,2026-07-17,13
E-00174,U-034,Sensor,Mobility,Apex,2024,Limited,Good,68.8,2025-12-16,2026-05-10,34
E-00175,U-006,Aircraft,Mobility,Apex,2026,Operational,Poor,72.5,2025-12-11,2026-05-26,10
E-00176,U-054,Sensor,Mobility,Orion,2020,Operational,Good,64.8,2026-04-01,2026-08-07,27
E-00177,U-038,Generator,Mobility,Nova,2025,Operational,Fair,79.6,2025-08-15,2026-01-19,1
E-00178,U-049,Generator,Command,Apex,2025,Maintenance,Fair,21.6,2025-01-13,2025-03-05,7
E-00179,U-037,Vehicle,Mobility,Apex,2023,Operational,Good,88.2,2026-08-22,2027-01-10,19
E-00180,U-009,Vehicle,Command,Nova,2021,Operational,Good,65.9,2025-12-24,2026-05-28,20
E-00181,U-053,Aircraft,Mobility,Apex,2019,Limited,Fair,24.9,2025-04-14,2025-06-07,19
E-00182,U-014,Sensor,Mobility,Orion,2026,Maintenance,Poor,59.7,2025-07-31,2025-11-25,25
E-00183,U-009,Communications,Power,Nova,2026,Maintenance,Poor,52.1,2025-03-22,2025-06-12,13
E-00184,U-023,Vehicle,Power,Nova,2020,Operational,Fair,27.2,2025-03-03,2025-06-05,28
E-00185,U-043,Generator,Surveillance,Orion,2018,Operational,Poor,59.0,2025-03-30,2025-06-05,22
E-00186,U-023,Sensor,Power,Apex,2021,Operational,Poor,69.1,2025-04-14,2025-06-07,32
E-00187,U-059,Sensor,Command,Orion,2015,Operational,Good,63.6,2026-04-28,2026-09-02,24
E-00188,U-027,Communications,Power,Apex,2023,Operational,Good,50.2,2025-12-18,2026-03-13,16
E-00189,U-005,Vehicle,Mobility,Nova,2026,Operational,Fair,96.7,2025-03-20,2025-06-30,13
E-00190,U-022,Sensor,Power,Apex,2020,Limited,Good,23.0,2025-11-03,2026-04-15,34
E-00191,U-001,Communications,Mobility,Orion,2017,Operational,Fair,53.6,2026-05-18,2026-09-23,8
E-00192,U-060,Generator,Power,Nova,2019,Limited,Fair,29.3,2025-04-15,2025-09-30,14
E-00193,U-038,Vehicle,Surveillance,Nova,2015,Operational,Fair,59.6,2025-08-05,2025-10-30,0
E-00194,U-037,Aircraft,Power,Nova,2023,Operational,Fair,81.2,2025-06-27,2025-10-06,22
E-00195,U-008,Aircraft,Surveillance,Apex,2022,Operational,Good,56.3,2025-12-03,2026-02-11,1
E-00196,U-042,Aircraft,Mobility,Apex,2021,Operational,Fair,82.1,2026-07-21,2026-08-18,12
E-00197,U-020,Aircraft,Mobility,Nova,2022,Operational,Good,63.9,2026-05-31,2026-10-11,22
E-00198,U-033,Communications,Surveillance,Orion,2022,Operational,Fair,21.1,2025-08-28,2025-11-20,6
E-00199,U-015,Aircraft,Mobility,Orion,2018,Operational,Poor,86.1,2025-01-13,2025-05-20,1
E-00200,U-012,Sensor,Command,Orion,2019,Limited,Good,97.6,2025-05-11,2025-08-06,4
E-00201,U-042,Vehicle,Mobility,Nova,2025,Operational,Fair,56.0,2025-08-27,2025-10-20,0
E-00202,U-018,Vehicle,Mobility,Nova,2026,Operational,Fair,75.2,2025-03-09,2025-06-06,6
E-00203,U-037,Generator,Power,Apex,2023,Operational,Poor,26.0,2025-06-13,2025-12-09,30
E-00204,U-046,Communications,Command,Orion,2023,Operational,Fair,22.3,2025-04-12,2025-09-21,30
E-00205,U-010,Aircraft,Surveillance,Apex,2017,Operational,Good,49.9,2025-09-19,2026-02-12,19
E-00206,U-051,Generator,Mobility,Orion,2026,Operational,Poor,73.9,2025-07-09,2025-09-11,26
E-00207,U-007,Aircraft,Mobility,Apex,2018,Operational,Fair,50.6,2026-07-01,2026-11-08,6
E-00208,U-045,Vehicle,Surveillance,Apex,2017,Operational,Poor,51.9,2025-08-09,2025-10-11,3
E-00209,U-060,Vehicle,Power,Apex,2021,Operational,Fair,77.7,2025-02-05,2025-03-14,23
E-00210,U-013,Aircraft,Mobility,Apex,2020,Operational,Fair,58.1,2026-07-11,2026-10-19,1
E-00211,U-004,Communications,Command,Orion,2024,Operational,Good,22.1,2026-05-22,2026-10-07,13
E-00212,U-040,Communications,Mobility,Nova,2022,Maintenance,Good,32.8,2025-04-02,2025-05-19,13
E-00213,U-035,Vehicle,Surveillance,Apex,2025,Operational,Fair,59.6,2026-08-03,2026-10-09,7
E-00214,U-002,Generator,Surveillance,Apex,2022,Operational,Good,65.6,2025-11-20,2026-04-29,4
E-00215,U-031,Generator,Power,Apex,2021,Operational,Good,98.7,2026-04-11,2026-06-07,14
E-00216,U-049,Communications,Command,Orion,2017,Operational,Good,71.8,2025-10-28,2025-11-20,9
E-00217,U-022,Aircraft,Power,Apex,2017,Operational,Poor,93.1,2025-08-08,2025-09-01,17
E-00218,U-020,Communications,Surveillance,Nova,2015,Maintenance,Good,74.0,2026-05-01,2026-09-05,22
E-00219,U-021,Communications,Surveillance,Orion,2016,Operational,Poor,57.2,2025-08-19,2025-11-23,35
E-00220,U-002,Generator,Power,Nova,2023,Operational,Fair,29.0,2025-10-04,2025-11-02,8
E-00221,U-007,Vehicle,Power,Nova,2024,Operational,Good,33.7,2026-08-12,2026-12-20,34
E-00222,U-057,Aircraft,Surveillance,Orion,2022,Operational,Poor,54.2,2025-10-20,2026-03-20,26
E-00223,U-009,Sensor,Mobility,Apex,2023,Operational,Poor,41.5,2026-04-20,2026-09-03,16
E-00224,U-002,Sensor,Mobility,Nova,2016,Limited,Poor,22.6,2025-08-25,2025-11-27,8
E-00225,U-006,Vehicle,Mobility,Orion,2024,Operational,Poor,78.1,2025-11-04,2026-04-08,12
E-00226,U-026,Generator,Command,Orion,2023,Operational,Fair,60.8,2025-07-22,2025-10-19,28
E-00227,U-003,Vehicle,Command,Nova,2023,Limited,Fair,45.5,2025-06-11,2025-10-19,11
E-00228,U-010,Vehicle,Command,Apex,2026,Operational,Poor,59.3,2025-06-22,2025-08-18,0
E-00229,U-023,Communications,Command,Apex,2015,Operational,Good,21.5,2025-01-02,2025-06-03,24
E-00230,U-016,Sensor,Command,Nova,2016,Operational,Poor,20.4,2026-02-17,2026-07-19,33
E-00231,U-037,Generator,Mobility,Orion,2015,Operational,Good,66.4,2025-05-05,2025-06-17,24
E-00232,U-037,Communications,Surveillance,Apex,2022,Operational,Poor,86.5,2025-08-29,2026-02-01,29
E-00233,U-048,Vehicle,Power,Orion,2023,Operational,Good,95.4,2026-02-02,2026-07-12,27
E-00234,U-031,Communications,Mobility,Apex,2015,Operational,Poor,85.3,2026-02-02,2026-07-22,32
E-00235,U-018,Sensor,Mobility,Apex,2026,Operational,Good,96.2,2025-09-13,2025-10-24,6
E-00236,U-034,Vehicle,Power,Nova,2019,Operational,Fair,60.1,2025-11-22,2026-05-07,19
E-00237,U-010,Generator,Mobility,Apex,2020,Operational,Good,45.9,2025-07-13,2025-10-02,17
E-00238,U-027,Sensor,Power,Orion,2024,Operational,Poor,67.8,2025-01-31,2025-05-03,17
E-00239,U-056,Sensor,Command,Nova,2015,Operational,Good,24.7,2026-03-19,2026-05-13,17
E-00240,U-057,Aircraft,Mobility,Nova,2023,Operational,Good,93.7,2025-05-23,2025-08-07,32
E-00241,U-029,Communications,Surveillance,Apex,2015,Operational,Poor,47.7,2025-01-02,2025-02-08,31
E-00242,U-017,Sensor,Command,Orion,2025,Operational,Good,52.9,2025-05-20,2025-07-19,14
E-00243,U-023,Vehicle,Power,Apex,2017,Maintenance,Poor,27.6,2025-01-18,2025-06-30,8
E-00244,U-036,Aircraft,Mobility,Nova,2021,Operational,Good,70.3,2025-04-20,2025-08-01,22
E-00245,U-037,Sensor,Mobility,Apex,2015,Operational,Fair,68.1,2025-10-21,2026-01-05,3
E-00246,U-017,Vehicle,Mobility,Apex,2017,Operational,Poor,39.4,2026-02-23,2026-04-20,29
E-00247,U-006,Communications,Command,Apex,2024,Operational,Poor,99.2,2025-04-02,2025-09-29,27
E-00248,U-005,Communications,Mobility,Nova,2019,Operational,Poor,77.2,2025-04-02,2025-04-24,31
E-00249,U-048,Generator,Command,Nova,2019,Operational,Fair,50.5,2026-03-22,2026-04-22,19
E-00250,U-042,Sensor,Surveillance,Apex,2025,Operational,Fair,50.6,2025-05-28,2025-06-23,6
E-00251,U-040,Communications,Mobility,Orion,2022,Operational,Poor,79.5,2025-12-07,2026-06-05,13
E-00252,U-047,Communications,Power,Apex,2020,Operational,Poor,96.9,2026-05-19,2026-06-29,31
E-00253,U-027,Communications,Power,Apex,2026,Limited,Poor,30.1,2025-06-23,2025-11-07,11
E-00254,U-026,Aircraft,Surveillance,Orion,2026,Maintenance,Fair,94.8,2025-01-04,2025-05-06,9
E-00255,U-055,Vehicle,Surveillance,Orion,2023,Operational,Fair,60.9,2025-10-10,2026-01-07,18
E-00256,U-031,Communications,Mobility,Nova,2018,Maintenance,Fair,21.2,2025-03-24,2025-07-27,6
E-00257,U-052,Aircraft,Surveillance,Orion,2017,Limited,Good,38.8,2025-11-07,2026-02-04,13
E-00258,U-020,Sensor,Surveillance,Nova,2017,Operational,Good,32.1,2025-11-11,2026-02-25,27
E-00259,U-054,Communications,Power,Orion,2024,Operational,Good,21.4,2025-12-31,2026-05-02,17
E-00260,U-052,Vehicle,Mobility,Nova,2026,Operational,Poor,59.4,2025-04-01,2025-06-10,34
E-00261,U-036,Communications,Surveillance,Apex,2015,Operational,Poor,54.3,2026-06-28,2026-10-04,14
E-00262,U-022,Aircraft,Command,Nova,2016,Operational,Poor,61.3,2026-05-28,2026-11-14,26
E-00263,U-035,Sensor,Power,Apex,2020,Operational,Good,85.3,2026-02-19,2026-03-22,11
E-00264,U-006,Generator,Command,Nova,2026,Operational,Fair,26.6,2026-01-15,2026-03-23,15
E-00265,U-056,Sensor,Mobility,Orion,2024,Operational,Poor,96.1,2025-05-02,2025-09-07,0
E-00266,U-053,Communications,Mobility,Nova,2026,Operational,Poor,89.8,2026-05-24,2026-09-19,3
E-00267,U-004,Vehicle,Command,Apex,2024,Operational,Fair,64.1,2025-06-17,2025-12-05,3
E-00268,U-006,Vehicle,Mobility,Apex,2019,Operational,Fair,85.1,2025-10-10,2025-12-30,6
E-00269,U-049,Aircraft,Surveillance,Nova,2023,Maintenance,Fair,23.6,2025-04-12,2025-05-28,24
E-00270,U-057,Aircraft,Mobility,Nova,2023,Operational,Fair,27.9,2025-12-30,2026-04-01,29
E-00271,U-053,Generator,Mobility,Nova,2016,Limited,Good,36.5,2025-12-03,2026-04-14,21
E-00272,U-015,Communications,Mobility,Apex,2022,Operational,Good,64.6,2026-06-27,2026-11-07,33
E-00273,U-048,Communications,Surveillance,Nova,2015,Operational,Poor,38.1,2026-04-28,2026-06-15,26
E-00274,U-007,Aircraft,Mobility,Nova,2022,Operational,Good,30.4,2025-01-29,2025-04-10,24
E-00275,U-017,Vehicle,Command,Orion,2020,Maintenance,Good,23.2,2026-05-18,2026-09-22,35
E-00276,U-056,Communications,Power,Nova,2015,Operational,Poor,77.8,2025-01-08,2025-06-17,23
E-00277,U-051,Aircraft,Mobility,Apex,2017,Operational,Poor,40.6,2026-04-22,2026-07-26,12
E-00278,U-052,Sensor,Command,Apex,2016,Operational,Fair,66.8,2025-08-07,2025-12-03,24
E-00279,U-036,Generator,Surveillance,Nova,2022,Operational,Good,51.1,2026-04-12,2026-08-23,22
E-00280,U-005,Communications,Power,Nova,2026,Operational,Good,27.2,2025-05-02,2025-06-05,7
E-00281,U-054,Communications,Surveillance,Apex,2015,Operational,Fair,94.2,2025-11-02,2026-01-16,12
E-00282,U-024,Generator,Command,Orion,2018,Operational,Poor,79.8,2026-06-20,2026-08-07,34
E-00283,U-056,Communications,Power,Nova,2019,Operational,Poor,25.3,2026-08-15,2026-09-10,0
E-00284,U-020,Aircraft,Mobility,Apex,2020,Operational,Good,23.7,2026-03-12,2026-04-26,23
E-00285,U-059,Sensor,Power,Nova,2023,Operational,Fair,75.9,2026-01-22,2026-05-25,15
E-00286,U-015,Generator,Mobility,Apex,2015,Operational,Fair,21.4,2025-08-27,2025-10-16,17
E-00287,U-059,Generator,Command,Orion,2023,Maintenance,Poor,83.0,2026-03-07,2026-04-27,20
E-00288,U-031,Generator,Power,Nova,2016,Operational,Good,63.7,2026-07-20,2026-08-28,28
E-00289,U-059,Vehicle,Command,Apex,2024,Maintenance,Fair,81.2,2025-12-04,2026-04-30,32
E-00290,U-007,Generator,Command,Orion,2025,Operational,Good,81.0,2026-01-06,2026-06-28,29
E-00291,U-011,Vehicle,Command,Orion,2019,Operational,Fair,80.7,2026-01-28,2026-05-22,17
E-00292,U-028,Communications,Mobility,Orion,2016,Maintenance,Fair,28.1,2026-04-25,2026-09-09,13
E-00293,U-004,Vehicle,Power,Orion,2019,Limited,Poor,58.5,2026-04-20,2026-07-07,30
E-00294,U-043,Vehicle,Surveillance,Orion,2019,Operational,Good,62.4,2025-08-10,2025-10-16,28
E-00295,U-019,Aircraft,Power,Nova,2022,Operational,Poor,34.5,2025-11-05,2025-12-07,10
E-00296,U-037,Generator,Surveillance,Nova,2023,Operational,Fair,98.5,2025-12-07,2026-04-21,11
E-00297,U-036,Vehicle,Surveillance,Orion,2021,Limited,Fair,30.9,2025-11-04,2026-03-18,24
E-00298,U-044,Sensor,Mobility,Nova,2018,Operational,Fair,36.7,2025-05-28,2025-11-04,25
E-00299,U-031,Generator,Command,Apex,2023,Operational,Fair,77.8,2025-05-22,2025-10-10,3
E-00300,U-027,Aircraft,Surveillance,Nova,2025,Operational,Good,34.1,2025-09-27,2026-01-10,23
E-00301,U-050,Vehicle,Power,Apex,2025,Operational,Poor,95.5,2025-09-23,2026-03-16,9
E-00302,U-031,Sensor,Mobility,Orion,2024,Operational,Fair,54.3,2026-08-15,2026-11-08,0
E-00303,U-021,Sensor,Surveillance,Apex,2026,Operational,Fair,60.0,2025-11-26,2026-04-13,31
E-00304,U-046,Generator,Command,Orion,2016,Operational,Poor,76.4,2025-12-19,2026-01-15,15
E-00305,U-054,Communications,Command,Orion,2018,Limited,Fair,80.0,2025-09-23,2025-11-15,29
E-00306,U-047,Vehicle,Command,Apex,2025,Operational,Good,58.6,2025-07-04,2025-08-20,4
E-00307,U-054,Sensor,Surveillance,Nova,2016,Maintenance,Fair,28.5,2026-01-15,2026-03-18,3
E-00308,U-050,Aircraft,Power,Apex,2019,Operational,Fair,87.0,2025-06-11,2025-10-12,35
E-00309,U-015,Communications,Mobility,Orion,2024,Operational,Good,36.6,2026-01-19,2026-03-25,11
E-00310,U-002,Aircraft,Mobility,Apex,2019,Operational,Good,74.3,2026-02-28,2026-05-27,31
E-00311,U-054,Sensor,Mobility,Apex,2022,Operational,Fair,90.7,2025-03-04,2025-03-28,13
E-00312,U-052,Communications,Surveillance,Apex,2020,Operational,Poor,20.9,2026-02-14,2026-03-14,18
E-00313,U-038,Communications,Surveillance,Orion,2017,Operational,Fair,93.3,2025-08-02,2025-11-26,14
E-00314,U-055,Communications,Power,Orion,2021,Operational,Good,93.3,2026-03-28,2026-04-18,34
E-00315,U-015,Generator,Power,Apex,2017,Operational,Fair,69.3,2026-02-12,2026-08-07,35
E-00316,U-021,Aircraft,Command,Apex,2022,Operational,Poor,32.6,2025-08-13,2026-01-06,11
E-00317,U-035,Aircraft,Mobility,Orion,2018,Operational,Fair,72.2,2025-06-13,2025-09-17,27
E-00318,U-004,Sensor,Surveillance,Orion,2025,Operational,Fair,85.9,2026-03-17,2026-07-31,10
E-00319,U-036,Communications,Surveillance,Orion,2024,Operational,Poor,70.1,2025-12-31,2026-04-25,1
E-00320,U-029,Aircraft,Surveillance,Orion,2015,Operational,Fair,79.9,2026-06-02,2026-09-23,26
E-00321,U-055,Vehicle,Mobility,Nova,2026,Operational,Good,65.2,2025-06-23,2025-08-25,2
E-00322,U-011,Generator,Power,Apex,2024,Operational,Good,42.4,2025-03-21,2025-08-26,2
E-00323,U-038,Communications,Power,Apex,2018,Operational,Good,33.9,2025-06-27,2025-08-28,15
E-00324,U-023,Communications,Power,Nova,2020,Operational,Fair,88.3,2025-02-11,2025-03-18,7
E-00325,U-040,Generator,Power,Nova,2025,Operational,Good,38.1,2025-12-12,2026-04-14,32
E-00326,U-053,Generator,Command,Nova,2018,Limited,Good,35.4,2026-07-28,2026-09-27,18
E-00327,U-055,Communications,Surveillance,Apex,2015,Operational,Poor,22.1,2026-02-08,2026-07-22,34
E-00328,U-042,Communications,Power,Orion,2016,Operational,Good,90.4,2025-05-06,2025-06-09,28
E-00329,U-050,Generator,Command,Apex,2016,Operational,Good,39.4,2026-02-07,2026-07-04,25
E-00330,U-013,Sensor,Power,Nova,2020,Operational,Fair,32.8,2026-05-08,2026-05-31,24
E-00331,U-012,Aircraft,Command,Orion,2020,Operational,Poor,98.9,2025-04-06,2025-05-21,8
E-00332,U-012,Vehicle,Command,Apex,2022,Operational,Fair,38.6,2026-04-03,2026-08-03,8
E-00333,U-028,Generator,Command,Nova,2023,Operational,Poor,93.4,2026-04-30,2026-07-23,24
E-00334,U-007,Aircraft,Surveillance,Apex,2022,Operational,Good,22.1,2025-01-27,2025-07-12,10
E-00335,U-043,Generator,Command,Orion,2015,Limited,Good,33.3,2025-10-03,2025-11-19,4
E-00336,U-023,Generator,Mobility,Orion,2016,Operational,Fair,36.8,2025-12-06,2026-01-30,6
E-00337,U-038,Communications,Mobility,Nova,2022,Operational,Fair,93.4,2025-11-03,2026-03-21,8
E-00338,U-017,Generator,Power,Apex,2017,Maintenance,Good,60.1,2025-05-10,2025-07-29,16
E-00339,U-041,Vehicle,Command,Nova,2015,Operational,Fair,81.7,2026-07-07,2026-11-27,31
E-00340,U-003,Sensor,Command,Apex,2018,Operational,Good,67.1,2026-05-20,2026-10-29,27
E-00341,U-023,Aircraft,Mobility,Apex,2020,Operational,Fair,77.3,2026-01-02,2026-04-06,27
E-00342,U-018,Generator,Power,Nova,2023,Operational,Poor,35.4,2026-06-17,2026-11-22,10
E-00343,U-050,Sensor,Command,Orion,2017,Operational,Good,79.2,2026-03-24,2026-06-20,25
E-00344,U-031,Communications,Power,Orion,2018,Operational,Poor,90.0,2026-08-22,2026-12-15,5
E-00345,U-051,Aircraft,Command,Apex,2017,Operational,Fair,20.7,2025-06-22,2025-08-08,34
E-00346,U-012,Communications,Power,Orion,2017,Operational,Poor,52.9,2026-02-20,2026-08-09,16
E-00347,U-057,Vehicle,Command,Apex,2018,Operational,Fair,27.0,2025-01-14,2025-06-28,11
E-00348,U-039,Aircraft,Surveillance,Orion,2017,Operational,Poor,55.5,2025-01-14,2025-03-09,26
E-00349,U-026,Generator,Mobility,Nova,2020,Operational,Fair,35.5,2025-09-26,2025-11-02,30
E-00350,U-054,Vehicle,Command,Nova,2016,Operational,Good,79.0,2025-02-10,2025-03-23,14
E-00351,U-016,Aircraft,Command,Apex,2017,Operational,Fair,86.9,2025-07-25,2025-09-06,5
E-00352,U-038,Vehicle,Mobility,Orion,2015,Operational,Poor,31.5,2026-01-27,2026-06-20,2
E-00353,U-021,Sensor,Mobility,Nova,2026,Operational,Fair,86.5,2025-10-15,2025-11-18,30
E-00354,U-028,Generator,Command,Nova,2023,Operational,Poor,95.2,2026-02-05,2026-02-27,0
E-00355,U-037,Sensor,Command,Apex,2019,Operational,Fair,27.2,2025-08-22,2025-12-28,9
E-00356,U-055,Communications,Command,Orion,2016,Operational,Good,71.4,2025-04-24,2025-10-19,16
E-00357,U-019,Generator,Command,Apex,2026,Operational,Good,51.1,2026-03-22,2026-06-20,18
E-00358,U-008,Communications,Surveillance,Orion,2025,Operational,Fair,61.9,2026-04-16,2026-09-05,26
E-00359,U-058,Communications,Power,Nova,2019,Operational,Good,69.9,2026-03-09,2026-04-09,17
E-00360,U-057,Sensor,Power,Orion,2016,Operational,Poor,64.0,2025-03-13,2025-04-07,5
E-00361,U-054,Communications,Command,Orion,2026,Maintenance,Good,23.3,2026-08-02,2026-10-04,18
E-00362,U-036,Generator,Power,Orion,2016,Operational,Fair,33.5,2026-04-01,2026-06-28,22
E-00363,U-028,Aircraft,Surveillance,Nova,2019,Operational,Fair,65.6,2025-07-21,2025-08-12,10
E-00364,U-023,Generator,Command,Orion,2017,Operational,Fair,64.8,2026-07-03,2026-08-02,17
E-00365,U-045,Communications,Surveillance,Nova,2026,Maintenance,Fair,25.1,2025-06-27,2025-07-20,0
E-00366,U-039,Aircraft,Power,Nova,2020,Operational,Fair,79.4,2025-08-21,2025-11-17,11
E-00367,U-006,Communications,Power,Nova,2024,Operational,Good,86.8,2025-10-13,2025-11-10,14
E-00368,U-031,Generator,Surveillance,Apex,2019,Limited,Fair,87.7,2025-03-21,2025-07-24,6
E-00369,U-019,Aircraft,Power,Orion,2018,Operational,Fair,24.1,2026-04-12,2026-08-06,5
E-00370,U-035,Sensor,Power,Orion,2022,Maintenance,Good,74.4,2025-12-26,2026-04-24,14
E-00371,U-026,Generator,Power,Nova,2016,Limited,Poor,49.8,2025-03-10,2025-08-09,2
E-00372,U-004,Sensor,Command,Nova,2016,Operational,Good,82.2,2026-04-09,2026-07-16,21
E-00373,U-003,Sensor,Mobility,Orion,2018,Maintenance,Fair,53.0,2026-07-30,2026-12-06,2
E-00374,U-022,Communications,Surveillance,Orion,2021,Operational,Poor,60.7,2025-08-22,2025-11-04,1
E-00375,U-026,Communications,Mobility,Orion,2022,Maintenance,Poor,83.3,2026-03-27,2026-05-16,35
E-00376,U-060,Communications,Surveillance,Orion,2022,Operational,Poor,71.4,2025-07-07,2025-08-16,1
E-00377,U-050,Aircraft,Surveillance,Orion,2018,Limited,Poor,80.8,2026-04-08,2026-09-28,2
E-00378,U-025,Aircraft,Surveillance,Apex,2019,Maintenance,Poor,85.1,2025-07-30,2025-12-28,32
E-00379,U-049,Vehicle,Power,Nova,2020,Maintenance,Good,87.5,2026-02-14,2026-05-22,8
E-00380,U-009,Vehicle,Power,Nova,2023,Operational,Fair,81.2,2026-04-12,2026-05-21,34
E-00381,U-056,Vehicle,Surveillance,Orion,2018,Operational,Good,87.1,2026-03-30,2026-05-06,25
E-00382,U-049,Vehicle,Surveillance,Apex,2024,Operational,Poor,34.2,2026-08-15,2027-01-12,5
E-00383,U-044,Sensor,Mobility,Nova,2017,Limited,Fair,76.2,2025-06-13,2025-08-24,14
E-00384,U-030,Vehicle,Surveillance,Orion,2024,Operational,Fair,33.7,2026-04-14,2026-10-01,18
E-00385,U-011,Aircraft,Command,Apex,2025,Operational,Good,96.6,2025-07-31,2025-11-05,1
E-00386,U-008,Aircraft,Surveillance,Orion,2015,Operational,Fair,67.9,2026-01-03,2026-02-08,21
E-00387,U-053,Communications,Mobility,Orion,2019,Limited,Poor,62.4,2026-03-26,2026-06-23,14
E-00388,U-036,Communications,Mobility,Nova,2017,Limited,Poor,74.3,2025-10-12,2025-11-20,29
E-00389,U-047,Sensor,Surveillance,Nova,2015,Limited,Fair,70.7,2025-04-25,2025-07-23,14
E-00390,U-044,Aircraft,Mobility,Apex,2021,Operational,Poor,88.1,2025-12-18,2026-06-04,9
E-00391,U-058,Generator,Mobility,Apex,2022,Limited,Good,29.2,2025-04-06,2025-05-09,9
E-00392,U-027,Sensor,Mobility,Apex,2015,Operational,Poor,70.3,2025-02-13,2025-03-13,33
E-00393,U-041,Communications,Surveillance,Apex,2023,Operational,Good,68.1,2026-04-11,2026-08-15,35
E-00394,U-012,Aircraft,Power,Apex,2025,Operational,Good,56.6,2025-11-03,2026-04-04,32
E-00395,U-043,Communications,Surveillance,Nova,2019,Operational,Good,26.0,2026-08-02,2027-01-07,0
E-00396,U-028,Vehicle,Command,Orion,2021,Operational,Fair,30.6,2026-01-30,2026-07-11,2
E-00397,U-034,Communications,Mobility,Orion,2015,Operational,Poor,80.6,2025-01-18,2025-03-23,26
E-00398,U-013,Generator,Command,Orion,2024,Operational,Fair,70.4,2025-10-15,2025-12-21,16
E-00399,U-022,Vehicle,Mobility,Apex,2015,Limited,Poor,79.7,2026-05-12,2026-07-07,19
E-00400,U-011,Sensor,Mobility,Nova,2016,Operational,Good,96.5,2025-08-09,2025-12-24,23
E-00401,U-016,Aircraft,Power,Nova,2022,Operational,Fair,85.8,2025-07-07,2025-08-11,15
E-00402,U-040,Vehicle,Command,Orion,2018,Operational,Fair,45.5,2026-04-05,2026-07-12,2
E-00403,U-023,Sensor,Power,Nova,2016,Operational,Poor,62.6,2025-08-16,2025-12-26,23
E-00404,U-050,Communications,Surveillance,Nova,2019,Operational,Poor,63.7,2025-01-17,2025-03-08,22
E-00405,U-056,Communications,Power,Orion,2026,Maintenance,Fair,52.9,2026-05-26,2026-08-04,8
E-00406,U-015,Sensor,Surveillance,Orion,2024,Operational,Poor,97.6,2025-02-09,2025-06-13,18
E-00407,U-038,Generator,Power,Nova,2022,Operational,Poor,92.4,2025-05-13,2025-07-06,3
E-00408,U-017,Sensor,Command,Apex,2021,Operational,Poor,69.6,2026-06-22,2026-07-14,24
E-00409,U-027,Sensor,Surveillance,Apex,2018,Operational,Fair,50.2,2025-03-16,2025-09-03,9
E-00410,U-038,Communications,Power,Nova,2026,Limited,Fair,89.2,2025-09-11,2026-01-11,35
E-00411,U-033,Sensor,Command,Orion,2021,Maintenance,Good,44.1,2026-05-23,2026-08-14,16
E-00412,U-034,Aircraft,Power,Nova,2018,Operational,Good,46.2,2025-02-20,2025-08-13,33
E-00413,U-048,Communications,Command,Orion,2015,Operational,Good,20.4,2025-03-28,2025-05-04,18
E-00414,U-020,Sensor,Command,Nova,2026,Operational,Poor,95.5,2026-04-23,2026-07-30,14
E-00415,U-055,Aircraft,Mobility,Apex,2019,Operational,Good,21.3,2025-10-19,2026-03-20,31
E-00416,U-021,Sensor,Command,Apex,2024,Operational,Poor,63.2,2026-07-11,2026-10-22,24
E-00417,U-020,Generator,Mobility,Orion,2024,Operational,Poor,71.9,2025-05-19,2025-06-22,33
E-00418,U-012,Communications,Mobility,Nova,2022,Operational,Fair,54.2,2025-12-11,2026-01-26,16
E-00419,U-036,Aircraft,Mobility,Nova,2020,Operational,Fair,62.7,2025-05-09,2025-05-30,5
E-00420,U-031,Vehicle,Surveillance,Nova,2021,Operational,Fair,28.0,2025-09-09,2026-02-10,27
E-00421,U-037,Communications,Power,Apex,2019,Operational,Good,83.6,2026-05-07,2026-08-13,31
E-00422,U-017,Generator,Command,Apex,2025,Operational,Good,58.6,2025-06-17,2025-12-12,20
E-00423,U-055,Vehicle,Mobility,Orion,2022,Operational,Fair,35.7,2025-04-10,2025-06-12,4
E-00424,U-032,Communications,Surveillance,Apex,2024,Operational,Poor,34.3,2025-03-05,2025-04-05,9
E-00425,U-045,Aircraft,Mobility,Nova,2018,Operational,Poor,58.7,2026-08-21,2026-11-02,29
E-00426,U-003,Communications,Power,Orion,2019,Operational,Fair,42.9,2025-11-02,2026-04-26,0
E-00427,U-050,Sensor,Mobility,Orion,2026,Operational,Poor,53.3,2026-05-21,2026-07-12,14
E-00428,U-021,Sensor,Surveillance,Orion,2016,Operational,Poor,25.7,2025-01-06,2025-05-26,2
E-00429,U-059,Vehicle,Surveillance,Nova,2018,Limited,Poor,33.3,2026-01-01,2026-06-07,22
E-00430,U-006,Sensor,Command,Orion,2015,Operational,Poor,85.1,2025-12-27,2026-06-07,22
E-00431,U-033,Generator,Mobility,Nova,2026,Operational,Good,45.7,2025-12-19,2026-05-03,16
E-00432,U-018,Communications,Mobility,Orion,2015,Operational,Poor,59.4,2026-01-10,2026-05-31,0
E-00433,U-004,Aircraft,Command,Apex,2026,Operational,Fair,45.5,2025-01-12,2025-04-21,7
E-00434,U-035,Communications,Command,Apex,2016,Operational,Poor,21.9,2025-01-19,2025-04-02,24
E-00435,U-026,Communications,Power,Nova,2023,Operational,Fair,74.8,2025-02-10,2025-05-12,1
E-00436,U-043,Aircraft,Mobility,Apex,2021,Maintenance,Fair,32.6,2026-07-01,2026-10-15,5
E-00437,U-058,Sensor,Command,Apex,2026,Operational,Good,47.4,2025-10-17,2026-02-20,8
E-00438,U-013,Aircraft,Surveillance,Orion,2019,Operational,Good,60.3,2025-07-14,2025-12-10,3
E-00439,U-049,Vehicle,Surveillance,Apex,2024,Operational,Good,23.3,2026-05-15,2026-07-04,5
E-00440,U-035,Vehicle,Mobility,Apex,2025,Operational,Good,84.9,2025-08-16,2025-12-10,6
E-00441,U-007,Generator,Power,Nova,2015,Operational,Fair,33.0,2026-07-05,2026-11-04,15
E-00442,U-012,Aircraft,Surveillance,Apex,2019,Operational,Fair,83.9,2025-04-25,2025-06-24,9
E-00443,U-002,Aircraft,Surveillance,Nova,2015,Operational,Fair,58.2,2025-08-20,2025-11-17,23
E-00444,U-046,Sensor,Mobility,Nova,2025,Operational,Poor,81.8,2025-10-31,2026-01-09,5
E-00445,U-029,Sensor,Mobility,Nova,2024,Operational,Fair,78.3,2025-10-24,2026-04-09,17
E-00446,U-027,Sensor,Command,Orion,2017,Maintenance,Good,46.1,2026-02-01,2026-07-18,24
E-00447,U-060,Communications,Mobility,Apex,2026,Operational,Fair,25.9,2026-01-08,2026-06-13,19
E-00448,U-002,Sensor,Surveillance,Apex,2018,Operational,Fair,61.4,2026-01-18,2026-02-19,21
E-00449,U-060,Communications,Mobility,Orion,2021,Operational,Good,54.7,2026-02-07,2026-03-01,23
E-00450,U-003,Vehicle,Surveillance,Orion,2015,Operational,Poor,63.6,2026-06-28,2026-08-17,0
E-00451,U-056,Vehicle,Mobility,Apex,2015,Operational,Poor,39.0,2026-08-24,2026-09-20,9
E-00452,U-024,Aircraft,Power,Orion,2017,Operational,Poor,36.0,2025-01-24,2025-06-10,23
E-00453,U-037,Communications,Mobility,Nova,2025,Maintenance,Good,97.5,2026-01-11,2026-02-10,3
E-00454,U-040,Vehicle,Command,Orion,2020,Limited,Fair,94.8,2026-03-17,2026-06-27,16
E-00455,U-052,Vehicle,Power,Orion,2026,Operational,Poor,97.0,2025-05-21,2025-08-21,18
E-00456,U-060,Aircraft,Mobility,Apex,2023,Operational,Good,70.4,2025-08-19,2025-10-08,35
E-00457,U-039,Generator,Command,Orion,2019,Operational,Fair,51.9,2025-12-23,2026-04-25,10
E-00458,U-056,Communications,Mobility,Orion,2024,Operational,Fair,24.2,2026-01-15,2026-05-19,24
E-00459,U-001,Vehicle,Surveillance,Apex,2019,Operational,Poor,53.8,2026-02-23,2026-07-07,0
E-00460,U-019,Sensor,Surveillance,Apex,2017,Maintenance,Good,48.3,2025-06-07,2025-07-13,23
E-00461,U-033,Vehicle,Power,Apex,2025,Operational,Good,25.4,2025-01-28,2025-04-16,5
E-00462,U-028,Generator,Surveillance,Apex,2020,Maintenance,Poor,55.2,2025-04-07,2025-05-12,23
E-00463,U-009,Generator,Mobility,Apex,2018,Operational,Poor,46.1,2025-09-19,2026-01-30,16
E-00464,U-004,Generator,Command,Apex,2025,Operational,Fair,75.6,2025-09-28,2026-02-14,3
E-00465,U-021,Aircraft,Mobility,Nova,2023,Maintenance,Poor,66.0,2025-05-07,2025-09-05,27
E-00466,U-048,Aircraft,Command,Orion,2020,Operational,Fair,90.8,2026-02-19,2026-07-30,15
E-00467,U-013,Generator,Surveillance,Orion,2023,Operational,Good,49.9,2026-05-22,2026-10-08,3
E-00468,U-050,Sensor,Surveillance,Nova,2016,Operational,Poor,41.2,2025-09-06,2025-09-27,6
E-00469,U-037,Vehicle,Power,Orion,2022,Operational,Good,37.4,2025-06-17,2025-08-12,30
E-00470,U-014,Aircraft,Surveillance,Orion,2019,Operational,Good,34.9,2025-08-04,2026-01-14,8
E-00471,U-021,Sensor,Surveillance,Orion,2024,Operational,Poor,72.2,2025-06-17,2025-09-11,10
E-00472,U-029,Aircraft,Command,Apex,2026,Maintenance,Poor,89.4,2025-08-31,2025-10-26,2
E-00473,U-009,Vehicle,Mobility,Orion,2026,Operational,Good,25.2,2025-07-06,2025-12-30,12
E-00474,U-015,Generator,Power,Apex,2018,Operational,Fair,59.6,2026-06-13,2026-07-21,33
E-00475,U-010,Generator,Power,Apex,2020,Operational,Fair,75.2,2026-05-10,2026-07-01,24
E-00476,U-004,Sensor,Mobility,Apex,2023,Maintenance,Good,29.9,2025-11-28,2025-12-18,25
E-00477,U-051,Communications,Command,Apex,2021,Operational,Poor,78.0,2025-09-09,2025-11-06,8
E-00478,U-032,Sensor,Command,Apex,2016,Maintenance,Fair,90.9,2026-04-24,2026-09-20,2
E-00479,U-026,Sensor,Mobility,Orion,2015,Operational,Good,64.7,2025-11-02,2025-12-05,15
E-00480,U-025,Aircraft,Power,Apex,2024,Operational,Poor,83.7,2025-12-10,2026-02-02,18
E-00481,U-006,Generator,Mobility,Apex,2022,Operational,Fair,21.5,2026-04-30,2026-09-08,30
E-00482,U-051,Communications,Surveillance,Orion,2021,Operational,Good,49.7,2026-06-03,2026-06-23,27
E-00483,U-054,Vehicle,Command,Nova,2021,Operational,Good,84.4,2025-01-15,2025-05-06,25
E-00484,U-057,Vehicle,Power,Nova,2022,Operational,Fair,45.2,2026-02-26,2026-07-20,13
E-00485,U-007,Aircraft,Surveillance,Nova,2024,Limited,Poor,76.6,2025-08-11,2026-01-31,4
E-00486,U-017,Vehicle,Power,Orion,2015,Limited,Fair,67.8,2026-03-14,2026-05-26,9
E-00487,U-053,Generator,Command,Apex,2017,Operational,Poor,37.8,2026-03-23,2026-09-10,16
E-00488,U-058,Communications,Mobility,Apex,2026,Operational,Poor,66.9,2025-04-14,2025-09-17,4
E-00489,U-043,Aircraft,Power,Nova,2020,Operational,Good,40.1,2025-12-04,2025-12-25,4
E-00490,U-012,Communications,Command,Apex,2024,Maintenance,Poor,76.3,2026-03-24,2026-06-29,31
E-00491,U-020,Generator,Surveillance,Nova,2022,Operational,Poor,60.3,2025-06-15,2025-11-07,4
E-00492,U-055,Aircraft,Command,Apex,2018,Limited,Fair,62.1,2026-05-29,2026-11-04,30
E-00493,U-004,Generator,Mobility,Orion,2023,Operational,Good,50.8,2026-07-14,2026-08-22,12
E-00494,U-045,Generator,Surveillance,Orion,2022,Operational,Poor,98.4,2026-08-13,2027-02-02,34
E-00495,U-056,Vehicle,Power,Nova,2021,Operational,Poor,55.5,2026-02-05,2026-05-04,24
E-00496,U-013,Vehicle,Surveillance,Apex,2018,Limited,Fair,84.3,2025-09-05,2025-10-07,34
E-00497,U-004,Vehicle,Surveillance,Orion,2017,Operational,Good,27.9,2026-03-04,2026-06-14,22
E-00498,U-058,Aircraft,Surveillance,Orion,2020,Operational,Fair,73.2,2026-04-06,2026-09-06,25
E-00499,U-021,Sensor,Power,Apex,2017,Operational,Fair,57.6,2026-01-03,2026-04-03,0
E-00500,U-001,Aircraft,Surveillance,Orion,2023,Operational,Fair,84.7,2026-01-31,2026-03-25,18
E-00501,U-044,Vehicle,Surveillance,Orion,2020,Operational,Fair,46.0,2026-01-01,2026-03-01,11
E-00502,U-058,Generator,Mobility,Nova,2024,Operational,Poor,57.8,2025-11-06,2026-02-09,0
E-00503,U-010,Aircraft,Surveillance,Nova,2021,Operational,Good,61.0,2025-07-26,2025-10-13,20
E-00504,U-053,Vehicle,Surveillance,Apex,2018,Maintenance,Fair,35.5,2025-02-12,2025-08-10,19
E-00505,U-052,Communications,Surveillance,Apex,2017,Operational,Good,83.8,2025-06-07,2025-09-20,3
E-00506,U-035,Vehicle,Power,Nova,2016,Limited,Good,41.5,2025-08-17,2026-02-01,0
E-00507,U-038,Aircraft,Surveillance,Nova,2022,Operational,Poor,90.2,2025-03-09,2025-05-02,17
E-00508,U-022,Generator,Mobility,Apex,2020,Operational,Fair,68.8,2026-07-23,2026-12-24,0
E-00509,U-020,Sensor,Command,Orion,2021,Operational,Poor,59.4,2025-02-13,2025-07-13,0
E-00510,U-037,Communications,Power,Nova,2015,Operational,Fair,66.8,2026-05-26,2026-11-22,35
E-00511,U-003,Vehicle,Command,Nova,2024,Operational,Fair,41.6,2026-03-19,2026-04-19,14
E-00512,U-006,Aircraft,Command,Orion,2023,Operational,Fair,68.8,2026-06-28,2026-07-22,29
E-00513,U-013,Vehicle,Command,Apex,2024,Operational,Poor,55.2,2025-06-07,2025-10-22,30
E-00514,U-019,Sensor,Power,Nova,2020,Limited,Good,72.5,2026-03-24,2026-04-30,32
E-00515,U-058,Aircraft,Command,Apex,2015,Operational,Poor,61.8,2025-10-01,2025-11-23,20
E-00516,U-051,Aircraft,Power,Apex,2024,Limited,Fair,32.7,2026-02-10,2026-04-27,10
E-00517,U-058,Generator,Surveillance,Nova,2024,Operational,Fair,33.3,2025-02-01,2025-06-08,30
E-00518,U-019,Vehicle,Surveillance,Apex,2026,Limited,Good,50.7,2025-08-03,2025-10-08,13
E-00519,U-043,Vehicle,Mobility,Orion,2023,Operational,Poor,32.0,2026-01-16,2026-03-14,24
E-00520,U-053,Aircraft,Power,Orion,2024,Operational,Poor,67.5,2025-12-15,2026-01-09,26
E-00521,U-060,Communications,Surveillance,Nova,2017,Operational,Good,72.3,2025-08-30,2025-10-19,28
E-00522,U-040,Vehicle,Command,Apex,2018,Limited,Fair,74.3,2026-08-17,2027-01-30,3
E-00523,U-003,Generator,Surveillance,Apex,2025,Operational,Poor,42.4,2025-11-20,2026-04-08,28
E-00524,U-038,Vehicle,Surveillance,Orion,2022,Operational,Fair,45.1,2025-09-23,2026-03-13,33
E-00525,U-005,Aircraft,Mobility,Orion,2026,Limited,Good,57.0,2026-07-08,2026-08-13,22
E-00526,U-038,Sensor,Mobility,Nova,2024,Operational,Fair,49.6,2025-11-25,2026-05-19,24
E-00527,U-011,Communications,Power,Nova,2023,Operational,Fair,52.9,2026-07-18,2026-12-19,1
E-00528,U-056,Sensor,Surveillance,Apex,2017,Operational,Good,67.5,2025-01-18,2025-03-06,11
E-00529,U-008,Vehicle,Mobility,Apex,2024,Operational,Poor,83.1,2025-12-08,2026-05-10,24
E-00530,U-055,Communications,Mobility,Nova,2022,Operational,Good,93.2,2026-06-08,2026-10-05,2
E-00531,U-056,Sensor,Command,Apex,2022,Operational,Good,67.2,2025-02-18,2025-04-15,24
E-00532,U-036,Generator,Surveillance,Nova,2019,Operational,Poor,92.2,2025-08-18,2025-09-18,15
E-00533,U-046,Sensor,Surveillance,Orion,2022,Operational,Poor,69.1,2025-02-15,2025-07-17,14
E-00534,U-013,Sensor,Mobility,Orion,2022,Operational,Good,79.2,2025-12-29,2026-03-02,13
E-00535,U-007,Generator,Mobility,Nova,2020,Operational,Fair,74.1,2025-12-04,2026-01-01,22
E-00536,U-009,Sensor,Command,Nova,2019,Operational,Poor,85.8,2026-06-22,2026-09-17,2
E-00537,U-020,Aircraft,Command,Apex,2016,Operational,Fair,25.1,2026-06-06,2026-10-27,3
E-00538,U-042,Communications,Power,Apex,2018,Operational,Fair,62.9,2025-06-06,2025-10-17,7
E-00539,U-021,Aircraft,Mobility,Nova,2015,Operational,Poor,71.1,2026-07-01,2026-11-13,28
E-00540,U-035,Communications,Power,Nova,2019,Operational,Fair,54.1,2025-05-26,2025-08-28,16
E-00541,U-027,Generator,Mobility,Apex,2021,Maintenance,Poor,88.5,2026-08-12,2026-11-16,1
E-00542,U-005,Communications,Power,Orion,2018,Operational,Fair,60.5,2025-08-12,2025-10-24,7
E-00543,U-023,Sensor,Command,Nova,2026,Maintenance,Poor,31.8,2026-01-10,2026-05-22,14
E-00544,U-007,Aircraft,Command,Nova,2015,Limited,Good,65.2,2026-02-07,2026-03-21,21
E-00545,U-036,Communications,Command,Apex,2017,Operational,Fair,27.2,2025-11-08,2026-03-03,4
E-00546,U-036,Aircraft,Command,Nova,2021,Operational,Fair,21.9,2025-09-18,2026-02-04,13
E-00547,U-020,Sensor,Power,Orion,2017,Operational,Poor,29.8,2026-01-29,2026-07-14,22
E-00548,U-035,Sensor,Power,Nova,2024,Operational,Good,54.0,2025-03-26,2025-08-06,0
E-00549,U-022,Communications,Mobility,Nova,2025,Operational,Good,52.4,2025-06-15,2025-11-23,4
E-00550,U-042,Communications,Power,Orion,2025,Operational,Fair,50.9,2025-04-12,2025-05-16,16
E-00551,U-053,Sensor,Surveillance,Orion,2015,Limited,Poor,99.7,2025-07-28,2026-01-15,8
E-00552,U-035,Communications,Command,Apex,2017,Operational,Fair,96.9,2025-10-23,2026-02-09,1
E-00553,U-037,Vehicle,Command,Orion,2021,Operational,Fair,56.8,2025-07-11,2025-12-31,24
E-00554,U-027,Vehicle,Mobility,Apex,2020,Operational,Poor,51.5,2026-03-22,2026-06-11,17
E-00555,U-012,Communications,Command,Nova,2026,Operational,Good,41.5,2025-05-18,2025-11-04,34
E-00556,U-003,Sensor,Surveillance,Nova,2018,Operational,Fair,59.1,2025-08-02,2026-01-27,1
E-00557,U-007,Aircraft,Mobility,Orion,2017,Maintenance,Poor,44.4,2026-04-09,2026-08-10,7
E-00558,U-018,Aircraft,Command,Apex,2018,Operational,Fair,25.0,2025-01-28,2025-05-05,25
E-00559,U-059,Generator,Command,Orion,2015,Operational,Good,64.0,2026-03-21,2026-06-12,31
E-00560,U-049,Communications,Mobility,Nova,2024,Operational,Fair,78.8,2026-01-24,2026-05-21,21
E-00561,U-023,Sensor,Surveillance,Orion,2019,Operational,Good,43.9,2025-07-07,2025-08-07,1
E-00562,U-014,Vehicle,Command,Nova,2020,Limited,Fair,25.1,2025-11-28,2026-02-09,17
E-00563,U-050,Aircraft,Surveillance,Orion,2017,Operational,Good,62.7,2025-09-19,2026-02-23,14
E-00564,U-037,Sensor,Command,Apex,2016,Operational,Fair,94.0,2025-11-04,2026-02-02,24
E-00565,U-047,Sensor,Power,Nova,2018,Operational,Good,48.6,2026-01-18,2026-03-08,16
E-00566,U-045,Aircraft,Surveillance,Nova,2020,Maintenance,Good,25.1,2026-06-23,2026-07-15,18
E-00567,U-001,Communications,Surveillance,Orion,2025,Operational,Fair,54.0,2025-10-20,2026-03-20,12
E-00568,U-004,Aircraft,Mobility,Apex,2016,Limited,Poor,75.7,2026-01-18,2026-06-09,15
E-00569,U-006,Aircraft,Mobility,Orion,2016,Operational,Good,40.0,2025-07-31,2025-12-08,30
E-00570,U-035,Vehicle,Mobility,Orion,2023,Operational,Good,63.9,2025-06-24,2025-08-07,2
E-00571,U-040,Generator,Surveillance,Orion,2017,Operational,Fair,80.9,2026-06-22,2026-07-25,26
E-00572,U-042,Communications,Surveillance,Nova,2025,Limited,Good,39.6,2025-01-03,2025-02-10,23
E-00573,U-017,Vehicle,Surveillance,Apex,2015,Operational,Good,35.6,2025-07-20,2025-09-25,32
E-00574,U-028,Vehicle,Power,Apex,2017,Operational,Fair,79.3,2025-12-10,2026-01-23,18
E-00575,U-051,Sensor,Surveillance,Orion,2015,Operational,Good,45.2,2025-01-28,2025-04-23,20
E-00576,U-048,Vehicle,Surveillance,Orion,2018,Operational,Good,87.9,2025-01-20,2025-06-21,9
E-00577,U-009,Generator,Mobility,Apex,2020,Operational,Good,89.5,2025-05-20,2025-11-06,8
E-00578,U-012,Generator,Surveillance,Apex,2025,Operational,Good,27.6,2025-02-18,2025-08-14,2
E-00579,U-055,Communications,Power,Nova,2019,Operational,Good,37.9,2025-04-27,2025-06-11,12
E-00580,U-015,Communications,Surveillance,Apex,2018,Operational,Good,39.5,2026-01-08,2026-06-30,16
E-00581,U-022,Generator,Command,Apex,2019,Operational,Good,60.0,2025-10-18,2026-01-22,19
E-00582,U-040,Vehicle,Command,Orion,2024,Maintenance,Poor,54.4,2026-03-15,2026-05-23,17
E-00583,U-012,Generator,Command,Orion,2022,Operational,Poor,73.6,2026-08-21,2027-02-17,15
E-00584,U-018,Communications,Surveillance,Apex,2020,Limited,Fair,86.8,2026-01-05,2026-02-17,21
E-00585,U-045,Sensor,Power,Orion,2024,Operational,Good,41.4,2026-01-28,2026-05-27,10
E-00586,U-024,Vehicle,Surveillance,Orion,2019,Operational,Good,41.3,2026-06-08,2026-09-30,14
E-00587,U-016,Generator,Command,Orion,2022,Operational,Fair,93.9,2026-08-19,2026-12-17,27
E-00588,U-047,Generator,Command,Nova,2024,Operational,Poor,75.2,2025-08-27,2025-12-29,8
E-00589,U-049,Communications,Command,Orion,2018,Limited,Poor,80.4,2025-12-14,2026-04-12,31
E-00590,U-060,Vehicle,Power,Orion,2016,Operational,Good,71.3,2025-11-01,2026-03-08,12
E-00591,U-048,Generator,Power,Apex,2025,Limited,Fair,52.9,2025-08-18,2025-11-30,32
E-00592,U-048,Aircraft,Mobility,Orion,2016,Operational,Fair,78.5,2025-09-10,2025-11-06,18
E-00593,U-037,Aircraft,Mobility,Orion,2016,Maintenance,Fair,88.8,2025-08-31,2026-01-26,5
E-00594,U-007,Communications,Surveillance,Apex,2015,Operational,Good,21.8,2026-06-12,2026-08-24,30
E-00595,U-009,Sensor,Command,Apex,2016,Operational,Fair,62.9,2025-03-02,2025-07-08,30
E-00596,U-036,Communications,Surveillance,Nova,2019,Operational,Poor,36.6,2026-07-24,2026-09-15,7
E-00597,U-019,Aircraft,Power,Orion,2021,Operational,Good,45.9,2025-07-21,2025-10-20,9
E-00598,U-048,Generator,Power,Orion,2018,Operational,Good,67.8,2026-02-02,2026-06-19,8
E-00599,U-048,Communications,Surveillance,Nova,2019,Operational,Poor,87.7,2025-01-12,2025-02-21,7
E-00600,U-012,Generator,Surveillance,Apex,2024,Operational,Fair,56.1,2026-01-28,2026-02-23,26
E-00601,U-044,Communications,Power,Apex,2024,Limited,Good,22.6,2025-08-18,2025-12-15,6
E-00602,U-011,Vehicle,Mobility,Orion,2026,Operational,Good,65.4,2026-08-08,2026-11-05,2
E-00603,U-049,Communications,Command,Orion,2019,Operational,Good,58.1,2025-07-19,2025-11-23,30
E-00604,U-043,Aircraft,Mobility,Orion,2015,Operational,Poor,63.6,2025-10-08,2026-01-03,5
E-00605,U-047,Sensor,Surveillance,Nova,2018,Operational,Good,25.9,2025-03-14,2025-06-06,34
E-00606,U-006,Vehicle,Power,Nova,2025,Operational,Poor,67.2,2026-02-15,2026-03-28,1
E-00607,U-004,Vehicle,Command,Nova,2023,Operational,Fair,88.3,2025-06-15,2025-08-04,25
E-00608,U-059,Vehicle,Mobility,Apex,2019,Limited,Good,29.8,2025-02-03,2025-04-15,16
E-00609,U-033,Aircraft,Power,Apex,2015,Operational,Good,45.5,2025-11-06,2025-12-15,27
E-00610,U-004,Vehicle,Surveillance,Nova,2016,Maintenance,Good,93.7,2026-08-03,2026-11-28,3
E-00611,U-006,Vehicle,Mobility,Orion,2016,Operational,Good,90.2,2026-05-08,2026-06-22,19
E-00612,U-060,Generator,Surveillance,Nova,2015,Operational,Good,97.7,2025-05-19,2025-10-19,35
E-00613,U-052,Vehicle,Mobility,Apex,2023,Operational,Fair,88.1,2025-10-24,2026-01-28,20
E-00614,U-009,Aircraft,Command,Orion,2022,Maintenance,Poor,49.5,2025-03-18,2025-07-13,18
E-00615,U-056,Aircraft,Mobility,Apex,2023,Operational,Good,23.0,2025-07-12,2025-12-06,19
E-00616,U-040,Vehicle,Power,Apex,2018,Operational,Poor,32.1,2026-01-24,2026-05-13,18
E-00617,U-057,Communications,Mobility,Orion,2018,Operational,Fair,24.1,2025-03-19,2025-09-07,27
E-00618,U-043,Vehicle,Surveillance,Nova,2019,Operational,Fair,47.0,2026-02-02,2026-05-15,11
E-00619,U-049,Vehicle,Mobility,Apex,2025,Maintenance,Fair,42.6,2025-11-16,2025-12-22,29
E-00620,U-038,Aircraft,Power,Orion,2021,Limited,Poor,42.6,2025-10-10,2026-03-24,14
E-00621,U-004,Vehicle,Power,Orion,2022,Operational,Fair,95.1,2026-01-14,2026-05-16,13
E-00622,U-024,Generator,Command,Apex,2022,Operational,Poor,78.0,2026-06-01,2026-10-15,9
E-00623,U-025,Generator,Surveillance,Orion,2015,Operational,Fair,50.6,2025-05-17,2025-06-08,30
E-00624,U-002,Generator,Power,Apex,2018,Operational,Good,98.9,2025-03-26,2025-07-20,32
E-00625,U-042,Generator,Mobility,Nova,2023,Operational,Fair,82.2,2025-07-04,2025-08-19,0
E-00626,U-001,Aircraft,Mobility,Nova,2019,Operational,Good,58.9,2026-02-23,2026-07-30,9
E-00627,U-001,Communications,Command,Nova,2026,Maintenance,Good,29.7,2026-02-22,2026-04-24,8
E-00628,U-015,Communications,Command,Apex,2023,Operational,Good,42.7,2026-07-20,2026-12-24,17
E-00629,U-031,Aircraft,Command,Orion,2024,Operational,Poor,67.6,2025-06-09,2025-07-07,0
E-00630,U-018,Aircraft,Power,Orion,2024,Operational,Good,38.3,2025-02-09,2025-03-27,7
E-00631,U-060,Vehicle,Power,Apex,2020,Operational,Fair,94.2,2025-12-22,2026-02-22,33
E-00632,U-038,Sensor,Power,Apex,2025,Operational,Poor,94.9,2025-01-08,2025-04-30,31
E-00633,U-036,Aircraft,Command,Apex,2017,Operational,Poor,21.4,2026-04-21,2026-05-29,1
E-00634,U-058,Aircraft,Power,Nova,2020,Operational,Good,44.1,2025-04-15,2025-10-08,21
E-00635,U-056,Vehicle,Power,Orion,2022,Operational,Poor,52.8,2026-06-07,2026-10-21,18
E-00636,U-047,Vehicle,Command,Apex,2025,Operational,Poor,73.9,2026-07-18,2027-01-10,14
E-00637,U-002,Generator,Surveillance,Nova,2025,Operational,Poor,97.4,2025-08-16,2025-11-02,29
E-00638,U-036,Vehicle,Command,Nova,2024,Operational,Poor,92.4,2025-05-30,2025-10-10,16
E-00639,U-060,Aircraft,Mobility,Orion,2020,Operational,Poor,45.9,2026-02-17,2026-06-05,31
E-00640,U-051,Generator,Mobility,Nova,2019,Operational,Good,66.1,2026-08-09,2026-08-29,26
E-00641,U-039,Vehicle,Power,Orion,2017,Operational,Poor,68.6,2026-08-04,2027-01-10,27
E-00642,U-001,Vehicle,Surveillance,Orion,2021,Operational,Fair,39.2,2025-03-10,2025-07-23,17
E-00643,U-024,Vehicle,Surveillance,Orion,2017,Maintenance,Fair,53.1,2025-02-14,2025-05-02,26
E-00644,U-043,Generator,Mobility,Apex,2020,Limited,Good,70.8,2025-03-12,2025-08-10,17
E-00645,U-013,Aircraft,Command,Nova,2024,Maintenance,Fair,43.7,2026-02-13,2026-05-21,29
E-00646,U-050,Generator,Mobility,Nova,2019,Maintenance,Poor,34.7,2025-07-04,2025-08-29,16
E-00647,U-012,Aircraft,Mobility,Apex,2019,Operational,Good,56.3,2025-11-05,2025-12-27,19
E-00648,U-008,Communications,Surveillance,Nova,2016,Operational,Fair,62.8,2025-12-17,2026-03-27,29
E-00649,U-019,Communications,Surveillance,Nova,2021,Operational,Good,33.0,2026-01-29,2026-04-01,23
E-00650,U-029,Communications,Command,Nova,2017,Operational,Poor,83.6,2025-09-02,2026-02-22,18
E-00651,U-023,Vehicle,Power,Nova,2023,Operational,Good,62.0,2025-08-16,2025-11-01,2
E-00652,U-018,Aircraft,Surveillance,Orion,2017,Operational,Poor,69.4,2025-05-24,2025-07-06,28
E-00653,U-011,Generator,Command,Nova,2017,Operational,Good,22.1,2026-05-13,2026-06-24,26
E-00654,U-030,Vehicle,Power,Nova,2018,Limited,Poor,34.1,2025-07-01,2025-11-01,24
E-00655,U-039,Vehicle,Surveillance,Apex,2017,Operational,Fair,80.1,2026-05-02,2026-07-16,7
E-00656,U-054,Communications,Mobility,Orion,2023,Operational,Fair,20.6,2026-08-24,2026-10-21,2
E-00657,U-027,Vehicle,Mobility,Nova,2018,Operational,Poor,39.5,2026-08-23,2026-12-16,14
E-00658,U-032,Aircraft,Mobility,Apex,2015,Maintenance,Poor,21.7,2025-03-28,2025-09-12,21
E-00659,U-028,Communications,Command,Orion,2021,Operational,Poor,77.4,2026-01-21,2026-04-22,31
E-00660,U-005,Generator,Power,Apex,2026,Limited,Fair,66.3,2026-01-13,2026-07-11,9
E-00661,U-015,Generator,Command,Apex,2026,Operational,Good,26.6,2025-10-20,2026-02-15,29
E-00662,U-030,Generator,Power,Orion,2019,Limited,Fair,78.7,2025-03-19,2025-06-09,28
E-00663,U-001,Generator,Command,Nova,2024,Operational,Poor,93.0,2025-10-30,2025-12-09,28
E-00664,U-032,Sensor,Power,Apex,2020,Operational,Good,72.7,2026-03-07,2026-07-12,4
E-00665,U-009,Communications,Mobility,Nova,2025,Operational,Fair,58.1,2026-08-13,2026-09-16,26
E-00666,U-043,Communications,Command,Apex,2016,Operational,Poor,29.1,2025-03-03,2025-07-23,35
E-00667,U-044,Sensor,Surveillance,Nova,2021,Maintenance,Good,46.8,2025-01-25,2025-03-20,9
E-00668,U-013,Aircraft,Power,Nova,2017,Maintenance,Good,89.5,2025-05-07,2025-08-31,33
E-00669,U-047,Generator,Surveillance,Apex,2022,Operational,Good,26.7,2026-06-09,2026-08-06,19
E-00670,U-013,Vehicle,Command,Orion,2020,Operational,Good,65.6,2025-02-11,2025-07-18,9
E-00671,U-056,Communications,Command,Orion,2021,Operational,Fair,68.0,2025-03-16,2025-09-12,32
E-00672,U-055,Aircraft,Command,Apex,2022,Operational,Poor,77.1,2026-01-25,2026-03-12,31
E-00673,U-043,Sensor,Surveillance,Orion,2024,Limited,Good,90.6,2025-07-26,2025-11-10,13
E-00674,U-059,Vehicle,Mobility,Apex,2019,Limited,Poor,89.7,2025-05-23,2025-09-19,22
E-00675,U-011,Generator,Command,Orion,2022,Operational,Good,89.7,2026-02-07,2026-06-01,4
E-00676,U-052,Communications,Power,Orion,2020,Operational,Good,97.0,2026-05-15,2026-08-06,31
E-00677,U-054,Generator,Surveillance,Nova,2022,Operational,Fair,40.8,2026-02-06,2026-06-18,32
E-00678,U-019,Communications,Power,Nova,2019,Operational,Poor,49.4,2025-06-13,2025-08-02,1
E-00679,U-020,Generator,Mobility,Orion,2024,Operational,Good,97.7,2025-05-22,2025-09-26,20
E-00680,U-025,Vehicle,Command,Nova,2015,Limited,Fair,81.3,2025-12-08,2026-04-21,26
E-00681,U-046,Aircraft,Command,Nova,2020,Maintenance,Poor,21.7,2025-07-03,2025-11-12,13
E-00682,U-017,Vehicle,Command,Nova,2016,Operational,Fair,55.0,2025-05-22,2025-09-14,0
E-00683,U-012,Generator,Surveillance,Orion,2023,Operational,Poor,94.8,2025-07-20,2025-08-10,18
E-00684,U-059,Aircraft,Surveillance,Apex,2020,Operational,Good,89.1,2026-05-20,2026-08-22,3
E-00685,U-030,Communications,Command,Apex,2019,Operational,Fair,64.4,2025-07-28,2025-09-22,15
E-00686,U-013,Vehicle,Power,Orion,2016,Maintenance,Poor,93.8,2025-06-09,2025-10-31,25
E-00687,U-050,Sensor,Command,Orion,2025,Maintenance,Good,73.7,2025-01-13,2025-06-15,27
E-00688,U-013,Vehicle,Command,Apex,2015,Operational,Good,91.3,2025-04-26,2025-09-25,18
E-00689,U-033,Sensor,Power,Nova,2018,Operational,Good,99.4,2025-05-10,2025-07-23,27
E-00690,U-055,Sensor,Mobility,Nova,2017,Maintenance,Poor,63.2,2026-08-14,2026-12-15,31
E-00691,U-047,Sensor,Mobility,Orion,2025,Operational,Poor,40.3,2025-07-31,2025-11-01,27
E-00692,U-057,Aircraft,Power,Orion,2019,Operational,Poor,77.2,2025-01-25,2025-02-27,7
E-00693,U-056,Generator,Power,Apex,2024,Operational,Good,49.9,2025-05-30,2025-06-19,4
E-00694,U-007,Sensor,Mobility,Orion,2020,Operational,Poor,77.2,2025-10-26,2025-11-30,34
E-00695,U-057,Aircraft,Mobility,Orion,2019,Operational,Poor,25.5,2025-08-10,2025-11-10,3
E-00696,U-018,Generator,Surveillance,Orion,2023,Operational,Fair,26.1,2025-03-07,2025-05-20,21
E-00697,U-013,Generator,Command,Orion,2019,Limited,Fair,45.6,2025-04-16,2025-09-12,3
E-00698,U-013,Vehicle,Surveillance,Nova,2020,Operational,Fair,42.5,2025-01-13,2025-03-02,31
E-00699,U-054,Generator,Mobility,Apex,2024,Maintenance,Good,32.4,2026-07-17,2026-12-02,6
E-00700,U-026,Communications,Surveillance,Nova,2016,Limited,Fair,27.5,2026-07-27,2026-11-17,33
E-00701,U-060,Aircraft,Surveillance,Apex,2016,Operational,Poor,65.7,2026-03-11,2026-07-07,28
E-00702,U-023,Communications,Command,Orion,2016,Limited,Fair,89.6,2025-07-26,2025-11-05,1
E-00703,U-022,Generator,Command,Orion,2020,Limited,Poor,63.1,2025-08-01,2026-01-18,22
E-00704,U-028,Communications,Power,Apex,2020,Operational,Good,99.0,2026-03-27,2026-09-11,32
E-00705,U-011,Sensor,Surveillance,Nova,2017,Operational,Good,57.4,2025-06-13,2025-11-03,21
E-00706,U-036,Generator,Power,Orion,2021,Operational,Poor,58.8,2025-03-10,2025-05-22,0
E-00707,U-053,Communications,Power,Apex,2017,Operational,Fair,34.3,2025-01-07,2025-05-05,27
E-00708,U-038,Generator,Power,Apex,2025,Limited,Fair,84.9,2025-08-16,2025-09-20,10
E-00709,U-021,Generator,Power,Orion,2016,Operational,Good,20.4,2026-06-15,2026-11-21,29
E-00710,U-053,Aircraft,Surveillance,Apex,2026,Operational,Good,71.1,2025-01-08,2025-03-26,35
E-00711,U-056,Sensor,Surveillance,Orion,2026,Operational,Good,29.7,2026-05-11,2026-10-06,18
E-00712,U-009,Sensor,Surveillance,Apex,2015,Operational,Poor,24.9,2025-05-12,2025-09-22,5
E-00713,U-010,Communications,Power,Apex,2018,Operational,Fair,74.0,2025-02-19,2025-07-14,13
E-00714,U-057,Sensor,Surveillance,Orion,2016,Operational,Poor,86.7,2025-12-24,2026-05-02,7
E-00715,U-044,Sensor,Power,Nova,2024,Maintenance,Fair,48.0,2025-04-21,2025-08-21,25
E-00716,U-050,Generator,Mobility,Nova,2024,Maintenance,Poor,74.5,2026-02-21,2026-07-25,15
E-00717,U-013,Vehicle,Mobility,Nova,2026,Operational,Fair,32.2,2025-09-30,2025-12-31,8
E-00718,U-044,Communications,Surveillance,Nova,2018,Operational,Poor,34.6,2026-01-09,2026-02-20,4
E-00719,U-049,Aircraft,Mobility,Orion,2015,Operational,Fair,75.5,2025-09-07,2026-01-27,15
E-00720,U-027,Generator,Surveillance,Nova,2024,Operational,Good,26.6,2025-04-27,2025-08-09,2
E-00721,U-048,Vehicle,Surveillance,Nova,2017,Operational,Fair,20.7,2025-02-14,2025-07-13,2
E-00722,U-009,Aircraft,Command,Nova,2019,Operational,Fair,92.8,2025-12-24,2026-06-15,29
E-00723,U-056,Communications,Power,Orion,2023,Limited,Poor,77.1,2025-07-28,2025-11-16,31
E-00724,U-058,Vehicle,Power,Nova,2021,Operational,Fair,65.6,2025-07-11,2025-10-03,24
E-00725,U-016,Sensor,Power,Nova,2018,Limited,Good,21.8,2026-02-28,2026-05-12,5
E-00726,U-032,Sensor,Power,Apex,2023,Operational,Good,44.8,2026-02-22,2026-07-29,21
E-00727,U-017,Communications,Power,Apex,2015,Operational,Good,75.1,2026-05-26,2026-07-21,1
E-00728,U-035,Vehicle,Power,Nova,2026,Operational,Fair,83.2,2025-02-20,2025-06-01,5
E-00729,U-038,Generator,Power,Apex,2017,Operational,Fair,90.2,2026-07-27,2026-11-26,12
E-00730,U-047,Communications,Power,Orion,2025,Operational,Good,50.5,2025-07-22,2025-10-01,0
E-00731,U-006,Vehicle,Mobility,Nova,2024,Operational,Poor,38.8,2025-02-28,2025-08-08,28
E-00732,U-034,Generator,Mobility,Apex,2023,Operational,Poor,98.6,2025-01-04,2025-03-24,21
E-00733,U-045,Generator,Command,Nova,2025,Operational,Good,69.7,2025-03-08,2025-05-25,3
E-00734,U-060,Sensor,Surveillance,Orion,2016,Operational,Good,81.6,2025-08-14,2025-12-12,10
E-00735,U-035,Vehicle,Command,Apex,2025,Operational,Poor,54.3,2026-06-09,2026-07-16,22
E-00736,U-055,Generator,Surveillance,Apex,2020,Operational,Poor,37.6,2026-04-15,2026-05-27,2
E-00737,U-023,Communications,Mobility,Nova,2021,Limited,Fair,94.4,2025-08-06,2026-01-27,28
E-00738,U-040,Communications,Mobility,Nova,2024,Limited,Good,79.8,2025-10-25,2025-12-19,27
E-00739,U-039,Sensor,Power,Nova,2015,Operational,Poor,28.3,2026-05-01,2026-09-22,27
E-00740,U-031,Sensor,Surveillance,Orion,2017,Operational,Poor,62.5,2026-06-06,2026-08-20,26
E-00741,U-060,Aircraft,Power,Apex,2016,Operational,Poor,72.4,2026-03-19,2026-05-19,29
E-00742,U-060,Aircraft,Command,Apex,2021,Operational,Fair,54.8,2025-06-26,2025-11-24,32
E-00743,U-001,Sensor,Mobility,Orion,2020,Operational,Good,35.0,2026-04-04,2026-09-25,34
E-00744,U-039,Generator,Command,Orion,2024,Operational,Poor,28.5,2026-04-20,2026-07-31,21
E-00745,U-040,Sensor,Command,Orion,2020,Maintenance,Poor,86.9,2026-05-07,2026-09-01,18
E-00746,U-002,Aircraft,Power,Nova,2023,Limited,Good,45.4,2025-07-12,2025-08-19,18
E-00747,U-008,Sensor,Power,Orion,2023,Maintenance,Poor,35.1,2025-04-22,2025-05-29,8
E-00748,U-038,Generator,Mobility,Nova,2023,Operational,Fair,26.4,2026-02-10,2026-03-31,19
E-00749,U-034,Vehicle,Power,Apex,2015,Operational,Poor,68.3,2025-02-10,2025-05-08,17
E-00750,U-039,Sensor,Surveillance,Orion,2025,Operational,Fair,99.4,2026-06-20,2026-12-17,14
E-00751,U-042,Aircraft,Command,Apex,2016,Operational,Good,78.5,2025-05-25,2025-07-22,21
E-00752,U-041,Aircraft,Surveillance,Nova,2015,Operational,Fair,42.0,2025-03-07,2025-08-20,1
E-00753,U-026,Communications,Command,Apex,2018,Operational,Fair,68.4,2025-06-02,2025-07-22,35
E-00754,U-002,Vehicle,Mobility,Orion,2025,Operational,Good,21.6,2025-06-22,2025-08-15,16
E-00755,U-051,Sensor,Command,Orion,2026,Operational,Poor,56.1,2026-01-30,2026-04-21,30
E-00756,U-051,Generator,Surveillance,Nova,2016,Operational,Poor,81.0,2025-01-26,2025-05-04,25
E-00757,U-043,Sensor,Power,Apex,2026,Operational,Fair,63.4,2026-02-22,2026-07-18,13
E-00758,U-024,Generator,Command,Orion,2020,Operational,Poor,25.2,2025-09-17,2026-01-12,27
E-00759,U-058,Sensor,Power,Nova,2018,Limited,Poor,79.8,2026-07-04,2026-09-30,32
E-00760,U-013,Communications,Power,Nova,2023,Operational,Fair,70.4,2026-07-30,2026-12-03,31
E-00761,U-014,Generator,Power,Apex,2017,Operational,Good,88.9,2026-02-06,2026-06-23,30
E-00762,U-024,Vehicle,Power,Apex,2017,Limited,Poor,52.7,2026-04-28,2026-10-21,35
E-00763,U-014,Communications,Surveillance,Nova,2026,Operational,Fair,89.3,2025-11-04,2025-12-02,22
E-00764,U-002,Vehicle,Power,Nova,2015,Operational,Poor,34.0,2025-11-23,2026-02-19,25
E-00765,U-030,Vehicle,Surveillance,Apex,2019,Operational,Good,93.4,2025-01-09,2025-07-02,12
E-00766,U-037,Sensor,Command,Nova,2022,Operational,Good,87.6,2026-04-24,2026-10-12,20
E-00767,U-018,Communications,Mobility,Apex,2021,Operational,Good,46.8,2025-01-05,2025-04-24,7
E-00768,U-023,Vehicle,Power,Orion,2015,Operational,Poor,34.8,2025-05-16,2025-10-26,6
E-00769,U-020,Communications,Mobility,Apex,2022,Operational,Poor,41.2,2025-12-18,2026-03-07,14
E-00770,U-049,Communications,Mobility,Nova,2026,Maintenance,Good,28.9,2025-12-05,2026-02-24,22
E-00771,U-037,Communications,Surveillance,Orion,2017,Operational,Fair,85.4,2025-10-09,2025-12-06,35
E-00772,U-028,Generator,Mobility,Nova,2015,Operational,Poor,49.1,2025-07-07,2025-09-22,33
E-00773,U-013,Generator,Power,Orion,2016,Limited,Fair,70.6,2025-12-25,2026-05-04,2
E-00774,U-052,Communications,Power,Apex,2016,Operational,Fair,73.2,2026-08-22,2026-11-27,22
E-00775,U-054,Communications,Surveillance,Nova,2015,Operational,Fair,30.9,2025-11-17,2026-01-23,34
E-00776,U-055,Sensor,Command,Apex,2022,Operational,Fair,50.8,2026-03-02,2026-04-26,5
E-00777,U-043,Generator,Surveillance,Nova,2026,Operational,Poor,33.3,2026-05-03,2026-09-08,16
E-00778,U-057,Sensor,Mobility,Nova,2019,Operational,Poor,29.5,2025-06-27,2025-11-07,25
E-00779,U-011,Sensor,Command,Apex,2024,Operational,Fair,39.2,2025-03-02,2025-05-21,21
E-00780,U-005,Vehicle,Power,Orion,2015,Operational,Poor,46.4,2026-05-21,2026-11-14,34
E-00781,U-010,Sensor,Command,Nova,2016,Operational,Good,96.2,2026-03-05,2026-05-19,17
E-00782,U-051,Aircraft,Mobility,Orion,2023,Operational,Fair,88.0,2026-06-28,2026-08-10,18
E-00783,U-042,Communications,Power,Nova,2018,Operational,Fair,43.8,2025-02-28,2025-03-31,9
E-00784,U-036,Vehicle,Command,Orion,2017,Operational,Fair,48.9,2025-09-01,2025-12-24,28
E-00785,U-025,Aircraft,Mobility,Apex,2026,Maintenance,Fair,43.4,2025-07-09,2025-08-04,18
E-00786,U-041,Vehicle,Command,Nova,2019,Operational,Good,54.9,2025-07-18,2026-01-11,23
E-00787,U-015,Communications,Surveillance,Orion,2016,Operational,Poor,71.4,2025-02-09,2025-05-22,1
E-00788,U-027,Vehicle,Surveillance,Nova,2017,Operational,Fair,92.3,2026-08-22,2026-12-06,4
E-00789,U-059,Communications,Mobility,Orion,2017,Maintenance,Poor,69.2,2025-08-07,2025-09-09,32
E-00790,U-032,Communications,Mobility,Nova,2023,Operational,Good,51.8,2025-06-09,2025-07-18,20
E-00791,U-029,Sensor,Surveillance,Apex,2015,Operational,Fair,31.0,2026-04-17,2026-09-15,28
E-00792,U-032,Generator,Power,Nova,2026,Operational,Poor,87.2,2026-03-29,2026-05-08,23
E-00793,U-056,Generator,Power,Orion,2015,Operational,Good,84.7,2025-02-27,2025-05-03,0
E-00794,U-009,Communications,Surveillance,Nova,2024,Operational,Good,91.0,2026-06-18,2026-09-25,22
E-00795,U-057,Aircraft,Power,Nova,2021,Operational,Fair,80.9,2025-06-24,2025-07-26,15
E-00796,U-042,Vehicle,Command,Orion,2021,Operational,Poor,75.2,2025-10-06,2026-01-23,19
E-00797,U-041,Communications,Command,Orion,2023,Operational,Poor,27.7,2026-07-04,2026-08-12,15
E-00798,U-054,Sensor,Command,Apex,2015,Limited,Fair,28.0,2025-05-16,2025-08-06,17
E-00799,U-025,Aircraft,Power,Apex,2017,Operational,Good,27.9,2025-04-13,2025-09-17,35
E-00800,U-011,Communications,Mobility,Nova,2026,Operational,Good,74.8,2025-08-30,2025-10-08,24
E-00801,U-034,Communications,Surveillance,Apex,2018,Operational,Poor,65.2,2026-02-25,2026-04-08,30
E-00802,U-016,Sensor,Power,Nova,2022,Operational,Fair,58.6,2025-01-13,2025-02-13,2
E-00803,U-002,Vehicle,Power,Nova,2026,Operational,Good,82.4,2025-05-13,2025-10-01,0
E-00804,U-030,Communications,Power,Nova,2020,Operational,Good,83.6,2026-03-21,2026-08-24,20
E-00805,U-007,Sensor,Mobility,Nova,2020,Operational,Good,81.2,2025-08-10,2026-01-26,5
E-00806,U-040,Generator,Power,Orion,2021,Operational,Poor,57.8,2025-11-08,2026-05-04,25
E-00807,U-023,Vehicle,Command,Orion,2021,Operational,Fair,26.3,2026-02-03,2026-06-15,28
E-00808,U-047,Aircraft,Surveillance,Apex,2021,Operational,Good,66.8,2026-05-29,2026-09-28,6
E-00809,U-009,Sensor,Command,Apex,2020,Operational,Fair,59.6,2026-01-26,2026-06-12,6
E-00810,U-013,Sensor,Power,Apex,2017,Limited,Poor,31.2,2026-06-22,2026-09-23,24
E-00811,U-005,Sensor,Surveillance,Apex,2022,Operational,Fair,36.4,2025-11-01,2026-01-15,0
E-00812,U-019,Sensor,Surveillance,Apex,2025,Operational,Fair,33.9,2025-03-15,2025-04-30,23
E-00813,U-012,Communications,Mobility,Nova,2021,Operational,Poor,79.0,2026-06-08,2026-08-20,26
E-00814,U-017,Generator,Surveillance,Orion,2021,Maintenance,Poor,98.2,2025-01-28,2025-05-27,32
E-00815,U-058,Communications,Surveillance,Nova,2023,Maintenance,Good,20.2,2025-01-23,2025-04-24,34
E-00816,U-015,Sensor,Command,Nova,2016,Maintenance,Fair,66.1,2025-08-22,2025-10-27,9
E-00817,U-050,Sensor,Mobility,Orion,2020,Operational,Poor,37.8,2025-06-21,2025-07-27,2
E-00818,U-059,Sensor,Command,Nova,2016,Operational,Good,63.5,2025-02-21,2025-04-25,8
E-00819,U-033,Sensor,Mobility,Nova,2018,Operational,Good,27.0,2025-10-15,2025-12-03,28
E-00820,U-045,Sensor,Power,Nova,2022,Operational,Poor,69.0,2025-02-24,2025-07-27,16
E-00821,U-054,Aircraft,Surveillance,Nova,2024,Maintenance,Good,45.3,2025-10-19,2025-12-12,6
E-00822,U-032,Generator,Surveillance,Orion,2021,Operational,Fair,61.3,2025-04-24,2025-06-07,35
E-00823,U-040,Vehicle,Surveillance,Apex,2022,Limited,Good,70.5,2025-04-15,2025-07-24,26
E-00824,U-056,Sensor,Command,Apex,2017,Operational,Poor,56.9,2025-04-07,2025-07-29,22
E-00825,U-029,Vehicle,Surveillance,Nova,2019,Operational,Poor,52.8,2026-03-01,2026-07-23,35
E-00826,U-033,Aircraft,Command,Nova,2026,Operational,Poor,67.2,2025-04-01,2025-09-16,3
E-00827,U-026,Vehicle,Mobility,Apex,2025,Limited,Good,60.0,2025-06-20,2025-10-27,31
E-00828,U-023,Vehicle,Surveillance,Apex,2026,Operational,Good,53.7,2025-06-25,2025-08-14,15
E-00829,U-005,Generator,Power,Nova,2015,Maintenance,Good,44.8,2026-06-24,2026-12-15,3
E-00830,U-016,Aircraft,Power,Nova,2019,Maintenance,Fair,61.3,2025-06-17,2025-09-30,32
E-00831,U-015,Communications,Mobility,Apex,2022,Operational,Fair,99.9,2026-03-08,2026-05-22,9
E-00832,U-010,Vehicle,Surveillance,Orion,2016,Operational,Poor,76.0,2025-12-17,2026-02-22,20
E-00833,U-036,Sensor,Surveillance,Apex,2016,Operational,Poor,99.3,2025-09-18,2025-11-25,25
E-00834,U-052,Aircraft,Surveillance,Apex,2024,Operational,Poor,40.9,2025-05-05,2025-07-30,6
E-00835,U-053,Generator,Power,Apex,2016,Operational,Fair,51.2,2026-07-23,2026-08-25,15
E-00836,U-001,Aircraft,Power,Nova,2015,Maintenance,Poor,67.0,2026-02-14,2026-05-23,23
E-00837,U-057,Communications,Power,Nova,2015,Limited,Poor,98.8,2026-04-21,2026-10-14,11
E-00838,U-045,Sensor,Command,Orion,2025,Operational,Good,53.5,2026-04-17,2026-09-14,4
E-00839,U-005,Aircraft,Surveillance,Apex,2021,Operational,Fair,22.3,2025-08-09,2025-10-02,7
E-00840,U-031,Vehicle,Command,Orion,2017,Operational,Poor,33.7,2025-10-28,2025-12-30,17
E-00841,U-007,Vehicle,Surveillance,Nova,2018,Limited,Good,78.7,2025-08-24,2026-01-02,20
E-00842,U-020,Aircraft,Mobility,Nova,2019,Operational,Fair,41.5,2025-04-07,2025-07-11,35
E-00843,U-056,Vehicle,Command,Nova,2019,Operational,Good,84.7,2025-06-09,2025-10-01,0
E-00844,U-045,Sensor,Power,Nova,2016,Operational,Good,73.5,2026-03-26,2026-08-24,27
E-00845,U-043,Sensor,Power,Apex,2024,Operational,Poor,42.8,2025-12-11,2026-03-20,31
E-00846,U-023,Aircraft,Mobility,Apex,2022,Operational,Good,45.6,2026-07-07,2026-08-30,19
E-00847,U-054,Aircraft,Mobility,Nova,2017,Operational,Fair,88.8,2025-04-06,2025-05-14,1
E-00848,U-042,Sensor,Power,Nova,2019,Operational,Good,79.9,2025-11-22,2026-05-12,11
E-00849,U-003,Sensor,Surveillance,Nova,2021,Operational,Fair,66.6,2025-09-05,2026-01-11,11
E-00850,U-050,Generator,Command,Apex,2023,Operational,Fair,27.5,2026-08-07,2026-10-30,5
E-00851,U-054,Communications,Mobility,Nova,2018,Operational,Fair,30.1,2026-07-09,2026-09-05,18
E-00852,U-001,Communications,Command,Orion,2021,Operational,Good,36.1,2026-03-11,2026-06-15,33
E-00853,U-035,Generator,Command,Orion,2020,Operational,Good,95.1,2025-09-01,2026-02-02,24
E-00854,U-028,Aircraft,Surveillance,Orion,2019,Operational,Good,42.7,2025-02-08,2025-07-21,11
E-00855,U-025,Generator,Power,Apex,2022,Operational,Fair,36.3,2026-07-22,2026-08-16,22
E-00856,U-011,Aircraft,Power,Nova,2019,Limited,Fair,87.5,2026-06-20,2026-07-12,15
E-00857,U-037,Generator,Power,Apex,2020,Operational,Poor,27.7,2026-03-09,2026-07-27,25
E-00858,U-022,Sensor,Mobility,Nova,2023,Operational,Good,20.4,2025-09-22,2026-03-12,21
E-00859,U-018,Aircraft,Surveillance,Apex,2019,Operational,Fair,79.2,2026-07-18,2027-01-10,25
E-00860,U-043,Sensor,Surveillance,Orion,2024,Operational,Poor,68.9,2026-06-13,2026-09-07,29
E-00861,U-002,Sensor,Mobility,Orion,2024,Operational,Good,26.8,2025-04-20,2025-07-15,28
E-00862,U-059,Vehicle,Command,Nova,2019,Operational,Poor,94.6,2025-03-24,2025-08-05,6
E-00863,U-022,Generator,Surveillance,Orion,2026,Operational,Fair,20.0,2026-05-07,2026-08-21,4
E-00864,U-035,Vehicle,Mobility,Orion,2022,Limited,Poor,43.4,2026-03-09,2026-08-20,11
E-00865,U-014,Generator,Surveillance,Nova,2023,Operational,Fair,21.5,2025-08-01,2025-10-31,20
E-00866,U-049,Sensor,Surveillance,Nova,2024,Operational,Good,58.8,2025-12-10,2026-03-19,2
E-00867,U-009,Aircraft,Surveillance,Apex,2022,Operational,Poor,63.0,2025-07-02,2025-09-02,21
E-00868,U-052,Generator,Mobility,Apex,2020,Maintenance,Good,98.4,2025-05-08,2025-07-28,34
E-00869,U-021,Communications,Surveillance,Orion,2023,Maintenance,Good,70.3,2026-03-15,2026-06-06,33
E-00870,U-042,Communications,Surveillance,Nova,2015,Operational,Poor,50.8,2026-08-10,2026-11-20,32
E-00871,U-023,Vehicle,Mobility,Apex,2017,Operational,Fair,63.9,2025-01-20,2025-05-16,21
E-00872,U-006,Generator,Power,Apex,2026,Operational,Fair,56.8,2025-01-02,2025-06-05,24
E-00873,U-049,Communications,Surveillance,Orion,2021,Maintenance,Good,24.1,2025-02-19,2025-04-29,27
E-00874,U-014,Generator,Command,Nova,2024,Operational,Fair,52.2,2025-11-08,2026-04-30,24
E-00875,U-048,Vehicle,Mobility,Nova,2017,Operational,Good,37.8,2025-08-27,2026-01-06,26
E-00876,U-006,Sensor,Command,Apex,2022,Maintenance,Fair,42.4,2025-02-18,2025-06-09,29
E-00877,U-030,Sensor,Command,Orion,2018,Operational,Fair,55.6,2025-06-27,2025-10-05,2
E-00878,U-033,Sensor,Power,Orion,2020,Limited,Poor,41.8,2026-05-16,2026-08-17,15
E-00879,U-019,Communications,Power,Apex,2022,Limited,Poor,56.8,2025-12-09,2026-03-03,1
E-00880,U-049,Sensor,Surveillance,Orion,2023,Operational,Fair,42.5,2026-05-03,2026-07-29,9
E-00881,U-002,Sensor,Power,Apex,2019,Maintenance,Poor,55.6,2026-03-08,2026-05-18,19
E-00882,U-006,Sensor,Command,Nova,2018,Operational,Good,69.8,2025-11-21,2025-12-25,2
E-00883,U-042,Generator,Mobility,Orion,2020,Operational,Fair,48.6,2026-08-08,2027-01-04,9
E-00884,U-016,Generator,Command,Nova,2020,Operational,Poor,72.6,2025-09-27,2026-01-18,15
E-00885,U-022,Communications,Surveillance,Orion,2015,Operational,Poor,74.7,2025-07-25,2025-08-17,2
E-00886,U-017,Aircraft,Mobility,Apex,2015,Maintenance,Poor,39.6,2025-01-30,2025-05-08,23
E-00887,U-053,Vehicle,Surveillance,Orion,2016,Operational,Good,63.8,2025-03-21,2025-06-30,32
E-00888,U-014,Sensor,Surveillance,Apex,2019,Maintenance,Poor,44.5,2025-10-11,2026-02-22,27
E-00889,U-060,Sensor,Surveillance,Nova,2015,Operational,Fair,77.6,2026-06-07,2026-11-23,26
E-00890,U-026,Communications,Mobility,Nova,2020,Operational,Poor,30.7,2026-07-15,2026-11-15,21
E-00891,U-039,Aircraft,Mobility,Orion,2026,Operational,Good,76.1,2025-01-18,2025-04-07,0
E-00892,U-047,Communications,Surveillance,Orion,2019,Operational,Good,45.2,2026-08-12,2027-01-02,15
E-00893,U-040,Communications,Command,Apex,2019,Limited,Good,48.4,2026-03-09,2026-05-23,5
E-00894,U-035,Vehicle,Power,Orion,2019,Operational,Fair,89.4,2026-01-21,2026-04-05,35
E-00895,U-038,Sensor,Power,Apex,2019,Operational,Fair,43.9,2025-09-17,2025-12-23,8
E-00896,U-001,Aircraft,Power,Orion,2016,Operational,Good,94.4,2025-12-02,2026-02-02,14
E-00897,U-051,Communications,Power,Apex,2023,Limited,Poor,74.6,2026-05-08,2026-09-09,26
E-00898,U-020,Generator,Mobility,Apex,2016,Maintenance,Good,93.5,2026-05-06,2026-06-14,32
E-00899,U-044,Communications,Power,Nova,2020,Operational,Good,41.4,2025-01-09,2025-05-16,20
E-00900,U-035,Communications,Power,Nova,2017,Operational,Poor,29.5,2025-12-24,2026-06-02,20
E-00901,U-022,Aircraft,Power,Nova,2025,Operational,Good,93.3,2026-08-15,2027-01-23,24
E-00902,U-022,Vehicle,Surveillance,Orion,2020,Operational,Poor,34.2,2026-06-16,2026-11-20,13
E-00903,U-055,Generator,Mobility,Nova,2026,Operational,Good,78.6,2025-08-14,2025-10-23,34
E-00904,U-005,Communications,Power,Apex,2026,Operational,Poor,98.6,2026-01-30,2026-04-04,19
E-00905,U-059,Aircraft,Power,Nova,2022,Operational,Poor,87.3,2025-04-16,2025-05-19,6
E-00906,U-012,Generator,Command,Orion,2018,Operational,Fair,27.3,2026-06-12,2026-07-24,18
E-00907,U-047,Communications,Command,Apex,2020,Operational,Poor,48.5,2025-04-01,2025-06-10,3
E-00908,U-005,Vehicle,Command,Apex,2019,Operational,Fair,20.8,2025-08-17,2025-12-27,34
E-00909,U-006,Aircraft,Surveillance,Orion,2024,Operational,Poor,44.2,2025-02-18,2025-05-29,20
E-00910,U-030,Communications,Power,Orion,2019,Operational,Good,82.6,2026-03-19,2026-05-25,6
E-00911,U-010,Generator,Command,Apex,2021,Operational,Fair,74.8,2025-10-01,2026-03-28,6
E-00912,U-002,Sensor,Surveillance,Nova,2024,Operational,Good,21.4,2025-04-18,2025-09-19,8
E-00913,U-011,Vehicle,Surveillance,Nova,2017,Operational,Fair,85.9,2025-05-18,2025-07-09,9
E-00914,U-044,Generator,Surveillance,Apex,2025,Operational,Fair,86.9,2026-05-27,2026-11-08,24
E-00915,U-010,Communications,Power,Orion,2024,Operational,Poor,26.9,2026-06-26,2026-07-16,0
E-00916,U-023,Generator,Surveillance,Apex,2017,Operational,Poor,70.2,2025-05-23,2025-06-24,12
E-00917,U-011,Vehicle,Surveillance,Orion,2023,Operational,Fair,69.3,2025-02-01,2025-03-25,16
E-00918,U-052,Sensor,Mobility,Apex,2024,Operational,Fair,27.1,2026-07-24,2026-11-06,11
E-00919,U-058,Aircraft,Mobility,Nova,2017,Operational,Poor,95.8,2025-12-06,2026-04-07,1
E-00920,U-052,Generator,Mobility,Apex,2017,Operational,Fair,21.0,2025-02-14,2025-06-05,19
E-00921,U-057,Sensor,Surveillance,Nova,2024,Maintenance,Fair,23.3,2025-09-27,2026-03-14,1
E-00922,U-017,Aircraft,Power,Orion,2021,Operational,Poor,40.8,2026-05-30,2026-06-28,6
E-00923,U-058,Generator,Surveillance,Apex,2018,Operational,Poor,64.7,2025-12-04,2026-05-08,32
E-00924,U-060,Sensor,Power,Orion,2026,Limited,Poor,69.9,2026-03-30,2026-06-18,4
E-00925,U-014,Sensor,Command,Apex,2024,Operational,Good,90.8,2025-02-23,2025-04-09,12
E-00926,U-036,Generator,Surveillance,Nova,2019,Operational,Poor,80.3,2025-01-10,2025-02-19,0
E-00927,U-014,Communications,Power,Apex,2026,Limited,Poor,40.5,2025-01-18,2025-06-20,20
E-00928,U-047,Communications,Power,Orion,2016,Operational,Poor,76.9,2026-07-28,2026-09-17,16
E-00929,U-030,Communications,Power,Orion,2017,Operational,Poor,39.1,2026-01-06,2026-04-27,5
E-00930,U-048,Communications,Mobility,Nova,2020,Operational,Poor,37.7,2026-05-01,2026-08-29,31
E-00931,U-001,Aircraft,Surveillance,Nova,2023,Limited,Poor,81.6,2025-09-19,2026-01-01,24
E-00932,U-045,Generator,Command,Apex,2023,Operational,Good,77.4,2025-06-20,2025-07-10,7
E-00933,U-034,Communications,Power,Apex,2015,Operational,Fair,91.9,2025-06-07,2025-11-05,21
E-00934,U-028,Sensor,Surveillance,Orion,2025,Limited,Fair,60.2,2025-11-02,2026-04-27,25
E-00935,U-018,Communications,Surveillance,Orion,2026,Operational,Fair,66.0,2026-07-19,2027-01-02,30
E-00936,U-022,Communications,Power,Nova,2018,Operational,Good,95.0,2025-03-23,2025-07-03,22
E-00937,U-044,Aircraft,Surveillance,Orion,2023,Operational,Poor,56.6,2025-06-12,2025-09-10,5
E-00938,U-044,Aircraft,Surveillance,Nova,2017,Operational,Fair,55.5,2025-10-26,2025-12-15,7
E-00939,U-051,Generator,Power,Apex,2019,Maintenance,Poor,52.5,2026-03-11,2026-06-20,4
E-00940,U-050,Generator,Mobility,Nova,2021,Operational,Fair,62.4,2026-03-23,2026-07-30,15
E-00941,U-060,Aircraft,Command,Orion,2026,Operational,Poor,85.5,2025-02-21,2025-03-28,7
E-00942,U-026,Vehicle,Power,Nova,2022,Operational,Poor,71.1,2025-02-08,2025-04-13,17
E-00943,U-010,Generator,Command,Orion,2025,Operational,Poor,33.4,2026-06-21,2026-10-16,26
E-00944,U-036,Aircraft,Power,Orion,2025,Operational,Poor,23.9,2026-08-05,2026-09-15,32
E-00945,U-003,Communications,Command,Orion,2023,Operational,Good,25.8,2025-01-09,2025-04-24,14
E-00946,U-029,Aircraft,Surveillance,Orion,2026,Operational,Fair,28.3,2026-01-19,2026-05-07,20
E-00947,U-017,Vehicle,Power,Apex,2024,Operational,Good,91.4,2026-03-03,2026-04-02,27
E-00948,U-032,Communications,Surveillance,Apex,2015,Operational,Poor,46.6,2026-02-17,2026-04-30,25
E-00949,U-060,Vehicle,Mobility,Nova,2026,Operational,Good,76.8,2026-08-11,2026-11-28,26
E-00950,U-029,Generator,Mobility,Apex,2016,Operational,Fair,97.6,2026-05-29,2026-08-12,35
E-00951,U-016,Sensor,Power,Orion,2023,Operational,Good,27.1,2026-05-25,2026-07-24,24
E-00952,U-012,Communications,Power,Orion,2022,Operational,Poor,61.0,2025-09-24,2025-12-26,25
E-00953,U-001,Aircraft,Mobility,Orion,2020,Maintenance,Good,73.3,2026-07-29,2027-01-09,6
E-00954,U-039,Sensor,Surveillance,Orion,2020,Limited,Good,32.3,2025-03-08,2025-06-06,19
E-00955,U-007,Generator,Command,Nova,2016,Operational,Fair,93.4,2025-06-19,2025-12-14,34
E-00956,U-012,Aircraft,Power,Nova,2024,Limited,Fair,41.8,2025-09-08,2026-01-19,27
E-00957,U-023,Aircraft,Mobility,Orion,2015,Operational,Fair,46.1,2025-11-23,2026-05-18,16
E-00958,U-042,Communications,Surveillance,Nova,2022,Operational,Poor,59.4,2025-11-10,2026-02-24,26
E-00959,U-052,Vehicle,Power,Nova,2015,Operational,Fair,52.4,2025-05-25,2025-08-14,19
E-00960,U-056,Communications,Power,Nova,2022,Operational,Fair,30.0,2025-12-21,2026-01-23,3
E-00961,U-008,Generator,Surveillance,Orion,2018,Operational,Fair,69.2,2025-12-08,2026-03-05,15
E-00962,U-043,Aircraft,Surveillance,Apex,2017,Operational,Fair,95.4,2025-09-26,2026-02-12,32
E-00963,U-022,Vehicle,Command,Orion,2019,Operational,Poor,97.3,2025-09-18,2026-02-09,19
E-00964,U-007,Generator,Power,Orion,2018,Operational,Poor,73.2,2026-07-01,2026-08-28,15
E-00965,U-056,Generator,Power,Orion,2023,Operational,Good,86.7,2026-07-04,2026-12-20,22
E-00966,U-032,Generator,Mobility,Nova,2021,Operational,Fair,23.5,2026-05-15,2026-10-17,16
E-00967,U-041,Sensor,Command,Apex,2018,Operational,Poor,78.9,2025-07-18,2025-10-23,28
E-00968,U-001,Sensor,Mobility,Orion,2021,Operational,Poor,99.8,2025-01-19,2025-06-01,6
E-00969,U-017,Communications,Power,Apex,2023,Maintenance,Fair,77.1,2026-05-16,2026-10-29,21
E-00970,U-003,Sensor,Power,Orion,2026,Limited,Fair,23.0,2025-08-10,2025-12-26,1
E-00971,U-013,Vehicle,Mobility,Orion,2020,Operational,Poor,74.2,2025-04-14,2025-05-14,6
E-00972,U-029,Sensor,Power,Nova,2015,Operational,Fair,63.4,2026-01-28,2026-07-19,11
E-00973,U-034,Vehicle,Surveillance,Nova,2017,Operational,Good,79.9,2025-11-18,2026-03-11,15
E-00974,U-043,Sensor,Surveillance,Orion,2025,Limited,Good,48.2,2026-08-23,2026-11-01,27
E-00975,U-032,Generator,Surveillance,Apex,2022,Operational,Good,56.4,2026-01-12,2026-03-07,34
E-00976,U-035,Vehicle,Command,Apex,2020,Operational,Good,80.3,2025-10-04,2026-03-29,0
E-00977,U-005,Vehicle,Surveillance,Orion,2017,Operational,Fair,70.8,2025-07-14,2026-01-07,14
E-00978,U-028,Generator,Surveillance,Nova,2026,Operational,Poor,53.1,2025-08-19,2025-09-24,17
E-00979,U-034,Vehicle,Mobility,Orion,2025,Operational,Poor,38.3,2025-07-20,2025-11-10,27
E-00980,U-054,Communications,Surveillance,Apex,2023,Operational,Good,97.9,2026-07-29,2026-11-13,11
E-00981,U-043,Sensor,Power,Nova,2016,Operational,Good,90.9,2025-08-31,2026-01-31,24
E-00982,U-028,Communications,Command,Apex,2017,Operational,Good,41.1,2025-04-01,2025-06-02,20
E-00983,U-056,Vehicle,Mobility,Nova,2022,Operational,Poor,63.7,2026-01-22,2026-03-20,21
E-00984,U-052,Generator,Surveillance,Orion,2025,Operational,Poor,41.8,2026-02-08,2026-06-03,13
E-00985,U-012,Generator,Power,Apex,2016,Operational,Poor,27.8,2025-11-21,2026-04-26,21
E-00986,U-006,Sensor,Command,Nova,2015,Operational,Poor,47.1,2026-01-27,2026-03-02,13
E-00987,U-036,Aircraft,Command,Orion,2026,Limited,Fair,61.0,2025-04-13,2025-05-28,34
E-00988,U-050,Vehicle,Power,Orion,2025,Operational,Good,33.3,2026-05-24,2026-07-02,16
E-00989,U-043,Communications,Command,Orion,2019,Limited,Good,92.0,2025-09-07,2025-10-25,11
E-00990,U-029,Communications,Surveillance,Apex,2018,Operational,Good,60.7,2026-07-09,2026-11-07,18
E-00991,U-030,Aircraft,Mobility,Orion,2025,Maintenance,Poor,58.7,2025-02-17,2025-04-05,34
E-00992,U-016,Communications,Power,Apex,2022,Maintenance,Fair,72.3,2026-01-22,2026-02-27,26
E-00993,U-012,Communications,Mobility,Orion,2023,Operational,Poor,87.6,2026-05-26,2026-09-24,35
E-00994,U-004,Aircraft,Surveillance,Nova,2018,Operational,Good,38.1,2025-04-16,2025-06-16,24
E-00995,U-055,Sensor,Power,Nova,2021,Operational,Fair,43.9,2025-12-03,2026-05-22,5
E-00996,U-026,Communications,Mobility,Orion,2019,Operational,Poor,22.7,2025-11-27,2026-05-10,31
E-00997,U-042,Generator,Command,Orion,2025,Operational,Good,76.4,2025-08-23,2026-02-11,28
E-00998,U-044,Aircraft,Mobility,Nova,2020,Operational,Poor,65.9,2025-05-07,2025-07-14,25
E-00999,U-035,Sensor,Surveillance,Apex,2022,Operational,Fair,34.0,2026-08-17,2026-11-30,15
E-01000,U-005,Communications,Power,Apex,2021,Operational,Good,31.2,2026-02-12,2026-04-01,27
E-01001,U-037,Aircraft,Surveillance,Orion,2019,Operational,Poor,20.8,2026-07-18,2027-01-08,14
E-01002,U-013,Communications,Power,Apex,2025,Operational,Poor,71.1,2026-07-13,2026-08-03,26
E-01003,U-024,Generator,Mobility,Orion,2019,Maintenance,Fair,93.5,2025-09-03,2025-12-28,13
E-01004,U-050,Vehicle,Command,Nova,2016,Operational,Fair,23.8,2025-05-06,2025-06-17,9
E-01005,U-059,Communications,Mobility,Nova,2020,Limited,Fair,61.1,2025-09-08,2026-02-24,30
E-01006,U-037,Generator,Surveillance,Apex,2022,Operational,Fair,26.5,2025-08-14,2026-01-05,1
E-01007,U-013,Sensor,Surveillance,Apex,2024,Operational,Fair,25.9,2025-12-20,2026-03-14,24
E-01008,U-001,Sensor,Power,Nova,2018,Operational,Poor,70.5,2025-04-06,2025-09-24,20
E-01009,U-014,Sensor,Power,Apex,2023,Operational,Fair,81.1,2026-04-04,2026-08-05,29
E-01010,U-030,Vehicle,Surveillance,Orion,2018,Operational,Fair,46.0,2025-03-04,2025-08-21,29
E-01011,U-044,Sensor,Command,Apex,2018,Operational,Good,34.2,2025-03-23,2025-09-07,26
E-01012,U-048,Sensor,Power,Orion,2016,Maintenance,Good,44.2,2025-12-08,2026-03-09,34
E-01013,U-055,Generator,Surveillance,Nova,2018,Operational,Good,63.3,2026-08-24,2026-12-10,24
E-01014,U-002,Communications,Surveillance,Apex,2022,Operational,Poor,82.4,2025-10-24,2026-04-11,23
E-01015,U-053,Sensor,Mobility,Apex,2016,Operational,Good,58.7,2026-05-04,2026-10-18,30
E-01016,U-026,Generator,Power,Nova,2026,Operational,Fair,53.5,2026-04-06,2026-08-22,9
E-01017,U-033,Communications,Surveillance,Nova,2024,Maintenance,Good,43.7,2025-06-05,2025-09-19,17
E-01018,U-044,Aircraft,Mobility,Nova,2023,Operational,Fair,96.5,2025-07-28,2025-11-22,33
E-01019,U-055,Vehicle,Surveillance,Orion,2026,Operational,Poor,78.3,2026-03-03,2026-05-08,26
E-01020,U-005,Communications,Surveillance,Nova,2022,Operational,Good,70.0,2026-06-16,2026-10-27,28
E-01021,U-057,Aircraft,Power,Orion,2015,Maintenance,Poor,36.4,2026-03-26,2026-09-06,26
E-01022,U-010,Sensor,Surveillance,Nova,2017,Operational,Poor,84.6,2025-08-17,2025-12-28,4
E-01023,U-043,Sensor,Command,Orion,2016,Operational,Good,64.3,2025-02-26,2025-07-03,11
E-01024,U-012,Aircraft,Command,Orion,2018,Operational,Good,38.5,2026-02-21,2026-05-13,3
E-01025,U-051,Aircraft,Command,Orion,2019,Operational,Fair,21.8,2025-08-09,2025-12-09,1
E-01026,U-054,Generator,Command,Nova,2015,Operational,Fair,69.0,2026-08-03,2026-09-25,12
E-01027,U-022,Sensor,Power,Apex,2024,Maintenance,Fair,27.2,2026-07-05,2026-12-01,21
E-01028,U-016,Vehicle,Surveillance,Orion,2019,Maintenance,Poor,90.9,2025-02-19,2025-07-31,21
E-01029,U-019,Generator,Command,Apex,2016,Limited,Poor,70.5,2026-05-06,2026-10-06,0
E-01030,U-017,Generator,Power,Apex,2023,Operational,Good,45.9,2026-01-06,2026-05-19,26
E-01031,U-049,Generator,Power,Apex,2022,Operational,Poor,88.8,2025-05-16,2025-09-21,35
E-01032,U-034,Sensor,Mobility,Nova,2017,Maintenance,Good,38.3,2026-07-12,2026-12-30,8
E-01033,U-011,Vehicle,Surveillance,Apex,2016,Operational,Poor,97.5,2025-09-13,2025-12-25,35
E-01034,U-026,Aircraft,Command,Nova,2022,Operational,Poor,62.0,2025-08-02,2025-12-23,10
E-01035,U-059,Communications,Mobility,Orion,2017,Limited,Fair,65.4,2026-05-24,2026-09-25,11
E-01036,U-037,Aircraft,Surveillance,Orion,2019,Operational,Good,54.2,2026-05-01,2026-07-20,12
E-01037,U-049,Aircraft,Mobility,Orion,2015,Operational,Good,45.9,2026-07-09,2026-08-08,11
E-01038,U-034,Generator,Mobility,Apex,2015,Maintenance,Good,74.5,2025-11-16,2025-12-06,5
E-01039,U-047,Generator,Power,Orion,2016,Maintenance,Fair,42.0,2026-01-05,2026-06-01,8
E-01040,U-043,Generator,Surveillance,Orion,2017,Operational,Fair,45.6,2025-02-26,2025-03-22,6
E-01041,U-023,Aircraft,Surveillance,Orion,2019,Operational,Good,86.0,2026-02-20,2026-05-09,25
E-01042,U-004,Generator,Power,Nova,2023,Maintenance,Good,36.1,2026-07-02,2026-12-15,23
E-01043,U-033,Communications,Command,Orion,2023,Maintenance,Poor,71.5,2025-05-26,2025-10-02,3
E-01044,U-051,Generator,Surveillance,Nova,2017,Operational,Good,30.8,2025-09-23,2026-02-14,4
E-01045,U-018,Aircraft,Mobility,Nova,2025,Limited,Fair,20.6,2025-12-17,2026-04-09,2
E-01046,U-047,Sensor,Surveillance,Nova,2022,Operational,Poor,30.6,2026-08-03,2027-01-28,8
E-01047,U-023,Communications,Mobility,Apex,2023,Operational,Good,64.0,2026-08-09,2026-11-27,8
E-01048,U-016,Aircraft,Surveillance,Apex,2019,Operational,Poor,71.8,2025-06-02,2025-08-11,30
E-01049,U-038,Communications,Mobility,Orion,2023,Operational,Poor,92.7,2026-06-02,2026-09-12,7
E-01050,U-005,Aircraft,Surveillance,Apex,2019,Operational,Poor,33.2,2025-08-05,2025-08-29,29
E-01051,U-022,Vehicle,Power,Apex,2019,Maintenance,Poor,84.9,2025-11-06,2026-01-25,26
E-01052,U-011,Generator,Mobility,Nova,2023,Operational,Good,75.4,2025-05-14,2025-07-18,19
E-01053,U-042,Communications,Surveillance,Nova,2022,Maintenance,Fair,33.7,2026-04-06,2026-07-01,19
E-01054,U-013,Generator,Power,Nova,2022,Operational,Poor,59.6,2025-07-22,2026-01-12,24
E-01055,U-024,Generator,Surveillance,Nova,2019,Maintenance,Good,91.5,2025-04-23,2025-05-24,10
E-01056,U-040,Generator,Mobility,Nova,2019,Operational,Good,43.4,2025-08-20,2026-02-04,26
E-01057,U-004,Aircraft,Power,Apex,2024,Operational,Good,53.5,2025-02-21,2025-06-11,30
E-01058,U-015,Communications,Power,Apex,2021,Maintenance,Fair,75.6,2026-03-02,2026-04-26,8
E-01059,U-024,Vehicle,Command,Orion,2024,Operational,Good,24.2,2025-06-07,2025-07-18,17
E-01060,U-060,Generator,Command,Orion,2018,Operational,Good,95.5,2025-04-13,2025-06-01,29
E-01061,U-012,Generator,Mobility,Orion,2022,Operational,Fair,53.7,2026-02-10,2026-03-05,0
E-01062,U-041,Generator,Command,Nova,2018,Operational,Good,98.3,2026-06-19,2026-12-12,33
E-01063,U-048,Generator,Command,Apex,2024,Operational,Poor,71.0,2026-04-05,2026-07-16,26
E-01064,U-044,Sensor,Mobility,Orion,2018,Operational,Poor,21.6,2026-05-08,2026-07-10,10
E-01065,U-028,Sensor,Command,Orion,2020,Operational,Good,23.4,2025-11-05,2026-01-15,9
E-01066,U-039,Vehicle,Mobility,Orion,2019,Operational,Fair,52.5,2026-08-12,2026-11-19,19
E-01067,U-010,Sensor,Command,Nova,2026,Maintenance,Fair,45.4,2026-05-31,2026-07-03,18
E-01068,U-012,Sensor,Surveillance,Nova,2017,Operational,Poor,76.4,2025-05-08,2025-06-12,27
E-01069,U-029,Aircraft,Command,Nova,2018,Operational,Fair,96.5,2025-10-02,2026-03-18,25
E-01070,U-038,Generator,Command,Nova,2025,Operational,Poor,89.2,2025-10-11,2026-01-27,11
E-01071,U-033,Communications,Power,Orion,2018,Maintenance,Good,86.2,2026-07-26,2026-12-23,6
E-01072,U-058,Vehicle,Surveillance,Apex,2019,Operational,Fair,39.9,2025-09-10,2025-11-22,3
E-01073,U-012,Generator,Mobility,Apex,2017,Operational,Fair,80.7,2026-03-10,2026-06-02,1
E-01074,U-041,Communications,Surveillance,Apex,2015,Limited,Good,38.4,2026-01-19,2026-02-19,20
E-01075,U-059,Vehicle,Command,Apex,2017,Operational,Fair,27.7,2026-02-14,2026-03-13,31
E-01076,U-046,Generator,Power,Nova,2022,Operational,Good,84.3,2026-01-10,2026-04-08,3
E-01077,U-018,Generator,Power,Orion,2019,Operational,Good,26.3,2025-06-05,2025-11-30,10
E-01078,U-024,Communications,Power,Apex,2023,Operational,Good,95.3,2025-03-31,2025-08-30,4
E-01079,U-038,Generator,Mobility,Orion,2026,Operational,Poor,37.9,2025-09-13,2025-12-21,16
E-01080,U-060,Vehicle,Power,Nova,2022,Operational,Fair,48.6,2026-04-27,2026-06-17,25
E-01081,U-028,Aircraft,Command,Orion,2021,Operational,Good,21.4,2025-06-27,2025-11-04,7
E-01082,U-048,Vehicle,Power,Nova,2021,Operational,Good,45.3,2025-05-18,2025-06-09,0
E-01083,U-030,Generator,Mobility,Orion,2017,Operational,Good,45.2,2025-03-16,2025-08-26,24
E-01084,U-033,Aircraft,Surveillance,Orion,2016,Operational,Fair,35.2,2026-03-07,2026-05-21,27
E-01085,U-002,Aircraft,Mobility,Apex,2015,Limited,Good,93.3,2025-02-13,2025-06-19,6
E-01086,U-055,Aircraft,Command,Orion,2023,Operational,Poor,60.1,2025-08-10,2025-09-24,34
E-01087,U-039,Generator,Surveillance,Nova,2016,Operational,Fair,95.1,2025-02-09,2025-07-21,33
E-01088,U-008,Sensor,Power,Apex,2023,Operational,Poor,48.3,2026-06-05,2026-10-10,2
E-01089,U-023,Generator,Surveillance,Nova,2023,Operational,Good,50.4,2026-01-26,2026-04-01,33
E-01090,U-003,Communications,Surveillance,Apex,2015,Operational,Poor,71.1,2026-05-06,2026-10-14,7
E-01091,U-044,Communications,Command,Orion,2018,Operational,Fair,53.6,2026-04-04,2026-04-28,29
E-01092,U-034,Aircraft,Command,Apex,2021,Operational,Poor,55.5,2025-01-30,2025-07-02,23
E-01093,U-007,Generator,Command,Orion,2022,Operational,Good,40.8,2025-12-21,2026-05-13,16
E-01094,U-037,Sensor,Surveillance,Orion,2020,Operational,Good,89.5,2026-03-22,2026-07-06,31
E-01095,U-058,Sensor,Power,Orion,2021,Operational,Good,48.1,2025-03-28,2025-09-19,23
E-01096,U-053,Generator,Command,Apex,2023,Operational,Good,93.3,2025-08-01,2025-12-11,13
E-01097,U-038,Vehicle,Command,Orion,2023,Operational,Fair,54.3,2025-01-17,2025-04-01,15
E-01098,U-050,Sensor,Command,Apex,2025,Maintenance,Good,28.0,2026-05-04,2026-09-27,35
E-01099,U-031,Sensor,Mobility,Orion,2019,Operational,Poor,58.4,2025-06-14,2025-08-12,0
E-01100,U-055,Generator,Mobility,Apex,2020,Operational,Fair,47.0,2025-05-28,2025-06-23,3
E-01101,U-022,Aircraft,Mobility,Nova,2024,Operational,Poor,93.5,2025-02-02,2025-04-16,31
E-01102,U-026,Aircraft,Surveillance,Apex,2019,Maintenance,Fair,27.8,2025-08-31,2025-11-13,0
E-01103,U-013,Aircraft,Command,Nova,2015,Operational,Good,22.4,2025-09-12,2025-10-22,18
E-01104,U-015,Aircraft,Power,Nova,2018,Operational,Good,59.3,2025-06-11,2025-09-10,6
E-01105,U-029,Generator,Surveillance,Orion,2017,Operational,Poor,69.5,2025-11-18,2026-01-26,22
E-01106,U-007,Communications,Command,Orion,2017,Limited,Fair,82.2,2026-01-22,2026-05-25,3
E-01107,U-001,Communications,Mobility,Apex,2018,Operational,Fair,23.1,2025-05-11,2025-09-05,29
E-01108,U-029,Generator,Mobility,Nova,2020,Operational,Poor,65.1,2025-07-08,2025-08-08,16
E-01109,U-007,Aircraft,Mobility,Orion,2016,Limited,Fair,52.2,2025-06-19,2025-07-20,34
E-01110,U-052,Communications,Command,Orion,2023,Operational,Poor,43.5,2025-07-04,2025-10-02,31
E-01111,U-041,Aircraft,Surveillance,Apex,2021,Operational,Good,46.1,2026-08-21,2027-01-09,25
E-01112,U-040,Generator,Power,Orion,2017,Operational,Good,31.6,2026-07-19,2026-10-13,35
E-01113,U-010,Aircraft,Surveillance,Apex,2026,Operational,Good,39.5,2026-07-04,2026-11-19,15
E-01114,U-030,Generator,Mobility,Apex,2016,Operational,Good,93.1,2025-11-04,2025-12-02,9
E-01115,U-025,Generator,Mobility,Nova,2018,Operational,Poor,65.9,2025-05-05,2025-05-26,24
E-01116,U-006,Sensor,Mobility,Nova,2024,Operational,Poor,29.9,2025-09-28,2025-11-13,8
E-01117,U-047,Aircraft,Command,Orion,2026,Operational,Fair,52.7,2026-01-23,2026-07-03,13
E-01118,U-019,Communications,Power,Apex,2019,Operational,Good,35.8,2025-02-16,2025-03-25,33
E-01119,U-007,Vehicle,Power,Apex,2020,Operational,Good,75.8,2026-07-30,2026-10-17,10
E-01120,U-021,Aircraft,Mobility,Orion,2019,Operational,Fair,23.1,2026-04-01,2026-07-22,26
E-01121,U-001,Sensor,Surveillance,Apex,2019,Operational,Poor,85.4,2025-02-18,2025-07-05,33
E-01122,U-014,Communications,Mobility,Orion,2020,Operational,Fair,41.7,2025-01-23,2025-06-13,8
E-01123,U-049,Generator,Surveillance,Nova,2019,Operational,Good,56.4,2026-04-14,2026-07-11,1
E-01124,U-015,Generator,Power,Nova,2025,Operational,Poor,69.1,2026-04-06,2026-09-07,28
E-01125,U-001,Aircraft,Mobility,Nova,2018,Operational,Fair,79.8,2025-09-10,2026-03-06,18
E-01126,U-006,Generator,Mobility,Apex,2021,Operational,Good,37.9,2026-02-19,2026-06-28,28
E-01127,U-023,Aircraft,Mobility,Orion,2022,Operational,Fair,39.3,2025-03-08,2025-04-06,5
E-01128,U-002,Generator,Power,Orion,2016,Limited,Good,45.8,2026-02-20,2026-06-21,2
E-01129,U-025,Vehicle,Power,Orion,2019,Operational,Poor,52.0,2025-01-22,2025-07-14,19
E-01130,U-057,Aircraft,Power,Nova,2019,Limited,Poor,25.5,2026-01-23,2026-02-15,15
E-01131,U-026,Vehicle,Surveillance,Orion,2015,Operational,Good,55.6,2025-01-26,2025-04-12,30
E-01132,U-021,Communications,Mobility,Orion,2023,Operational,Good,28.9,2025-07-22,2025-08-29,28
E-01133,U-007,Vehicle,Power,Nova,2015,Operational,Good,93.8,2025-02-23,2025-05-22,18
E-01134,U-019,Generator,Surveillance,Orion,2019,Operational,Good,38.6,2026-01-01,2026-06-02,19
E-01135,U-043,Generator,Command,Apex,2024,Operational,Good,58.4,2025-12-17,2026-01-12,13
E-01136,U-047,Communications,Mobility,Apex,2019,Operational,Poor,75.6,2026-01-04,2026-06-22,11
E-01137,U-025,Communications,Surveillance,Nova,2016,Operational,Poor,69.1,2025-12-23,2026-05-08,15
E-01138,U-007,Aircraft,Power,Orion,2026,Maintenance,Good,41.8,2025-08-10,2026-01-03,9
E-01139,U-060,Generator,Surveillance,Orion,2025,Operational,Good,86.8,2026-07-28,2026-09-25,30
E-01140,U-043,Sensor,Mobility,Orion,2026,Operational,Good,99.3,2026-07-21,2026-10-10,17
E-01141,U-037,Sensor,Surveillance,Orion,2015,Operational,Fair,20.5,2025-05-08,2025-08-29,35
E-01142,U-042,Communications,Power,Orion,2024,Operational,Good,29.5,2026-05-05,2026-06-25,24
E-01143,U-009,Sensor,Command,Orion,2019,Operational,Fair,44.2,2025-01-26,2025-04-09,34
E-01144,U-045,Vehicle,Power,Nova,2025,Maintenance,Poor,46.2,2025-01-16,2025-06-09,0
E-01145,U-055,Generator,Command,Orion,2026,Operational,Good,77.9,2025-09-01,2025-12-31,25
E-01146,U-048,Generator,Command,Nova,2025,Operational,Good,46.3,2026-01-06,2026-07-04,11
E-01147,U-025,Vehicle,Mobility,Apex,2025,Operational,Poor,24.4,2025-01-08,2025-04-21,27
E-01148,U-005,Aircraft,Surveillance,Apex,2023,Operational,Fair,83.0,2025-03-14,2025-09-09,32
E-01149,U-006,Communications,Mobility,Apex,2025,Operational,Poor,64.5,2025-03-31,2025-05-25,12
E-01150,U-034,Aircraft,Mobility,Nova,2025,Operational,Poor,85.6,2026-01-20,2026-05-23,30
E-01151,U-009,Vehicle,Mobility,Orion,2025,Operational,Fair,62.3,2025-08-12,2026-01-05,29
E-01152,U-041,Generator,Power,Nova,2021,Operational,Good,68.5,2026-02-27,2026-04-20,4
E-01153,U-050,Communications,Command,Apex,2021,Limited,Good,80.1,2026-07-15,2026-12-16,25
E-01154,U-053,Sensor,Surveillance,Apex,2025,Operational,Poor,70.2,2025-05-05,2025-07-21,1
E-01155,U-010,Generator,Mobility,Nova,2025,Operational,Fair,68.6,2026-02-28,2026-07-06,32
E-01156,U-013,Sensor,Surveillance,Orion,2019,Operational,Good,86.9,2025-03-09,2025-05-05,14
E-01157,U-051,Communications,Command,Orion,2017,Operational,Poor,31.9,2026-08-09,2026-12-09,29
E-01158,U-059,Sensor,Command,Orion,2024,Operational,Fair,68.4,2025-06-29,2025-12-25,20
E-01159,U-055,Generator,Command,Nova,2021,Operational,Fair,40.7,2025-07-10,2025-12-10,17
E-01160,U-049,Aircraft,Surveillance,Nova,2016,Operational,Good,26.0,2026-03-16,2026-05-31,14
E-01161,U-003,Vehicle,Mobility,Orion,2023,Operational,Fair,58.3,2025-09-21,2026-01-04,20
E-01162,U-045,Sensor,Command,Orion,2023,Operational,Fair,94.3,2025-02-27,2025-04-01,10
E-01163,U-060,Vehicle,Command,Apex,2026,Operational,Poor,41.3,2026-08-14,2026-12-11,15
E-01164,U-030,Sensor,Command,Nova,2021,Operational,Fair,78.0,2025-04-30,2025-07-14,9
E-01165,U-013,Generator,Mobility,Nova,2015,Operational,Good,69.8,2026-06-05,2026-09-21,31
E-01166,U-030,Aircraft,Command,Nova,2020,Operational,Fair,88.2,2026-04-12,2026-07-21,22
E-01167,U-005,Sensor,Power,Nova,2016,Operational,Good,25.2,2025-09-18,2025-12-02,25
E-01168,U-060,Communications,Surveillance,Apex,2020,Maintenance,Fair,96.6,2025-01-13,2025-05-31,27
E-01169,U-007,Generator,Power,Nova,2017,Operational,Good,36.6,2025-06-14,2025-07-07,34
E-01170,U-003,Communications,Mobility,Nova,2023,Operational,Poor,31.7,2026-02-12,2026-04-15,16
E-01171,U-041,Aircraft,Surveillance,Apex,2017,Limited,Good,23.1,2025-05-23,2025-10-10,33
E-01172,U-034,Communications,Surveillance,Apex,2026,Operational,Fair,98.5,2025-03-27,2025-06-29,34
E-01173,U-023,Vehicle,Surveillance,Apex,2015,Operational,Good,69.4,2025-07-08,2025-08-02,35
E-01174,U-019,Sensor,Power,Nova,2016,Operational,Fair,74.6,2026-07-12,2026-09-11,31
E-01175,U-040,Sensor,Power,Apex,2017,Operational,Poor,78.5,2025-08-03,2025-11-14,22
E-01176,U-022,Vehicle,Power,Apex,2015,Operational,Poor,29.2,2025-01-20,2025-04-27,34
E-01177,U-050,Communications,Surveillance,Apex,2018,Operational,Poor,23.8,2025-05-12,2025-07-24,26
E-01178,U-001,Communications,Command,Orion,2015,Maintenance,Good,79.7,2025-05-18,2025-10-20,14
E-01179,U-001,Communications,Power,Apex,2022,Operational,Fair,84.6,2025-10-06,2026-03-22,7
E-01180,U-028,Vehicle,Mobility,Orion,2026,Operational,Fair,37.7,2026-07-28,2026-12-03,27
E-01181,U-040,Sensor,Power,Apex,2018,Operational,Good,88.7,2026-07-26,2026-10-19,23
E-01182,U-018,Vehicle,Surveillance,Apex,2021,Operational,Fair,41.1,2025-03-07,2025-07-23,0
E-01183,U-002,Generator,Power,Nova,2015,Limited,Good,46.3,2025-10-22,2025-12-05,31
E-01184,U-027,Aircraft,Surveillance,Nova,2017,Operational,Poor,20.3,2025-05-27,2025-07-19,18
E-01185,U-007,Vehicle,Power,Apex,2025,Operational,Poor,97.1,2026-01-03,2026-05-07,26
E-01186,U-007,Generator,Command,Nova,2020,Operational,Fair,32.8,2025-05-06,2025-07-27,10
E-01187,U-009,Generator,Command,Orion,2025,Limited,Fair,70.9,2025-02-19,2025-05-10,22
E-01188,U-059,Generator,Surveillance,Orion,2017,Operational,Fair,79.7,2025-02-28,2025-05-09,23
E-01189,U-003,Vehicle,Power,Apex,2020,Operational,Fair,60.5,2025-03-31,2025-08-09,11
E-01190,U-030,Aircraft,Command,Orion,2015,Maintenance,Good,26.6,2026-07-11,2026-11-21,17
E-01191,U-035,Vehicle,Power,Orion,2023,Operational,Poor,20.6,2025-09-01,2026-02-19,30
E-01192,U-008,Vehicle,Power,Apex,2017,Limited,Poor,99.3,2026-03-19,2026-06-03,23
E-01193,U-045,Generator,Command,Apex,2020,Operational,Poor,83.5,2025-10-30,2026-04-12,26
E-01194,U-029,Sensor,Mobility,Apex,2025,Operational,Good,82.8,2026-04-01,2026-09-19,35
E-01195,U-015,Generator,Surveillance,Orion,2017,Operational,Fair,89.9,2025-11-09,2026-02-20,6
E-01196,U-006,Aircraft,Power,Nova,2024,Operational,Fair,92.9,2025-01-01,2025-01-30,6
E-01197,U-057,Communications,Mobility,Apex,2018,Operational,Fair,76.7,2025-06-21,2025-12-10,24
E-01198,U-004,Communications,Power,Orion,2021,Operational,Poor,79.9,2026-06-11,2026-08-03,32
E-01199,U-041,Aircraft,Command,Apex,2025,Limited,Fair,42.5,2026-08-24,2026-10-10,7
E-01200,U-048,Aircraft,Surveillance,Nova,2024,Operational,Good,57.3,2026-08-09,2026-11-21,25
E-01201,U-060,Communications,Surveillance,Nova,2023,Operational,Poor,74.1,2025-08-14,2025-10-10,32
E-01202,U-024,Sensor,Mobility,Nova,2019,Limited,Good,97.5,2026-06-09,2026-10-26,25
E-01203,U-045,Aircraft,Mobility,Nova,2015,Operational,Fair,39.0,2025-02-22,2025-08-11,18
E-01204,U-040,Generator,Surveillance,Nova,2025,Operational,Poor,40.2,2025-10-11,2026-01-18,17
E-01205,U-008,Sensor,Command,Nova,2021,Operational,Good,50.8,2026-04-08,2026-07-24,18
E-01206,U-042,Sensor,Power,Nova,2016,Operational,Poor,51.3,2025-11-01,2026-01-26,15
E-01207,U-022,Aircraft,Power,Nova,2025,Limited,Poor,89.0,2025-08-03,2025-09-05,29
E-01208,U-052,Aircraft,Power,Orion,2023,Operational,Good,93.8,2026-01-08,2026-06-04,21
E-01209,U-027,Sensor,Surveillance,Nova,2019,Limited,Good,99.3,2025-03-15,2025-04-13,31
E-01210,U-054,Sensor,Mobility,Nova,2022,Operational,Fair,96.6,2025-02-28,2025-04-13,12
E-01211,U-021,Sensor,Command,Orion,2024,Operational,Good,31.9,2025-01-03,2025-03-14,32
E-01212,U-021,Communications,Command,Orion,2024,Operational,Poor,68.3,2025-01-14,2025-03-08,35
E-01213,U-022,Communications,Mobility,Apex,2025,Operational,Fair,45.2,2025-07-11,2025-09-09,29
E-01214,U-016,Vehicle,Power,Nova,2022,Operational,Good,41.0,2025-12-05,2026-01-07,12
E-01215,U-009,Generator,Surveillance,Orion,2016,Operational,Fair,53.9,2025-09-09,2026-03-04,21
E-01216,U-057,Communications,Power,Orion,2020,Operational,Fair,75.6,2026-08-23,2026-09-22,9
E-01217,U-003,Vehicle,Surveillance,Orion,2016,Operational,Good,53.4,2026-02-25,2026-06-04,16
E-01218,U-060,Generator,Surveillance,Orion,2016,Operational,Good,28.6,2026-08-01,2027-01-12,15
E-01219,U-060,Sensor,Mobility,Orion,2020,Operational,Good,55.0,2025-06-01,2025-10-02,6
E-01220,U-058,Communications,Command,Nova,2026,Operational,Poor,22.1,2025-06-22,2025-10-18,18
E-01221,U-019,Generator,Command,Nova,2015,Operational,Fair,49.7,2026-07-25,2026-11-04,21
E-01222,U-038,Communications,Surveillance,Apex,2026,Operational,Fair,54.3,2025-02-22,2025-07-19,31
E-01223,U-032,Communications,Command,Nova,2017,Limited,Fair,52.8,2025-11-16,2026-01-24,3
E-01224,U-017,Vehicle,Command,Nova,2026,Operational,Good,52.0,2025-02-06,2025-06-02,9
E-01225,U-028,Communications,Command,Apex,2024,Operational,Fair,50.0,2025-07-08,2025-10-22,1
E-01226,U-026,Aircraft,Mobility,Orion,2025,Operational,Fair,21.9,2026-04-14,2026-05-21,21
E-01227,U-044,Vehicle,Mobility,Apex,2024,Operational,Good,40.2,2025-06-26,2025-12-19,2
E-01228,U-030,Communications,Mobility,Orion,2017,Operational,Poor,25.9,2026-05-03,2026-07-11,15
E-01229,U-049,Aircraft,Command,Nova,2021,Operational,Poor,68.8,2025-03-16,2025-05-03,0
E-01230,U-055,Vehicle,Surveillance,Apex,2017,Operational,Good,93.6,2025-08-18,2025-09-17,3
E-01231,U-058,Communications,Command,Nova,2022,Limited,Fair,79.9,2025-05-09,2025-07-14,29
E-01232,U-050,Generator,Power,Orion,2026,Operational,Poor,62.8,2025-11-20,2026-04-02,10
E-01233,U-058,Vehicle,Surveillance,Apex,2017,Limited,Good,75.4,2025-05-29,2025-10-28,1
E-01234,U-006,Aircraft,Mobility,Orion,2019,Operational,Fair,76.3,2026-03-08,2026-06-29,32
E-01235,U-038,Generator,Surveillance,Orion,2015,Operational,Poor,53.4,2025-05-21,2025-06-14,27
E-01236,U-057,Communications,Power,Orion,2017,Operational,Fair,56.9,2026-03-27,2026-08-09,35
E-01237,U-030,Sensor,Power,Apex,2022,Operational,Good,84.8,2026-04-26,2026-10-18,17
E-01238,U-027,Sensor,Surveillance,Apex,2021,Operational,Good,31.4,2026-05-06,2026-10-30,32
E-01239,U-033,Aircraft,Power,Apex,2021,Maintenance,Poor,24.9,2025-06-06,2025-11-26,8
E-01240,U-033,Vehicle,Surveillance,Orion,2016,Operational,Fair,22.1,2026-02-15,2026-06-02,12
E-01241,U-056,Aircraft,Surveillance,Apex,2020,Maintenance,Fair,78.3,2025-03-18,2025-07-17,34
E-01242,U-033,Vehicle,Surveillance,Orion,2019,Operational,Fair,97.6,2025-07-26,2026-01-09,23
E-01243,U-041,Sensor,Command,Apex,2017,Operational,Fair,30.7,2025-05-28,2025-09-17,15
E-01244,U-024,Sensor,Mobility,Apex,2024,Operational,Poor,26.8,2025-03-27,2025-09-20,35
E-01245,U-044,Vehicle,Surveillance,Apex,2026,Operational,Good,57.7,2026-07-24,2026-12-22,25
E-01246,U-032,Communications,Mobility,Orion,2022,Operational,Poor,28.3,2026-01-11,2026-02-14,30
E-01247,U-053,Generator,Command,Apex,2021,Operational,Poor,66.3,2025-03-01,2025-07-12,24
E-01248,U-029,Sensor,Mobility,Nova,2015,Operational,Fair,98.0,2025-10-28,2025-12-10,2
E-01249,U-060,Sensor,Mobility,Apex,2022,Operational,Poor,79.0,2025-02-22,2025-03-21,11
E-01250,U-001,Communications,Power,Nova,2019,Operational,Poor,57.9,2025-02-19,2025-08-18,14
E-01251,U-046,Vehicle,Mobility,Nova,2017,Operational,Poor,92.1,2025-02-03,2025-06-23,23
E-01252,U-058,Sensor,Power,Nova,2018,Maintenance,Poor,53.8,2025-10-03,2026-03-24,28
E-01253,U-048,Communications,Power,Apex,2021,Operational,Poor,74.3,2025-09-18,2026-03-14,16
E-01254,U-043,Generator,Mobility,Orion,2019,Operational,Good,47.9,2025-02-27,2025-05-12,28
E-01255,U-019,Vehicle,Command,Apex,2022,Operational,Poor,81.4,2026-01-11,2026-05-24,27
E-01256,U-051,Aircraft,Surveillance,Orion,2023,Operational,Good,79.5,2026-08-11,2026-12-05,0
E-01257,U-054,Generator,Surveillance,Apex,2022,Limited,Fair,67.9,2025-11-24,2025-12-25,23
E-01258,U-034,Aircraft,Mobility,Orion,2019,Operational,Poor,69.0,2026-02-05,2026-07-06,3
E-01259,U-014,Sensor,Command,Orion,2026,Operational,Good,73.9,2026-05-31,2026-10-11,16
E-01260,U-017,Aircraft,Surveillance,Apex,2017,Operational,Fair,49.9,2025-01-28,2025-04-20,20
E-01261,U-010,Vehicle,Mobility,Apex,2026,Maintenance,Good,92.9,2025-04-22,2025-09-21,23
E-01262,U-052,Generator,Surveillance,Nova,2021,Operational,Poor,68.8,2026-07-02,2026-10-12,14
E-01263,U-053,Communications,Power,Nova,2021,Operational,Good,60.0,2025-03-20,2025-06-01,3
E-01264,U-053,Generator,Mobility,Apex,2017,Maintenance,Good,72.5,2025-07-23,2025-11-27,16
E-01265,U-010,Communications,Mobility,Orion,2020,Operational,Fair,63.7,2026-05-23,2026-07-23,33
E-01266,U-056,Vehicle,Command,Apex,2019,Maintenance,Fair,97.7,2026-07-16,2026-10-09,34
E-01267,U-018,Sensor,Mobility,Orion,2017,Maintenance,Poor,39.8,2025-11-09,2026-03-25,6
E-01268,U-031,Sensor,Command,Apex,2019,Limited,Fair,26.3,2025-09-16,2025-11-21,31
E-01269,U-022,Generator,Power,Apex,2024,Limited,Good,53.9,2025-02-18,2025-06-27,32
E-01270,U-034,Aircraft,Surveillance,Orion,2020,Maintenance,Fair,42.3,2026-07-09,2026-12-07,16
E-01271,U-057,Vehicle,Command,Orion,2015,Maintenance,Good,93.4,2025-10-29,2025-12-22,13
E-01272,U-027,Aircraft,Surveillance,Apex,2026,Operational,Fair,46.6,2025-12-03,2026-01-08,13
E-01273,U-017,Aircraft,Mobility,Apex,2017,Operational,Fair,87.3,2025-09-13,2026-02-15,18
E-01274,U-051,Aircraft,Command,Orion,2026,Operational,Poor,48.0,2026-05-06,2026-06-25,4
E-01275,U-024,Sensor,Command,Nova,2017,Operational,Poor,93.7,2026-07-22,2026-08-26,29
E-01276,U-002,Aircraft,Power,Nova,2015,Operational,Fair,97.4,2025-12-10,2026-01-25,24
E-01277,U-003,Sensor,Power,Apex,2018,Operational,Good,37.1,2025-05-14,2025-09-23,11
E-01278,U-052,Aircraft,Surveillance,Nova,2025,Maintenance,Good,42.7,2025-03-11,2025-07-25,22
E-01279,U-027,Vehicle,Command,Nova,2016,Operational,Good,63.5,2025-03-06,2025-03-29,31
E-01280,U-035,Sensor,Mobility,Orion,2021,Operational,Good,45.5,2026-07-25,2026-10-29,22
E-01281,U-040,Aircraft,Surveillance,Orion,2018,Limited,Fair,54.6,2025-12-06,2026-03-11,5
E-01282,U-034,Aircraft,Command,Orion,2017,Operational,Good,95.1,2025-06-19,2025-11-19,34
E-01283,U-025,Vehicle,Power,Nova,2019,Operational,Fair,67.1,2026-08-22,2027-02-13,33
E-01284,U-049,Aircraft,Command,Nova,2023,Operational,Fair,55.9,2025-06-29,2025-07-28,21
E-01285,U-010,Vehicle,Command,Nova,2017,Operational,Poor,63.2,2025-09-06,2026-01-21,5
E-01286,U-051,Communications,Mobility,Apex,2021,Operational,Fair,61.8,2025-08-03,2025-11-06,8
E-01287,U-051,Aircraft,Surveillance,Apex,2021,Maintenance,Poor,76.2,2026-05-08,2026-08-22,11
E-01288,U-031,Sensor,Surveillance,Apex,2026,Operational,Good,32.0,2026-06-26,2026-11-22,30
E-01289,U-029,Generator,Surveillance,Apex,2026,Limited,Good,52.5,2025-08-20,2026-01-24,14
E-01290,U-053,Generator,Power,Orion,2018,Operational,Fair,91.3,2025-09-30,2025-12-03,12
E-01291,U-042,Sensor,Mobility,Apex,2019,Operational,Fair,37.0,2026-04-09,2026-09-11,22
E-01292,U-046,Vehicle,Command,Orion,2018,Maintenance,Poor,70.9,2025-08-12,2025-10-03,10
E-01293,U-036,Vehicle,Power,Nova,2017,Operational,Fair,23.3,2026-04-04,2026-06-02,21
E-01294,U-022,Sensor,Command,Nova,2022,Operational,Fair,71.9,2025-10-25,2026-01-28,6
E-01295,U-007,Aircraft,Mobility,Orion,2024,Operational,Fair,71.0,2026-05-04,2026-08-05,25
E-01296,U-056,Aircraft,Surveillance,Orion,2021,Maintenance,Poor,20.8,2025-08-27,2025-11-26,32
E-01297,U-043,Sensor,Command,Apex,2017,Operational,Poor,34.3,2026-03-18,2026-04-25,10
E-01298,U-019,Generator,Surveillance,Nova,2022,Limited,Good,20.8,2025-12-05,2026-04-12,10
E-01299,U-016,Aircraft,Power,Apex,2021,Operational,Fair,22.5,2025-11-17,2026-03-22,1
E-01300,U-041,Communications,Mobility,Apex,2017,Limited,Poor,23.8,2025-11-27,2026-02-17,32
E-01301,U-002,Aircraft,Surveillance,Apex,2021,Operational,Good,63.5,2025-09-05,2025-11-27,22
E-01302,U-028,Generator,Mobility,Apex,2023,Limited,Poor,21.4,2025-02-24,2025-04-14,23
E-01303,U-053,Sensor,Power,Apex,2020,Operational,Fair,56.7,2025-07-31,2025-09-22,28
E-01304,U-032,Sensor,Mobility,Orion,2021,Operational,Fair,68.7,2026-06-08,2026-12-03,23
E-01305,U-030,Sensor,Power,Nova,2020,Operational,Poor,65.6,2025-12-28,2026-04-21,1
E-01306,U-058,Communications,Surveillance,Apex,2024,Operational,Poor,70.5,2025-11-28,2026-04-10,7
E-01307,U-020,Generator,Mobility,Nova,2018,Limited,Poor,47.6,2026-01-09,2026-03-11,20
E-01308,U-009,Vehicle,Surveillance,Nova,2023,Operational,Poor,98.1,2025-05-27,2025-07-27,4
E-01309,U-026,Vehicle,Command,Apex,2019,Operational,Fair,59.3,2025-04-09,2025-07-13,20
E-01310,U-010,Vehicle,Command,Orion,2025,Operational,Fair,81.2,2025-07-29,2025-10-24,29
E-01311,U-013,Aircraft,Command,Orion,2015,Operational,Good,85.8,2026-06-10,2026-09-30,15
E-01312,U-012,Generator,Power,Apex,2026,Operational,Poor,33.8,2025-06-22,2025-09-01,27
E-01313,U-015,Aircraft,Power,Apex,2017,Operational,Poor,27.1,2025-01-23,2025-07-03,2
E-01314,U-024,Sensor,Power,Nova,2024,Operational,Good,76.6,2025-12-29,2026-03-31,30
E-01315,U-039,Communications,Command,Apex,2020,Operational,Fair,52.5,2025-04-01,2025-05-13,35
E-01316,U-058,Communications,Power,Nova,2026,Operational,Good,41.0,2025-04-27,2025-09-22,23
E-01317,U-031,Communications,Surveillance,Nova,2017,Operational,Fair,54.2,2025-07-26,2025-11-29,5
E-01318,U-012,Generator,Command,Apex,2016,Maintenance,Good,22.1,2025-09-02,2025-11-03,5
E-01319,U-057,Vehicle,Command,Apex,2016,Operational,Fair,67.4,2026-05-30,2026-09-05,35
E-01320,U-003,Aircraft,Mobility,Nova,2023,Operational,Poor,62.3,2026-06-23,2026-07-30,24
E-01321,U-044,Generator,Command,Apex,2016,Operational,Poor,28.6,2025-11-06,2026-04-22,2
E-01322,U-033,Communications,Command,Orion,2021,Operational,Poor,78.2,2025-03-13,2025-05-24,6
E-01323,U-029,Sensor,Surveillance,Orion,2015,Operational,Fair,97.9,2025-08-28,2025-10-04,30
E-01324,U-006,Aircraft,Mobility,Nova,2016,Operational,Poor,83.5,2025-08-11,2025-12-31,18
E-01325,U-003,Vehicle,Command,Nova,2018,Operational,Good,21.8,2025-01-31,2025-04-24,17
E-01326,U-052,Sensor,Mobility,Orion,2016,Operational,Fair,91.5,2026-01-12,2026-06-02,25
E-01327,U-023,Sensor,Power,Nova,2017,Operational,Fair,76.6,2026-05-23,2026-10-07,9
E-01328,U-015,Communications,Mobility,Orion,2015,Operational,Good,73.0,2026-01-22,2026-06-19,4
E-01329,U-006,Sensor,Mobility,Apex,2024,Operational,Poor,50.3,2025-11-20,2026-01-31,3
E-01330,U-028,Vehicle,Mobility,Orion,2024,Operational,Poor,42.5,2026-04-18,2026-10-07,25
E-01331,U-026,Communications,Command,Nova,2022,Operational,Good,22.3,2025-05-21,2025-07-07,20
E-01332,U-034,Aircraft,Surveillance,Apex,2019,Operational,Poor,23.9,2025-01-28,2025-06-04,12
E-01333,U-016,Generator,Command,Apex,2021,Operational,Fair,91.2,2025-08-10,2026-01-02,18
E-01334,U-019,Aircraft,Command,Nova,2025,Limited,Good,39.5,2026-06-23,2026-10-06,0
E-01335,U-054,Communications,Power,Nova,2026,Maintenance,Good,74.9,2025-07-10,2025-12-17,21
E-01336,U-048,Generator,Mobility,Apex,2024,Operational,Good,91.5,2025-12-31,2026-05-07,1
E-01337,U-014,Communications,Command,Orion,2022,Operational,Poor,64.9,2026-06-16,2026-08-27,35
E-01338,U-046,Sensor,Command,Apex,2018,Maintenance,Poor,21.4,2025-07-20,2025-10-14,15
E-01339,U-027,Generator,Power,Orion,2021,Operational,Fair,61.4,2026-03-26,2026-08-15,17
E-01340,U-007,Sensor,Mobility,Apex,2015,Operational,Fair,38.2,2025-08-25,2026-01-09,21
E-01341,U-023,Sensor,Surveillance,Orion,2015,Operational,Good,40.8,2026-08-12,2027-01-10,19
E-01342,U-001,Vehicle,Power,Orion,2016,Limited,Fair,55.2,2025-04-16,2025-09-22,7
E-01343,U-046,Sensor,Mobility,Apex,2021,Operational,Poor,50.5,2025-08-08,2025-09-23,19
E-01344,U-025,Sensor,Mobility,Apex,2023,Operational,Poor,33.3,2025-07-23,2025-08-17,21
E-01345,U-022,Sensor,Power,Orion,2017,Operational,Poor,51.9,2025-10-04,2025-12-26,24
E-01346,U-033,Sensor,Surveillance,Apex,2019,Operational,Good,35.9,2025-08-26,2025-11-23,20
E-01347,U-018,Generator,Surveillance,Orion,2015,Operational,Good,38.5,2026-08-04,2026-08-25,5
E-01348,U-006,Communications,Surveillance,Apex,2018,Operational,Poor,50.1,2025-05-21,2025-11-07,30
E-01349,U-059,Vehicle,Surveillance,Nova,2018,Operational,Fair,83.8,2025-05-09,2025-07-27,34
E-01350,U-024,Generator,Surveillance,Apex,2024,Operational,Good,40.7,2026-08-18,2027-02-08,5
E-01351,U-027,Aircraft,Mobility,Apex,2018,Operational,Fair,84.3,2025-02-03,2025-04-30,1
E-01352,U-016,Generator,Power,Apex,2026,Operational,Fair,85.0,2026-06-25,2026-07-23,0
E-01353,U-045,Sensor,Power,Nova,2025,Operational,Poor,46.8,2025-06-26,2025-08-16,19
E-01354,U-052,Generator,Power,Nova,2026,Operational,Fair,54.2,2025-12-30,2026-04-13,18
E-01355,U-009,Generator,Surveillance,Apex,2022,Operational,Fair,33.5,2026-05-03,2026-05-24,0
E-01356,U-008,Sensor,Command,Orion,2019,Operational,Fair,66.4,2025-03-10,2025-06-10,20
E-01357,U-038,Generator,Mobility,Orion,2026,Operational,Good,64.1,2025-08-28,2025-10-28,27
E-01358,U-018,Vehicle,Mobility,Apex,2016,Limited,Fair,21.0,2026-05-14,2026-10-23,6
E-01359,U-009,Sensor,Surveillance,Apex,2026,Operational,Poor,39.2,2025-12-12,2026-03-11,19
E-01360,U-036,Generator,Command,Nova,2026,Operational,Poor,87.8,2025-04-03,2025-06-24,20
E-01361,U-046,Aircraft,Command,Nova,2018,Operational,Fair,33.5,2025-06-03,2025-11-06,30
E-01362,U-046,Sensor,Mobility,Nova,2018,Operational,Good,93.5,2026-02-20,2026-06-26,20
E-01363,U-025,Sensor,Mobility,Apex,2020,Operational,Poor,64.8,2026-04-13,2026-05-19,33
E-01364,U-056,Aircraft,Power,Apex,2026,Maintenance,Good,59.0,2025-02-08,2025-07-25,7
E-01365,U-008,Vehicle,Power,Orion,2019,Operational,Fair,50.5,2025-05-03,2025-06-12,6
E-01366,U-038,Vehicle,Surveillance,Orion,2019,Limited,Good,78.5,2025-09-04,2025-12-10,31
E-01367,U-014,Generator,Command,Apex,2022,Limited,Poor,73.5,2026-07-14,2026-10-16,35
E-01368,U-044,Vehicle,Mobility,Orion,2023,Maintenance,Poor,91.0,2026-04-15,2026-06-11,21
E-01369,U-016,Vehicle,Command,Apex,2025,Operational,Poor,81.7,2025-12-09,2026-01-05,35
E-01370,U-011,Sensor,Mobility,Nova,2021,Operational,Poor,52.5,2026-02-20,2026-03-16,9
E-01371,U-035,Communications,Command,Nova,2025,Operational,Fair,56.7,2026-01-05,2026-05-09,19
E-01372,U-026,Vehicle,Mobility,Apex,2018,Limited,Poor,99.4,2025-05-17,2025-10-04,0
E-01373,U-054,Vehicle,Command,Orion,2023,Operational,Good,62.2,2026-04-03,2026-09-01,26
E-01374,U-059,Communications,Command,Apex,2022,Operational,Poor,22.8,2026-08-17,2027-01-15,15
E-01375,U-018,Aircraft,Command,Nova,2026,Limited,Poor,54.8,2025-10-05,2026-01-10,34
E-01376,U-029,Aircraft,Surveillance,Orion,2015,Operational,Fair,83.9,2025-06-30,2025-09-26,21
E-01377,U-026,Communications,Surveillance,Orion,2021,Operational,Fair,74.2,2026-03-29,2026-05-10,32
E-01378,U-011,Sensor,Power,Orion,2022,Limited,Poor,48.0,2025-04-16,2025-05-16,12
E-01379,U-020,Communications,Mobility,Apex,2021,Operational,Good,51.8,2025-05-16,2025-08-01,3
E-01380,U-014,Generator,Power,Apex,2020,Operational,Fair,37.8,2026-02-03,2026-02-25,2
E-01381,U-030,Sensor,Command,Orion,2016,Operational,Fair,61.2,2025-02-10,2025-04-08,9
E-01382,U-018,Sensor,Power,Apex,2017,Maintenance,Fair,76.6,2026-02-14,2026-04-26,30
E-01383,U-049,Generator,Command,Orion,2026,Operational,Fair,68.0,2025-03-05,2025-05-17,12
E-01384,U-009,Communications,Command,Orion,2017,Maintenance,Good,62.6,2026-03-21,2026-07-09,25
E-01385,U-011,Sensor,Command,Apex,2022,Limited,Poor,34.1,2025-08-25,2025-12-09,13
E-01386,U-007,Communications,Surveillance,Nova,2026,Operational,Poor,90.8,2025-08-27,2025-09-17,34
E-01387,U-045,Communications,Power,Apex,2018,Operational,Poor,55.7,2025-05-26,2025-08-22,12
E-01388,U-013,Vehicle,Command,Nova,2019,Operational,Fair,51.9,2025-07-21,2025-08-31,8
E-01389,U-024,Vehicle,Power,Orion,2018,Maintenance,Fair,28.1,2026-07-15,2026-12-16,23
E-01390,U-049,Sensor,Surveillance,Nova,2015,Operational,Poor,70.2,2026-05-04,2026-08-07,23
E-01391,U-055,Generator,Command,Apex,2020,Operational,Fair,73.3,2025-11-11,2026-04-18,14
E-01392,U-030,Generator,Mobility,Orion,2018,Operational,Poor,31.6,2026-03-22,2026-08-04,12
E-01393,U-042,Aircraft,Power,Nova,2018,Operational,Fair,78.1,2026-06-19,2026-08-11,33
E-01394,U-036,Vehicle,Command,Nova,2022,Operational,Poor,92.8,2026-08-09,2026-12-26,33
E-01395,U-056,Vehicle,Power,Apex,2018,Operational,Good,27.6,2025-08-05,2026-01-02,23
E-01396,U-049,Generator,Mobility,Nova,2025,Operational,Poor,22.4,2025-12-20,2026-04-03,0
E-01397,U-026,Aircraft,Surveillance,Nova,2025,Operational,Good,52.3,2026-03-21,2026-08-05,14
E-01398,U-020,Sensor,Mobility,Orion,2024,Maintenance,Poor,74.3,2026-03-04,2026-07-11,15
E-01399,U-010,Generator,Mobility,Nova,2015,Limited,Good,62.2,2026-08-21,2026-10-27,19
E-01400,U-010,Communications,Command,Apex,2020,Maintenance,Fair,65.3,2026-01-26,2026-05-28,15
E-01401,U-059,Communications,Surveillance,Apex,2024,Maintenance,Poor,40.6,2025-10-30,2026-02-13,18
E-01402,U-001,Aircraft,Power,Orion,2026,Operational,Fair,53.2,2026-07-24,2026-12-02,23
E-01403,U-013,Vehicle,Surveillance,Apex,2015,Operational,Good,32.0,2026-04-27,2026-06-09,1
E-01404,U-043,Communications,Surveillance,Nova,2021,Operational,Good,74.6,2026-04-24,2026-06-25,22
E-01405,U-048,Communications,Command,Apex,2026,Operational,Good,42.8,2026-04-18,2026-09-14,28
E-01406,U-018,Sensor,Surveillance,Apex,2016,Operational,Poor,29.9,2025-03-08,2025-08-29,0
E-01407,U-020,Sensor,Surveillance,Nova,2026,Limited,Good,79.8,2026-06-16,2026-08-28,9
E-01408,U-027,Sensor,Command,Nova,2022,Operational,Poor,48.6,2025-11-08,2026-02-28,17
E-01409,U-006,Vehicle,Mobility,Nova,2018,Maintenance,Fair,27.7,2026-03-18,2026-07-22,18
E-01410,U-059,Vehicle,Mobility,Orion,2020,Operational,Fair,85.2,2026-07-27,2026-10-24,26
E-01411,U-028,Sensor,Command,Nova,2018,Operational,Poor,55.2,2025-09-19,2026-02-26,3
E-01412,U-048,Aircraft,Mobility,Nova,2020,Operational,Fair,54.9,2025-05-14,2025-06-25,35
E-01413,U-013,Generator,Surveillance,Orion,2016,Maintenance,Poor,62.3,2026-07-10,2026-12-15,32
E-01414,U-016,Communications,Power,Orion,2015,Maintenance,Poor,85.6,2025-10-08,2026-03-07,20
E-01415,U-040,Vehicle,Surveillance,Apex,2026,Operational,Fair,24.6,2026-05-31,2026-08-20,2
E-01416,U-033,Sensor,Command,Orion,2018,Operational,Fair,82.0,2025-10-15,2026-01-02,22
E-01417,U-017,Aircraft,Power,Apex,2016,Limited,Good,85.6,2026-02-20,2026-06-11,24
E-01418,U-003,Sensor,Mobility,Apex,2023,Operational,Poor,23.6,2026-06-01,2026-09-13,19
E-01419,U-027,Sensor,Mobility,Orion,2024,Operational,Good,37.0,2026-01-26,2026-05-29,16
E-01420,U-029,Sensor,Mobility,Nova,2026,Operational,Good,54.1,2026-04-16,2026-06-22,11
E-01421,U-008,Communications,Surveillance,Nova,2020,Operational,Fair,64.1,2025-02-15,2025-06-19,32
E-01422,U-046,Vehicle,Mobility,Orion,2016,Operational,Fair,61.7,2026-07-31,2026-10-15,13
E-01423,U-014,Aircraft,Surveillance,Nova,2026,Operational,Poor,52.1,2025-05-15,2025-06-29,14
E-01424,U-033,Vehicle,Mobility,Apex,2024,Operational,Fair,82.8,2025-11-20,2026-04-12,12
E-01425,U-051,Vehicle,Mobility,Apex,2017,Limited,Fair,84.9,2025-01-12,2025-05-31,6
E-01426,U-035,Aircraft,Mobility,Orion,2026,Operational,Poor,84.7,2026-01-19,2026-07-11,18
E-01427,U-039,Sensor,Power,Apex,2020,Operational,Fair,29.7,2025-07-14,2025-08-27,14
E-01428,U-054,Sensor,Mobility,Nova,2021,Operational,Poor,59.4,2026-06-30,2026-11-20,0
E-01429,U-035,Aircraft,Command,Nova,2018,Operational,Poor,33.0,2025-11-15,2026-04-26,23
E-01430,U-002,Aircraft,Surveillance,Apex,2017,Maintenance,Poor,37.6,2025-04-14,2025-06-08,4
E-01431,U-049,Aircraft,Power,Apex,2017,Operational,Good,65.0,2025-10-14,2026-01-09,2
E-01432,U-043,Sensor,Mobility,Orion,2022,Operational,Fair,61.8,2025-08-07,2025-11-24,24
E-01433,U-010,Aircraft,Mobility,Orion,2021,Maintenance,Good,25.5,2025-09-19,2025-11-24,26
E-01434,U-051,Communications,Mobility,Orion,2024,Operational,Fair,95.5,2025-02-03,2025-06-12,20
E-01435,U-032,Vehicle,Mobility,Nova,2021,Operational,Good,86.5,2025-06-22,2025-07-28,34
E-01436,U-006,Communications,Command,Apex,2015,Operational,Good,46.0,2025-05-15,2025-10-31,32
E-01437,U-050,Communications,Mobility,Orion,2017,Maintenance,Good,29.2,2026-08-18,2026-11-18,21
E-01438,U-039,Aircraft,Mobility,Apex,2024,Operational,Poor,51.0,2026-07-23,2026-09-08,25
E-01439,U-056,Generator,Power,Apex,2020,Limited,Good,27.1,2025-02-19,2025-04-16,3
E-01440,U-054,Vehicle,Mobility,Orion,2019,Operational,Good,95.3,2026-03-09,2026-08-18,0
E-01441,U-017,Vehicle,Mobility,Nova,2024,Operational,Fair,92.6,2026-02-21,2026-05-17,2
E-01442,U-052,Generator,Surveillance,Nova,2020,Limited,Fair,42.4,2025-08-30,2025-12-18,1
E-01443,U-053,Aircraft,Power,Nova,2015,Operational,Fair,86.2,2025-01-12,2025-05-28,16
E-01444,U-022,Aircraft,Command,Nova,2024,Operational,Poor,63.7,2026-03-19,2026-07-06,2
E-01445,U-032,Aircraft,Power,Apex,2019,Operational,Good,73.2,2025-05-26,2025-06-19,18
E-01446,U-040,Sensor,Surveillance,Apex,2020,Operational,Good,74.0,2026-04-11,2026-10-08,34
E-01447,U-019,Sensor,Mobility,Nova,2020,Maintenance,Good,23.6,2026-02-20,2026-06-20,18
E-01448,U-032,Sensor,Mobility,Orion,2019,Operational,Poor,77.0,2026-06-22,2026-11-21,20
E-01449,U-038,Sensor,Command,Nova,2022,Operational,Fair,26.8,2025-05-18,2025-09-14,24
E-01450,U-009,Sensor,Mobility,Apex,2019,Limited,Poor,61.8,2026-02-13,2026-05-13,25
E-01451,U-057,Sensor,Mobility,Apex,2021,Limited,Fair,50.3,2026-02-27,2026-07-24,31
E-01452,U-053,Communications,Mobility,Orion,2022,Operational,Good,36.5,2025-02-15,2025-04-13,20
E-01453,U-010,Communications,Power,Apex,2020,Operational,Poor,51.2,2025-07-03,2025-07-31,0
E-01454,U-034,Aircraft,Power,Nova,2021,Operational,Good,56.2,2026-06-20,2026-08-06,23
E-01455,U-055,Communications,Mobility,Nova,2020,Operational,Poor,91.8,2025-12-14,2026-03-28,12
E-01456,U-050,Vehicle,Power,Orion,2021,Operational,Good,46.4,2025-07-12,2026-01-07,14
E-01457,U-019,Communications,Command,Nova,2026,Operational,Poor,29.9,2025-09-06,2026-02-27,5
E-01458,U-057,Generator,Power,Nova,2018,Operational,Poor,28.7,2026-08-16,2026-11-14,4
E-01459,U-018,Sensor,Command,Orion,2026,Operational,Good,74.5,2026-07-06,2026-11-22,30
E-01460,U-038,Generator,Mobility,Apex,2016,Limited,Good,54.2,2025-06-04,2025-11-06,9
E-01461,U-015,Sensor,Mobility,Nova,2016,Operational,Poor,21.2,2025-08-11,2025-09-10,24
E-01462,U-010,Sensor,Power,Orion,2023,Operational,Poor,80.4,2025-06-16,2025-10-25,13
E-01463,U-044,Aircraft,Surveillance,Orion,2019,Operational,Fair,89.3,2026-01-06,2026-05-12,13
E-01464,U-050,Aircraft,Command,Apex,2026,Operational,Fair,85.9,2026-05-30,2026-07-27,20
E-01465,U-020,Communications,Power,Apex,2020,Operational,Good,25.4,2025-07-10,2025-11-26,33
E-01466,U-044,Aircraft,Mobility,Orion,2015,Limited,Good,40.1,2025-07-11,2025-11-01,14
E-01467,U-036,Aircraft,Surveillance,Apex,2015,Limited,Fair,55.3,2025-07-11,2025-11-29,27
E-01468,U-025,Aircraft,Command,Nova,2023,Operational,Fair,43.9,2025-02-15,2025-07-13,28
E-01469,U-006,Sensor,Power,Apex,2016,Operational,Poor,87.4,2025-02-26,2025-05-12,24
E-01470,U-036,Vehicle,Power,Nova,2017,Operational,Fair,30.3,2025-07-14,2025-08-11,30
E-01471,U-054,Generator,Power,Apex,2015,Operational,Poor,85.5,2025-03-26,2025-04-18,24
E-01472,U-006,Generator,Command,Nova,2024,Operational,Fair,94.5,2025-10-21,2026-02-08,29
E-01473,U-020,Communications,Mobility,Nova,2024,Operational,Fair,27.7,2025-07-29,2025-09-18,23
E-01474,U-015,Generator,Surveillance,Apex,2024,Operational,Fair,87.4,2025-09-06,2026-01-23,1
E-01475,U-006,Communications,Power,Apex,2019,Operational,Fair,68.0,2025-02-16,2025-07-13,23
E-01476,U-048,Aircraft,Surveillance,Nova,2016,Limited,Poor,62.5,2025-12-31,2026-05-29,5
E-01477,U-054,Sensor,Mobility,Nova,2017,Maintenance,Good,49.3,2026-06-09,2026-11-27,9
E-01478,U-032,Sensor,Surveillance,Apex,2023,Operational,Good,59.3,2025-08-11,2025-11-12,2
E-01479,U-059,Vehicle,Command,Apex,2017,Operational,Good,89.7,2025-08-08,2025-11-18,16
E-01480,U-036,Vehicle,Power,Orion,2018,Operational,Poor,29.4,2026-03-26,2026-07-03,33
E-01481,U-014,Sensor,Power,Orion,2022,Operational,Poor,88.7,2026-07-23,2026-10-16,0
E-01482,U-030,Sensor,Surveillance,Orion,2020,Operational,Fair,21.0,2025-08-15,2025-12-28,24
E-01483,U-046,Aircraft,Command,Apex,2017,Operational,Poor,71.6,2025-06-15,2025-08-06,7
E-01484,U-038,Sensor,Command,Orion,2023,Operational,Fair,81.0,2026-05-31,2026-07-24,27
E-01485,U-017,Communications,Mobility,Orion,2026,Operational,Fair,71.5,2025-07-30,2025-12-07,10
E-01486,U-043,Sensor,Surveillance,Apex,2019,Operational,Poor,48.2,2026-02-16,2026-05-06,6
E-01487,U-012,Generator,Command,Orion,2023,Operational,Poor,42.2,2025-09-16,2026-02-26,5
E-01488,U-008,Sensor,Power,Apex,2017,Limited,Fair,34.5,2025-11-13,2025-12-10,24
E-01489,U-048,Aircraft,Mobility,Orion,2026,Operational,Good,44.6,2026-04-24,2026-07-10,24
E-01490,U-017,Vehicle,Surveillance,Nova,2020,Limited,Poor,48.0,2025-04-08,2025-07-29,35
E-01491,U-052,Generator,Command,Apex,2024,Operational,Good,60.0,2026-08-10,2026-10-19,6
E-01492,U-014,Sensor,Power,Nova,2022,Operational,Good,59.1,2025-07-18,2025-12-03,27
E-01493,U-034,Sensor,Power,Nova,2018,Maintenance,Fair,83.1,2026-05-03,2026-09-08,4
E-01494,U-014,Sensor,Power,Nova,2016,Operational,Poor,47.7,2025-04-02,2025-09-11,1
E-01495,U-036,Communications,Surveillance,Orion,2017,Limited,Good,36.0,2025-11-01,2026-04-25,0
E-01496,U-044,Vehicle,Power,Apex,2015,Maintenance,Good,26.0,2026-02-20,2026-05-08,6
E-01497,U-022,Vehicle,Power,Orion,2017,Operational,Poor,35.9,2026-06-23,2026-09-15,31
E-01498,U-040,Generator,Mobility,Apex,2015,Operational,Poor,62.0,2025-03-18,2025-07-16,6
E-01499,U-052,Sensor,Mobility,Orion,2025,Operational,Poor,68.2,2025-09-14,2025-10-26,21
E-01500,U-058,Aircraft,Mobility,Orion,2022,Maintenance,Poor,95.1,2025-08-18,2025-12-13,29
E-01501,U-043,Sensor,Command,Apex,2024,Operational,Poor,51.6,2026-02-01,2026-03-04,11
E-01502,U-049,Communications,Surveillance,Orion,2018,Operational,Poor,33.9,2026-04-15,2026-08-06,32
E-01503,U-052,Aircraft,Surveillance,Apex,2019,Operational,Fair,69.6,2026-08-05,2026-12-23,6
E-01504,U-043,Sensor,Command,Apex,2022,Operational,Fair,20.6,2026-01-06,2026-02-24,21
E-01505,U-020,Sensor,Command,Nova,2017,Operational,Poor,86.9,2026-04-23,2026-08-26,0
E-01506,U-053,Generator,Surveillance,Nova,2023,Operational,Poor,62.9,2026-06-05,2026-11-12,26
E-01507,U-049,Aircraft,Power,Nova,2024,Operational,Fair,36.0,2025-02-05,2025-05-24,32
E-01508,U-025,Communications,Command,Orion,2019,Maintenance,Fair,90.7,2025-10-28,2025-11-30,10
E-01509,U-025,Sensor,Surveillance,Orion,2025,Operational,Fair,90.8,2025-06-03,2025-09-20,25
E-01510,U-052,Aircraft,Surveillance,Nova,2026,Operational,Fair,50.8,2025-12-09,2026-03-05,16
E-01511,U-029,Generator,Command,Orion,2022,Operational,Fair,89.1,2025-12-24,2026-01-22,8
E-01512,U-017,Communications,Surveillance,Orion,2017,Operational,Poor,71.8,2026-01-09,2026-06-21,17
E-01513,U-044,Generator,Command,Nova,2024,Limited,Fair,46.6,2026-02-12,2026-03-10,15
E-01514,U-029,Aircraft,Mobility,Orion,2023,Operational,Good,50.0,2025-10-14,2026-03-19,13
E-01515,U-013,Sensor,Command,Apex,2026,Limited,Poor,29.7,2026-01-16,2026-05-20,24
E-01516,U-020,Generator,Mobility,Orion,2018,Limited,Fair,36.7,2025-02-13,2025-05-14,5
E-01517,U-023,Communications,Command,Nova,2019,Operational,Good,45.1,2026-01-31,2026-03-03,9
E-01518,U-027,Communications,Surveillance,Nova,2024,Operational,Fair,36.5,2026-06-13,2026-09-15,25
E-01519,U-030,Generator,Surveillance,Orion,2026,Operational,Good,39.8,2026-03-14,2026-05-07,31
E-01520,U-013,Vehicle,Power,Nova,2017,Maintenance,Good,76.7,2025-09-28,2026-03-14,18
E-01521,U-053,Vehicle,Mobility,Apex,2025,Operational,Fair,54.9,2025-02-24,2025-07-17,34
E-01522,U-008,Sensor,Power,Nova,2019,Operational,Poor,90.5,2025-04-28,2025-09-16,30
E-01523,U-013,Communications,Mobility,Orion,2016,Limited,Fair,40.1,2025-07-21,2025-10-31,28
E-01524,U-056,Sensor,Command,Orion,2015,Operational,Fair,73.5,2025-10-04,2025-12-09,26
E-01525,U-003,Vehicle,Surveillance,Nova,2022,Operational,Fair,54.6,2026-04-24,2026-09-11,3
E-01526,U-031,Vehicle,Command,Nova,2017,Operational,Good,90.6,2026-07-09,2026-11-08,6
E-01527,U-056,Vehicle,Command,Apex,2022,Operational,Fair,40.3,2026-08-07,2027-01-27,33
E-01528,U-020,Communications,Surveillance,Orion,2023,Operational,Fair,20.7,2025-08-01,2025-12-28,0
E-01529,U-032,Sensor,Power,Apex,2015,Operational,Fair,41.4,2025-02-15,2025-07-11,2
E-01530,U-030,Aircraft,Power,Orion,2023,Limited,Poor,41.5,2025-07-29,2025-10-07,0
E-01531,U-015,Generator,Surveillance,Apex,2021,Operational,Fair,72.8,2026-06-14,2026-07-05,18
E-01532,U-057,Sensor,Command,Nova,2015,Operational,Poor,20.8,2025-05-13,2025-07-02,28
E-01533,U-036,Sensor,Power,Apex,2026,Limited,Good,54.2,2025-09-08,2026-02-07,20
E-01534,U-048,Generator,Power,Apex,2023,Limited,Poor,72.7,2025-10-01,2026-01-09,13
E-01535,U-002,Vehicle,Surveillance,Nova,2020,Operational,Fair,20.4,2025-07-10,2025-10-25,9
E-01536,U-028,Generator,Command,Apex,2025,Operational,Good,91.9,2025-05-08,2025-10-30,25
E-01537,U-025,Vehicle,Command,Apex,2020,Operational,Fair,48.2,2025-08-13,2025-09-02,15
E-01538,U-002,Generator,Power,Apex,2017,Maintenance,Poor,57.0,2025-05-01,2025-07-01,1
E-01539,U-008,Communications,Mobility,Nova,2020,Operational,Good,21.8,2026-01-01,2026-02-22,12
E-01540,U-006,Vehicle,Surveillance,Nova,2017,Limited,Good,44.1,2025-05-24,2025-07-14,2
E-01541,U-037,Generator,Power,Nova,2019,Operational,Poor,55.9,2025-02-27,2025-07-29,22
E-01542,U-029,Communications,Command,Orion,2026,Maintenance,Fair,71.0,2026-04-03,2026-07-15,15
E-01543,U-034,Vehicle,Command,Orion,2017,Operational,Poor,35.0,2026-01-19,2026-06-19,8
E-01544,U-028,Aircraft,Power,Apex,2023,Operational,Fair,34.8,2025-05-15,2025-09-04,23
E-01545,U-042,Aircraft,Mobility,Orion,2020,Maintenance,Poor,23.3,2026-03-05,2026-04-07,32
E-01546,U-008,Generator,Power,Nova,2023,Operational,Fair,51.0,2025-12-03,2026-03-19,0
E-01547,U-053,Aircraft,Power,Nova,2026,Operational,Good,90.8,2026-06-09,2026-09-20,1
E-01548,U-033,Generator,Surveillance,Nova,2019,Operational,Good,39.0,2025-09-19,2026-01-02,1
E-01549,U-029,Generator,Power,Nova,2026,Operational,Good,49.5,2026-01-05,2026-04-20,32
E-01550,U-033,Aircraft,Command,Nova,2017,Operational,Fair,55.1,2025-03-05,2025-06-17,19
E-01551,U-029,Sensor,Power,Orion,2024,Maintenance,Good,49.6,2026-05-24,2026-07-13,8
E-01552,U-014,Communications,Power,Nova,2024,Limited,Good,58.6,2026-04-04,2026-08-22,2
E-01553,U-002,Generator,Power,Orion,2024,Maintenance,Fair,63.8,2025-03-05,2025-06-12,26
E-01554,U-030,Sensor,Surveillance,Apex,2018,Operational,Poor,65.1,2025-04-19,2025-08-24,31
E-01555,U-008,Generator,Command,Orion,2015,Operational,Good,82.1,2025-12-04,2026-04-13,28
E-01556,U-017,Generator,Mobility,Apex,2017,Operational,Fair,31.8,2026-01-20,2026-06-12,25
E-01557,U-024,Generator,Power,Apex,2026,Operational,Poor,36.2,2025-03-06,2025-04-21,31
E-01558,U-059,Generator,Power,Orion,2020,Operational,Poor,39.3,2025-02-27,2025-06-01,22
E-01559,U-023,Sensor,Command,Apex,2021,Operational,Poor,96.5,2026-01-08,2026-03-23,13
E-01560,U-024,Sensor,Mobility,Nova,2024,Maintenance,Fair,80.7,2026-03-01,2026-06-06,5
E-01561,U-002,Vehicle,Power,Apex,2016,Limited,Fair,27.1,2026-03-04,2026-06-16,30
E-01562,U-036,Vehicle,Surveillance,Nova,2018,Operational,Good,51.3,2025-06-12,2025-10-08,2
E-01563,U-050,Sensor,Mobility,Nova,2024,Operational,Poor,98.7,2025-03-12,2025-08-18,22
E-01564,U-042,Vehicle,Power,Orion,2023,Operational,Good,67.8,2025-04-01,2025-05-14,6
E-01565,U-024,Vehicle,Command,Orion,2019,Operational,Good,22.6,2025-06-27,2025-09-03,15
E-01566,U-046,Sensor,Command,Orion,2024,Operational,Good,34.8,2026-08-08,2026-08-28,15
E-01567,U-035,Aircraft,Command,Nova,2016,Limited,Poor,62.6,2026-04-04,2026-06-17,33
E-01568,U-020,Aircraft,Mobility,Orion,2022,Operational,Fair,52.3,2026-04-06,2026-07-04,8
E-01569,U-048,Communications,Power,Nova,2026,Operational,Good,34.8,2026-07-11,2026-09-16,25
E-01570,U-028,Generator,Command,Nova,2021,Operational,Fair,42.0,2026-05-08,2026-06-04,16
E-01571,U-030,Communications,Surveillance,Nova,2021,Limited,Fair,39.2,2025-07-18,2026-01-06,20
E-01572,U-034,Sensor,Surveillance,Orion,2019,Operational,Poor,65.3,2026-07-17,2026-10-24,24
E-01573,U-034,Generator,Power,Orion,2024,Maintenance,Good,98.6,2025-04-01,2025-09-13,21
E-01574,U-016,Generator,Surveillance,Orion,2019,Operational,Poor,31.5,2025-12-01,2026-05-27,17
E-01575,U-001,Aircraft,Mobility,Nova,2024,Operational,Fair,41.5,2026-01-23,2026-07-12,24
E-01576,U-025,Vehicle,Mobility,Nova,2023,Operational,Good,87.2,2026-06-16,2026-11-30,9
E-01577,U-016,Sensor,Surveillance,Apex,2017,Operational,Good,38.1,2025-09-30,2025-12-12,14
E-01578,U-032,Vehicle,Surveillance,Nova,2026,Limited,Good,36.3,2025-10-04,2026-02-06,31
E-01579,U-059,Generator,Surveillance,Nova,2018,Operational,Good,94.3,2026-06-18,2026-09-30,20
E-01580,U-038,Sensor,Surveillance,Nova,2025,Operational,Fair,86.1,2025-11-30,2026-04-16,32
E-01581,U-025,Vehicle,Power,Orion,2016,Limited,Poor,30.5,2025-01-03,2025-05-04,30
E-01582,U-042,Generator,Power,Apex,2021,Operational,Good,33.2,2025-09-25,2025-10-24,23
E-01583,U-027,Sensor,Power,Apex,2019,Operational,Fair,34.2,2025-09-19,2025-10-24,18
E-01584,U-010,Sensor,Surveillance,Orion,2022,Operational,Poor,28.0,2026-06-07,2026-09-29,8
E-01585,U-004,Vehicle,Mobility,Nova,2023,Operational,Fair,73.7,2025-11-30,2025-12-25,21
E-01586,U-027,Communications,Command,Orion,2023,Operational,Fair,24.0,2025-04-14,2025-05-26,16
E-01587,U-013,Aircraft,Surveillance,Orion,2021,Operational,Poor,99.6,2025-07-10,2025-09-15,31
E-01588,U-043,Communications,Command,Apex,2023,Operational,Good,20.1,2025-10-13,2025-11-12,32
E-01589,U-040,Vehicle,Mobility,Orion,2017,Operational,Good,68.3,2026-05-18,2026-10-20,17
E-01590,U-023,Aircraft,Surveillance,Orion,2024,Maintenance,Poor,21.7,2025-10-30,2025-12-22,30
E-01591,U-002,Aircraft,Surveillance,Apex,2016,Operational,Fair,37.2,2025-12-26,2026-05-23,12
E-01592,U-003,Sensor,Surveillance,Nova,2026,Operational,Poor,49.3,2025-01-07,2025-03-24,2
E-01593,U-028,Aircraft,Command,Apex,2016,Operational,Fair,64.0,2025-01-12,2025-05-28,18
E-01594,U-022,Vehicle,Power,Orion,2018,Operational,Good,23.5,2026-04-16,2026-07-07,5
E-01595,U-040,Generator,Command,Apex,2017,Operational,Fair,54.0,2026-03-31,2026-07-18,25
E-01596,U-055,Communications,Command,Orion,2016,Operational,Fair,97.4,2025-06-29,2025-10-13,32
E-01597,U-002,Generator,Surveillance,Orion,2020,Operational,Fair,32.0,2025-05-30,2025-10-13,8
E-01598,U-058,Sensor,Surveillance,Nova,2015,Operational,Good,56.4,2025-09-05,2025-12-14,7
E-01599,U-001,Sensor,Surveillance,Apex,2021,Operational,Poor,20.2,2025-12-31,2026-05-18,4
E-01600,U-050,Vehicle,Mobility,Orion,2022,Operational,Poor,67.9,2025-07-02,2025-09-06,15
E-01601,U-024,Communications,Command,Apex,2025,Operational,Fair,41.8,2026-08-12,2026-11-12,20
E-01602,U-006,Sensor,Mobility,Orion,2024,Operational,Fair,35.1,2025-12-05,2026-01-21,33
E-01603,U-015,Generator,Command,Orion,2025,Operational,Fair,53.0,2025-06-01,2025-11-03,21
E-01604,U-041,Aircraft,Mobility,Apex,2026,Operational,Good,44.4,2025-04-24,2025-05-30,20
E-01605,U-046,Aircraft,Mobility,Orion,2016,Operational,Good,68.5,2026-07-12,2026-09-18,18
E-01606,U-026,Communications,Surveillance,Apex,2018,Operational,Good,45.3,2025-09-11,2026-01-03,19
E-01607,U-013,Vehicle,Power,Apex,2021,Maintenance,Fair,38.7,2025-02-24,2025-07-08,2
E-01608,U-041,Sensor,Mobility,Nova,2019,Operational,Fair,24.9,2025-04-09,2025-06-15,21
E-01609,U-046,Communications,Command,Nova,2024,Operational,Poor,57.7,2026-07-20,2026-12-01,34
E-01610,U-024,Vehicle,Surveillance,Orion,2024,Operational,Fair,50.0,2026-06-26,2026-10-14,6
E-01611,U-032,Communications,Mobility,Nova,2016,Operational,Good,74.9,2026-07-31,2026-11-20,5
E-01612,U-050,Communications,Command,Nova,2025,Operational,Good,59.1,2026-07-16,2026-09-28,24
E-01613,U-019,Aircraft,Power,Nova,2019,Maintenance,Good,50.9,2025-01-29,2025-05-04,22
E-01614,U-053,Aircraft,Command,Orion,2022,Operational,Good,73.1,2025-12-09,2026-04-05,23
E-01615,U-001,Communications,Mobility,Orion,2023,Operational,Poor,45.6,2026-02-06,2026-04-04,11
E-01616,U-029,Communications,Surveillance,Apex,2017,Operational,Poor,72.6,2026-08-18,2026-09-23,7
E-01617,U-036,Vehicle,Mobility,Apex,2024,Operational,Good,54.9,2026-06-09,2026-06-29,4
E-01618,U-038,Vehicle,Mobility,Nova,2022,Operational,Good,23.9,2026-08-09,2026-10-18,8
E-01619,U-032,Aircraft,Mobility,Orion,2025,Operational,Poor,75.2,2025-06-22,2025-11-07,29
E-01620,U-053,Vehicle,Mobility,Orion,2025,Maintenance,Poor,57.1,2026-05-23,2026-09-18,32
E-01621,U-009,Aircraft,Power,Orion,2025,Operational,Poor,81.8,2025-04-18,2025-10-08,25
E-01622,U-020,Sensor,Surveillance,Apex,2025,Operational,Fair,96.9,2025-01-29,2025-05-21,24
E-01623,U-045,Communications,Mobility,Orion,2016,Operational,Good,49.5,2025-06-21,2025-09-10,29
E-01624,U-052,Aircraft,Command,Orion,2015,Operational,Good,59.7,2026-06-28,2026-08-14,27
E-01625,U-030,Sensor,Surveillance,Apex,2020,Operational,Poor,29.7,2026-06-22,2026-08-14,7
E-01626,U-032,Aircraft,Surveillance,Orion,2022,Maintenance,Fair,68.6,2025-09-26,2026-01-19,21
E-01627,U-042,Communications,Command,Orion,2021,Limited,Poor,66.3,2025-11-11,2026-03-31,7
E-01628,U-012,Vehicle,Mobility,Nova,2018,Operational,Good,75.8,2025-05-29,2025-08-22,27
E-01629,U-041,Sensor,Surveillance,Apex,2024,Operational,Good,65.5,2025-06-02,2025-11-18,12
E-01630,U-014,Vehicle,Command,Nova,2016,Operational,Good,81.2,2025-09-02,2026-01-22,35
E-01631,U-014,Sensor,Command,Nova,2026,Operational,Poor,82.6,2025-11-25,2026-03-20,14
E-01632,U-016,Communications,Surveillance,Nova,2017,Operational,Good,30.9,2025-12-06,2026-03-06,35
E-01633,U-032,Aircraft,Mobility,Apex,2017,Operational,Poor,32.6,2026-05-07,2026-10-25,12
E-01634,U-019,Sensor,Command,Nova,2017,Operational,Good,31.0,2025-05-06,2025-07-21,5
E-01635,U-029,Sensor,Power,Apex,2018,Maintenance,Poor,72.1,2026-06-07,2026-10-17,23
E-01636,U-054,Generator,Surveillance,Nova,2025,Operational,Fair,78.0,2025-11-20,2026-05-03,5
E-01637,U-030,Vehicle,Command,Nova,2019,Operational,Good,44.1,2025-07-28,2025-11-06,13
E-01638,U-023,Vehicle,Mobility,Nova,2020,Operational,Fair,48.1,2026-05-30,2026-11-16,9
E-01639,U-058,Vehicle,Power,Nova,2015,Maintenance,Poor,83.0,2025-06-11,2025-10-06,23
E-01640,U-029,Communications,Power,Apex,2018,Operational,Poor,28.0,2026-03-04,2026-08-08,24
E-01641,U-057,Aircraft,Power,Orion,2015,Maintenance,Fair,65.8,2025-01-05,2025-04-04,14
E-01642,U-050,Vehicle,Mobility,Nova,2016,Operational,Good,44.0,2025-09-30,2026-02-21,30
E-01643,U-017,Generator,Command,Apex,2015,Operational,Good,88.1,2025-12-24,2026-01-31,32
E-01644,U-035,Communications,Command,Nova,2024,Operational,Good,49.6,2025-04-27,2025-08-07,13
E-01645,U-034,Vehicle,Mobility,Apex,2020,Operational,Poor,60.0,2026-05-30,2026-08-06,19
E-01646,U-030,Vehicle,Mobility,Orion,2019,Operational,Poor,32.9,2026-02-10,2026-04-18,19
E-01647,U-054,Generator,Surveillance,Apex,2015,Operational,Good,96.9,2025-11-28,2026-02-15,21
E-01648,U-046,Aircraft,Command,Apex,2025,Operational,Good,65.6,2026-02-03,2026-02-24,31
E-01649,U-054,Communications,Power,Apex,2019,Operational,Fair,50.6,2026-04-01,2026-05-06,21
E-01650,U-054,Vehicle,Mobility,Orion,2015,Operational,Good,94.1,2026-04-29,2026-09-30,4
E-01651,U-004,Generator,Mobility,Orion,2018,Maintenance,Fair,30.7,2026-08-15,2026-11-09,5
E-01652,U-048,Communications,Command,Orion,2025,Operational,Good,59.0,2025-01-01,2025-05-03,4
E-01653,U-025,Aircraft,Power,Orion,2019,Limited,Poor,86.4,2025-02-12,2025-07-17,21
E-01654,U-018,Communications,Command,Orion,2021,Operational,Fair,78.5,2025-07-16,2025-08-08,8
E-01655,U-034,Generator,Surveillance,Nova,2020,Operational,Poor,29.3,2025-03-10,2025-09-02,6
E-01656,U-043,Aircraft,Command,Nova,2015,Operational,Poor,46.3,2026-04-30,2026-08-05,11
E-01657,U-011,Vehicle,Mobility,Nova,2019,Operational,Good,65.6,2026-08-22,2027-02-13,17
E-01658,U-033,Vehicle,Power,Apex,2016,Operational,Good,85.2,2025-10-25,2026-02-14,25
E-01659,U-058,Vehicle,Power,Apex,2021,Operational,Fair,32.3,2026-08-18,2026-10-07,10
E-01660,U-053,Sensor,Power,Apex,2017,Operational,Good,69.5,2025-04-21,2025-09-17,19
E-01661,U-045,Aircraft,Surveillance,Orion,2020,Operational,Poor,43.8,2026-03-23,2026-04-30,34
E-01662,U-010,Aircraft,Mobility,Apex,2025,Maintenance,Fair,56.6,2025-07-11,2025-10-22,6
E-01663,U-059,Generator,Mobility,Orion,2018,Operational,Good,77.5,2025-11-16,2026-04-28,1
E-01664,U-058,Communications,Mobility,Nova,2020,Operational,Good,37.4,2025-04-11,2025-07-31,25
E-01665,U-054,Communications,Power,Apex,2023,Limited,Fair,94.7,2025-06-24,2025-07-17,8
E-01666,U-010,Communications,Surveillance,Orion,2016,Operational,Poor,39.4,2026-02-09,2026-04-10,0
E-01667,U-009,Generator,Command,Apex,2023,Operational,Fair,55.3,2025-09-10,2025-10-10,28
E-01668,U-031,Generator,Command,Nova,2026,Operational,Good,72.1,2025-01-31,2025-07-21,34
E-01669,U-032,Sensor,Power,Apex,2023,Operational,Poor,90.1,2026-02-09,2026-07-06,31
E-01670,U-056,Vehicle,Surveillance,Nova,2020,Operational,Good,83.5,2025-03-18,2025-04-20,1
E-01671,U-016,Generator,Mobility,Apex,2026,Operational,Poor,85.2,2025-02-06,2025-07-29,31
E-01672,U-059,Sensor,Command,Orion,2019,Operational,Good,54.6,2025-10-18,2026-01-20,4
E-01673,U-028,Aircraft,Command,Orion,2021,Limited,Poor,96.3,2025-08-01,2025-10-19,35
E-01674,U-021,Aircraft,Mobility,Nova,2017,Operational,Poor,66.1,2025-08-13,2025-12-08,12
E-01675,U-043,Aircraft,Surveillance,Nova,2015,Operational,Fair,90.8,2026-04-16,2026-05-16,17
E-01676,U-012,Sensor,Command,Apex,2023,Operational,Poor,68.2,2025-12-27,2026-06-13,15
E-01677,U-005,Aircraft,Command,Nova,2016,Operational,Poor,35.3,2026-03-13,2026-06-04,19
E-01678,U-046,Generator,Mobility,Orion,2025,Maintenance,Good,59.6,2025-02-28,2025-06-23,0
E-01679,U-047,Generator,Power,Nova,2024,Limited,Poor,69.0,2026-07-19,2026-11-18,12
E-01680,U-051,Sensor,Surveillance,Nova,2021,Operational,Good,81.5,2026-04-13,2026-07-02,34
E-01681,U-060,Aircraft,Power,Apex,2024,Operational,Fair,64.2,2025-11-30,2026-03-21,17
E-01682,U-048,Generator,Power,Orion,2016,Operational,Good,85.4,2025-06-16,2025-08-23,2
E-01683,U-048,Generator,Power,Apex,2024,Operational,Fair,36.7,2025-03-10,2025-06-28,7
E-01684,U-059,Aircraft,Surveillance,Orion,2019,Operational,Fair,28.6,2025-01-27,2025-04-15,27
E-01685,U-015,Aircraft,Mobility,Orion,2026,Operational,Good,40.1,2025-12-31,2026-05-25,15
E-01686,U-032,Communications,Power,Apex,2021,Operational,Poor,58.9,2025-05-25,2025-10-20,29
E-01687,U-056,Communications,Command,Nova,2023,Operational,Good,31.2,2025-07-23,2025-09-01,28
E-01688,U-005,Communications,Power,Orion,2025,Limited,Fair,79.3,2026-08-07,2026-11-16,8
E-01689,U-053,Communications,Surveillance,Nova,2020,Operational,Poor,53.8,2025-03-14,2025-08-08,13
E-01690,U-005,Aircraft,Command,Apex,2016,Operational,Good,99.7,2025-11-10,2026-04-07,25
E-01691,U-011,Sensor,Power,Nova,2019,Operational,Poor,86.4,2025-02-25,2025-03-23,15
E-01692,U-053,Aircraft,Mobility,Apex,2026,Limited,Fair,43.8,2025-04-08,2025-08-01,5
E-01693,U-044,Communications,Mobility,Nova,2017,Operational,Fair,26.1,2025-02-15,2025-05-10,1
E-01694,U-035,Vehicle,Command,Nova,2019,Operational,Fair,25.0,2026-04-04,2026-09-11,30
E-01695,U-035,Communications,Mobility,Orion,2024,Maintenance,Poor,65.9,2025-07-16,2025-08-07,13
E-01696,U-043,Generator,Command,Nova,2019,Operational,Poor,59.6,2025-01-22,2025-04-06,13
E-01697,U-020,Vehicle,Mobility,Orion,2020,Operational,Good,89.7,2025-05-13,2025-06-07,18
E-01698,U-054,Vehicle,Mobility,Nova,2019,Operational,Good,35.9,2025-01-02,2025-03-23,21
E-01699,U-024,Aircraft,Power,Apex,2015,Operational,Poor,57.8,2026-04-12,2026-06-08,8
E-01700,U-044,Sensor,Surveillance,Apex,2025,Operational,Good,59.1,2026-01-01,2026-02-09,33
E-01701,U-052,Aircraft,Surveillance,Nova,2023,Limited,Fair,59.3,2026-08-20,2027-01-08,28
E-01702,U-059,Communications,Surveillance,Orion,2025,Operational,Good,30.3,2025-03-07,2025-05-20,34
E-01703,U-006,Communications,Surveillance,Nova,2025,Limited,Good,23.3,2026-08-11,2027-01-07,30
E-01704,U-015,Generator,Mobility,Nova,2019,Operational,Fair,47.3,2025-10-09,2026-03-06,26
E-01705,U-060,Sensor,Command,Orion,2016,Limited,Poor,64.4,2025-03-28,2025-04-24,31
E-01706,U-038,Vehicle,Command,Nova,2025,Operational,Good,47.8,2025-11-16,2026-04-09,20
E-01707,U-033,Aircraft,Mobility,Nova,2025,Operational,Fair,39.1,2025-07-17,2025-11-14,8
E-01708,U-003,Generator,Command,Apex,2024,Operational,Good,55.8,2025-10-13,2026-03-26,20
E-01709,U-017,Communications,Power,Orion,2022,Operational,Good,31.2,2026-02-25,2026-03-30,29
E-01710,U-041,Communications,Surveillance,Nova,2025,Operational,Fair,34.9,2025-12-30,2026-04-17,22
E-01711,U-044,Communications,Power,Orion,2019,Operational,Good,56.0,2025-12-11,2026-05-12,26
E-01712,U-030,Aircraft,Command,Nova,2026,Maintenance,Poor,30.8,2026-05-31,2026-07-17,2
E-01713,U-048,Communications,Mobility,Orion,2015,Operational,Poor,44.8,2026-04-12,2026-05-19,7
E-01714,U-051,Sensor,Mobility,Nova,2022,Operational,Fair,73.5,2025-10-30,2026-04-05,0
E-01715,U-058,Vehicle,Power,Nova,2021,Operational,Fair,58.7,2025-04-08,2025-09-08,26
E-01716,U-017,Sensor,Command,Orion,2019,Operational,Fair,24.7,2025-06-02,2025-08-27,35
E-01717,U-027,Vehicle,Mobility,Apex,2023,Maintenance,Fair,57.3,2025-03-26,2025-04-18,14
E-01718,U-016,Sensor,Mobility,Nova,2019,Operational,Poor,43.5,2025-12-01,2025-12-28,29
E-01719,U-016,Sensor,Surveillance,Nova,2024,Operational,Poor,90.0,2025-11-12,2026-02-05,3
E-01720,U-049,Generator,Command,Nova,2016,Operational,Fair,55.4,2025-02-28,2025-08-19,32
E-01721,U-060,Sensor,Command,Orion,2022,Operational,Good,42.6,2025-09-25,2026-02-27,7
E-01722,U-007,Vehicle,Surveillance,Orion,2018,Operational,Good,39.8,2025-03-02,2025-05-28,22
E-01723,U-045,Vehicle,Mobility,Apex,2022,Operational,Fair,67.6,2026-01-16,2026-06-06,3
E-01724,U-002,Communications,Surveillance,Orion,2018,Operational,Poor,87.4,2025-10-05,2026-01-23,24
E-01725,U-052,Vehicle,Power,Apex,2021,Maintenance,Good,45.2,2025-10-31,2025-12-29,13
E-01726,U-008,Generator,Mobility,Nova,2016,Operational,Good,67.3,2025-12-11,2026-01-06,8
E-01727,U-002,Sensor,Mobility,Apex,2026,Operational,Fair,72.0,2025-01-12,2025-03-25,3
E-01728,U-051,Communications,Command,Apex,2025,Operational,Fair,41.2,2026-01-05,2026-05-13,28
E-01729,U-042,Communications,Power,Nova,2017,Operational,Fair,82.0,2026-01-10,2026-03-01,7
E-01730,U-054,Generator,Power,Orion,2026,Operational,Good,53.0,2025-04-22,2025-06-02,34
E-01731,U-018,Communications,Surveillance,Orion,2023,Operational,Good,52.1,2025-11-19,2026-01-10,23
E-01732,U-004,Generator,Power,Apex,2017,Limited,Good,30.7,2025-04-20,2025-08-06,35
E-01733,U-024,Aircraft,Mobility,Nova,2018,Operational,Poor,78.9,2025-12-23,2026-06-21,21
E-01734,U-057,Aircraft,Mobility,Orion,2015,Operational,Fair,45.3,2026-06-05,2026-10-30,32
E-01735,U-006,Generator,Power,Orion,2017,Maintenance,Fair,34.5,2025-08-05,2025-12-24,31
E-01736,U-032,Generator,Power,Nova,2021,Maintenance,Fair,83.5,2025-09-17,2025-12-08,2
E-01737,U-020,Vehicle,Mobility,Orion,2015,Operational,Fair,65.5,2025-10-17,2026-03-16,8
E-01738,U-025,Sensor,Command,Nova,2025,Operational,Fair,49.1,2026-07-14,2026-11-04,13
E-01739,U-032,Aircraft,Power,Nova,2019,Maintenance,Poor,84.4,2025-08-22,2025-09-16,6
E-01740,U-009,Generator,Mobility,Orion,2017,Operational,Fair,40.3,2025-01-23,2025-05-13,12
E-01741,U-039,Vehicle,Surveillance,Apex,2024,Operational,Poor,88.4,2025-02-14,2025-05-01,9
E-01742,U-054,Vehicle,Surveillance,Nova,2017,Operational,Fair,96.2,2026-04-25,2026-08-15,6
E-01743,U-046,Communications,Mobility,Nova,2021,Maintenance,Good,37.4,2025-10-31,2026-02-23,3
E-01744,U-042,Generator,Command,Nova,2025,Operational,Poor,60.7,2026-08-22,2027-01-24,16
E-01745,U-018,Aircraft,Power,Apex,2025,Operational,Good,54.2,2026-04-16,2026-09-10,16
E-01746,U-037,Generator,Power,Nova,2026,Operational,Poor,91.7,2025-09-26,2026-03-24,22
E-01747,U-054,Vehicle,Command,Orion,2026,Maintenance,Good,78.1,2026-06-04,2026-10-28,18
E-01748,U-044,Vehicle,Command,Apex,2017,Operational,Poor,42.4,2026-03-26,2026-04-21,10
E-01749,U-014,Communications,Surveillance,Orion,2016,Operational,Fair,52.7,2026-02-08,2026-05-08,1
E-01750,U-050,Generator,Surveillance,Orion,2025,Operational,Fair,27.9,2025-02-11,2025-04-13,35
E-01751,U-025,Vehicle,Mobility,Apex,2020,Operational,Good,95.0,2026-06-01,2026-07-24,34
E-01752,U-046,Sensor,Power,Nova,2025,Operational,Fair,67.0,2025-02-08,2025-04-12,33
E-01753,U-046,Sensor,Surveillance,Orion,2019,Operational,Good,36.5,2026-03-29,2026-06-10,20
E-01754,U-045,Communications,Surveillance,Apex,2026,Operational,Good,77.2,2025-08-11,2026-01-11,13
E-01755,U-039,Communications,Mobility,Orion,2016,Operational,Good,21.0,2026-08-16,2026-12-11,0
E-01756,U-032,Vehicle,Power,Apex,2025,Maintenance,Poor,40.1,2025-06-19,2025-11-19,24
E-01757,U-057,Communications,Surveillance,Apex,2020,Operational,Fair,58.1,2025-12-18,2026-02-04,1
E-01758,U-023,Aircraft,Command,Apex,2023,Operational,Fair,37.8,2025-01-05,2025-06-19,23
E-01759,U-004,Communications,Surveillance,Orion,2018,Maintenance,Good,98.6,2025-08-03,2026-01-26,30
E-01760,U-013,Generator,Power,Apex,2017,Operational,Poor,75.2,2025-03-29,2025-07-22,1
E-01761,U-034,Aircraft,Mobility,Apex,2024,Operational,Good,57.8,2026-02-26,2026-05-01,1
E-01762,U-036,Communications,Mobility,Nova,2024,Maintenance,Fair,47.8,2025-03-29,2025-06-19,20
E-01763,U-037,Communications,Command,Apex,2016,Operational,Fair,84.9,2025-02-08,2025-08-06,33
E-01764,U-047,Vehicle,Surveillance,Orion,2022,Maintenance,Poor,22.4,2025-12-26,2026-02-26,12
E-01765,U-001,Aircraft,Mobility,Orion,2015,Limited,Poor,42.6,2026-06-23,2026-07-30,29
E-01766,U-022,Generator,Mobility,Apex,2015,Operational,Good,55.5,2025-06-23,2025-12-20,34
E-01767,U-028,Aircraft,Surveillance,Orion,2020,Maintenance,Poor,63.3,2025-12-24,2026-01-14,21
E-01768,U-037,Generator,Mobility,Orion,2024,Operational,Fair,34.1,2025-11-07,2026-01-29,25
E-01769,U-027,Communications,Surveillance,Apex,2023,Operational,Fair,96.4,2026-02-07,2026-03-25,34
E-01770,U-059,Communications,Mobility,Orion,2018,Operational,Poor,64.3,2025-10-22,2026-02-01,2
E-01771,U-044,Communications,Mobility,Orion,2021,Operational,Fair,73.0,2026-02-15,2026-05-21,12
E-01772,U-055,Sensor,Surveillance,Orion,2019,Operational,Good,55.3,2025-04-20,2025-09-30,26
E-01773,U-037,Aircraft,Power,Orion,2019,Limited,Poor,26.0,2026-01-04,2026-02-15,3
E-01774,U-026,Communications,Surveillance,Orion,2016,Operational,Poor,55.8,2026-04-14,2026-07-03,28
E-01775,U-035,Sensor,Surveillance,Apex,2016,Operational,Good,42.3,2025-08-10,2025-10-23,7
E-01776,U-028,Aircraft,Command,Orion,2018,Operational,Fair,63.7,2025-12-31,2026-03-30,28
E-01777,U-001,Sensor,Command,Orion,2020,Operational,Good,84.1,2025-02-10,2025-06-24,23
E-01778,U-026,Aircraft,Command,Apex,2018,Operational,Poor,97.5,2026-03-19,2026-05-18,30
E-01779,U-014,Vehicle,Command,Orion,2021,Operational,Fair,99.2,2026-05-24,2026-07-01,9
E-01780,U-055,Vehicle,Power,Orion,2025,Operational,Poor,89.0,2025-01-05,2025-04-24,7
E-01781,U-024,Generator,Command,Orion,2021,Operational,Fair,21.6,2025-05-26,2025-11-10,34
E-01782,U-051,Sensor,Command,Orion,2025,Operational,Poor,23.7,2025-12-08,2026-02-18,1
E-01783,U-013,Communications,Surveillance,Orion,2025,Operational,Good,30.0,2025-03-16,2025-08-14,20
E-01784,U-028,Aircraft,Surveillance,Nova,2022,Limited,Good,78.9,2025-10-01,2025-11-01,27
E-01785,U-003,Generator,Surveillance,Apex,2019,Operational,Good,39.8,2026-05-26,2026-10-06,2
E-01786,U-004,Sensor,Power,Orion,2018,Operational,Fair,64.8,2025-03-23,2025-05-03,24
E-01787,U-016,Sensor,Command,Apex,2020,Limited,Fair,76.6,2026-04-15,2026-07-21,0
E-01788,U-048,Generator,Surveillance,Orion,2016,Operational,Poor,31.9,2025-09-19,2026-02-24,31
E-01789,U-020,Communications,Surveillance,Nova,2020,Operational,Good,70.2,2025-10-08,2025-12-31,6
E-01790,U-047,Sensor,Command,Orion,2018,Limited,Poor,40.7,2026-05-28,2026-11-10,11
E-01791,U-006,Communications,Command,Nova,2024,Operational,Poor,91.8,2025-05-20,2025-07-19,7
E-01792,U-021,Sensor,Mobility,Apex,2017,Operational,Poor,75.7,2025-01-15,2025-04-19,17
E-01793,U-033,Sensor,Surveillance,Orion,2016,Operational,Fair,86.4,2025-12-26,2026-03-24,7
E-01794,U-047,Sensor,Mobility,Orion,2020,Maintenance,Fair,63.8,2026-01-24,2026-04-13,5
E-01795,U-058,Generator,Power,Orion,2025,Operational,Fair,59.3,2026-02-16,2026-07-01,25
E-01796,U-060,Sensor,Surveillance,Orion,2019,Operational,Fair,97.8,2026-05-01,2026-06-01,35
E-01797,U-023,Aircraft,Power,Nova,2017,Operational,Poor,54.9,2025-01-09,2025-04-23,20
E-01798,U-060,Sensor,Power,Apex,2019,Operational,Poor,69.9,2025-03-14,2025-08-13,31
E-01799,U-034,Aircraft,Surveillance,Apex,2022,Operational,Fair,43.9,2026-07-26,2026-10-24,9
E-01800,U-011,Vehicle,Power,Nova,2015,Operational,Fair,91.2,2026-03-18,2026-05-20,34
