maintenance_id,equipment_id,unit_id,maintenance_type,maintenance_date,completion_date,downtime_days,maintenance_cost,maintenance_status,failure_category
M-00001,E-00958,U-042,Inspection,2025-08-26,2025-09-04,14,19735.49,In Progress,No Failure
M-00002,E-00127,U-025,Corrective,2026-01-25,2026-01-28,10,10664.7,In Progress,Power
M-00003,E-01197,U-057,Preventive,2025-02-08,2025-02-11,3,6795.11,Completed,Power
M-00004,E-00183,U-009,Inspection,2026-07-12,2026-07-16,8,6424.45,Completed,No Failure
M-00005,E-00223,U-009,Inspection,2025-04-25,2025-04-30,1,10311.85,In Progress,Software
M-00006,E-01090,U-003,Corrective,2025-11-28,2025-12-07,16,8334.67,Completed,Mechanical
M-00007,E-00729,U-038,Inspection,2025-06-07,2025-06-14,4,8918.27,In Progress,Power
M-00008,E-00844,U-045,Corrective,2026-04-14,2026-04-20,15,17834.03,Overdue,Power
M-00009,E-00650,U-029,Corrective,2025-03-16,2025-03-26,18,5393.11,Overdue,Electrical
M-00010,E-01460,U-038,Inspection,2025-04-02,2025-04-06,11,9052.89,In Progress,Electrical
M-00011,E-01265,U-010,Preventive,2026-03-19,2026-03-30,7,20293.19,Overdue,Software
M-00012,E-00728,U-035,Corrective,2026-07-05,2026-07-16,9,2173.15,Overdue,Software
M-00013,E-00289,U-059,Inspection,2025-12-01,2025-12-08,2,17466.26,Overdue,Software
M-00014,E-01536,U-028,Inspection,2025-04-24,2025-05-01,5,6961.56,In Progress,Software
M-00015,E-00628,U-015,Corrective,2026-04-27,2026-05-09,6,15001.82,In Progress,Software
M-00016,E-00582,U-040,Corrective,2025-05-21,2025-05-30,12,20994.49,In Progress,Software
M-00017,E-00938,U-044,Corrective,2025-07-15,2025-07-23,2,2716.17,Completed,Power
M-00018,E-01342,U-001,Preventive,2026-05-22,2026-06-01,2,17152.05,Overdue,Mechanical
M-00019,E-01754,U-045,Preventive,2025-05-11,2025-05-15,18,23900.13,In Progress,Power
M-00020,E-00207,U-007,Preventive,2025-05-12,2025-05-18,3,14517.21,Overdue,Mechanical
M-00021,E-00721,U-048,Preventive,2026-01-27,2026-02-01,9,10718.27,Completed,Power
M-00022,E-00074,U-020,Corrective,2025-04-07,2025-04-13,14,10496.84,Overdue,Power
M-00023,E-01233,U-058,Inspection,2025-08-06,2025-08-12,2,13287.13,In Progress,Power
M-00024,E-01499,U-052,Corrective,2025-05-15,2025-05-18,11,6394.27,Overdue,No Failure
M-00025,E-00567,U-001,Preventive,2025-01-15,2025-01-16,16,8190.03,Overdue,Software
M-00026,E-01717,U-027,Preventive,2025-10-18,2025-10-29,9,22402.23,Completed,Power
M-00027,E-00580,U-015,Corrective,2026-06-26,2026-06-30,12,1707.12,In Progress,Mechanical
M-00028,E-00030,U-023,Inspection,2025-08-06,2025-08-10,6,13129.54,Overdue,Software
M-00029,E-01246,U-032,Preventive,2026-04-22,2026-04-25,9,7110.83,In Progress,Power
M-00030,E-00177,U-038,Inspection,2025-01-25,2025-01-26,15,12363.3,Overdue,Software
M-00031,E-00357,U-019,Inspection,2025-08-30,2025-09-05,8,23498.22,Completed,Electrical
M-00032,E-00973,U-034,Corrective,2025-08-14,2025-08-21,12,8907.11,In Progress,Electrical
M-00033,E-00133,U-041,Preventive,2026-03-25,2026-04-02,12,12157.47,Completed,Mechanical
M-00034,E-00657,U-027,Inspection,2025-11-14,2025-11-16,10,11969.74,Completed,Power
M-00035,E-00798,U-054,Corrective,2026-02-21,2026-02-23,11,22337.22,Completed,Software
M-00036,E-00445,U-029,Inspection,2026-08-14,2026-08-17,9,4891.19,Overdue,No Failure
M-00037,E-01705,U-060,Preventive,2025-05-23,2025-05-29,2,23376.57,Completed,Power
M-00038,E-00522,U-040,Inspection,2025-08-16,2025-08-20,2,11198.27,In Progress,Software
M-00039,E-01751,U-025,Inspection,2026-07-07,2026-07-18,11,12854.04,In Progress,Electrical
M-00040,E-00970,U-003,Preventive,2025-07-13,2025-07-25,3,20867.99,Overdue,Software
M-00041,E-01771,U-044,Preventive,2025-02-14,2025-02-22,4,17372.07,Completed,Power
M-00042,E-00905,U-059,Inspection,2025-12-21,2025-12-25,12,8218.93,Overdue,No Failure
M-00043,E-00590,U-060,Preventive,2025-07-05,2025-07-17,3,10824.85,Overdue,Power
M-00044,E-00364,U-023,Inspection,2025-02-04,2025-02-11,11,15151.98,Completed,No Failure
M-00045,E-01469,U-006,Corrective,2025-10-10,2025-10-14,13,6654.05,Completed,Electrical
M-00046,E-00547,U-020,Corrective,2025-10-25,2025-10-29,6,18844.34,Overdue,Electrical
M-00047,E-01205,U-008,Corrective,2025-04-06,2025-04-09,6,17405.44,Overdue,No Failure
M-00048,E-01294,U-022,Corrective,2025-02-27,2025-03-10,5,4546.18,In Progress,Electrical
M-00049,E-01471,U-054,Preventive,2026-05-28,2026-06-03,6,11814.48,Completed,Software
M-00050,E-00914,U-044,Corrective,2026-07-13,2026-07-24,16,3107.38,Overdue,Power
M-00051,E-00386,U-008,Corrective,2026-07-08,2026-07-12,2,849.49,Overdue,No Failure
M-00052,E-00123,U-021,Preventive,2026-03-10,2026-03-21,5,8881.61,Overdue,Electrical
M-00053,E-01322,U-033,Corrective,2026-05-03,2026-05-09,10,10360.94,Overdue,Electrical
M-00054,E-00247,U-006,Preventive,2026-05-06,2026-05-15,10,24116.21,Overdue,No Failure
M-00055,E-00495,U-056,Corrective,2025-10-24,2025-10-31,7,5895.37,Overdue,Mechanical
M-00056,E-01680,U-051,Corrective,2026-01-23,2026-02-03,14,21463.93,Overdue,Mechanical
M-00057,E-01685,U-015,Corrective,2025-03-08,2025-03-13,14,18503.75,In Progress,No Failure
M-00058,E-00954,U-039,Corrective,2025-11-17,2025-11-21,11,24335.25,Completed,Software
M-00059,E-00751,U-042,Inspection,2025-04-21,2025-04-29,13,14437.59,In Progress,Mechanical
M-00060,E-01442,U-052,Corrective,2026-08-03,2026-08-13,14,8516.62,In Progress,No Failure
M-00061,E-00086,U-025,Inspection,2025-08-23,2025-08-27,15,18726.91,Completed,Power
M-00062,E-01167,U-005,Inspection,2026-02-09,2026-02-14,17,6779.03,Completed,No Failure
M-00063,E-00018,U-058,Preventive,2026-08-01,2026-08-04,5,8488.66,Overdue,Mechanical
M-00064,E-00694,U-007,Corrective,2025-12-28,2026-01-07,12,21059.89,Completed,Electrical
M-00065,E-01314,U-024,Preventive,2025-05-14,2025-05-22,13,10623.71,In Progress,No Failure
M-00066,E-00584,U-018,Corrective,2025-05-28,2025-06-02,7,1906.73,Overdue,Electrical
M-00067,E-00095,U-001,Preventive,2026-07-13,2026-07-17,16,4303.76,Overdue,Software
M-00068,E-00293,U-004,Preventive,2025-05-05,2025-05-15,7,9361.74,Completed,Mechanical
M-00069,E-01375,U-018,Inspection,2025-07-14,2025-07-17,6,15380.21,In Progress,No Failure
M-00070,E-00179,U-037,Inspection,2025-11-09,2025-11-16,5,14146.3,Completed,Electrical
M-00071,E-01650,U-054,Inspection,2026-03-19,2026-03-30,11,5354.35,Completed,Software
M-00072,E-00959,U-052,Preventive,2026-07-06,2026-07-17,10,18912.35,In Progress,Electrical
M-00073,E-01408,U-027,Preventive,2025-01-25,2025-02-02,17,4317.81,In Progress,Electrical
M-00074,E-00883,U-042,Corrective,2026-02-06,2026-02-16,10,17351.91,Completed,Electrical
M-00075,E-01402,U-001,Inspection,2025-01-05,2025-01-15,10,5653.86,In Progress,Software
M-00076,E-00326,U-053,Inspection,2025-12-31,2026-01-01,17,8510.99,Overdue,Power
M-00077,E-00685,U-030,Preventive,2026-03-14,2026-03-24,16,19922.54,In Progress,Electrical
M-00078,E-01159,U-055,Preventive,2025-05-30,2025-06-02,11,11474.18,Completed,Electrical
M-00079,E-00502,U-058,Inspection,2025-11-08,2025-11-15,18,20590.92,Overdue,Power
M-00080,E-00970,U-003,Inspection,2025-02-26,2025-03-09,9,11954.36,Completed,Power
M-00081,E-00519,U-043,Corrective,2025-09-15,2025-09-22,13,3081.2,In Progress,No Failure
M-00082,E-00611,U-006,Preventive,2026-01-31,2026-02-09,2,24517.85,Overdue,Electrical
M-00083,E-00346,U-012,Inspection,2026-05-30,2026-06-06,17,17537.23,In Progress,Software
M-00084,E-00347,U-057,Corrective,2025-10-06,2025-10-16,9,22292.6,Completed,Software
M-00085,E-00738,U-040,Inspection,2025-03-27,2025-04-03,11,10718.65,Completed,Power
M-00086,E-01367,U-014,Corrective,2025-11-03,2025-11-04,18,24387.91,Completed,Power
M-00087,E-01780,U-055,Inspection,2025-04-14,2025-04-18,18,1177.65,In Progress,Software
M-00088,E-01518,U-027,Corrective,2025-07-15,2025-07-23,14,14847.62,Completed,Power
M-00089,E-01012,U-048,Inspection,2026-05-21,2026-05-25,18,20272.8,Completed,Power
M-00090,E-00328,U-042,Preventive,2025-01-29,2025-02-05,7,2847.11,In Progress,Power
M-00091,E-00064,U-016,Inspection,2025-01-07,2025-01-10,8,14708.53,In Progress,Power
M-00092,E-00443,U-002,Preventive,2025-03-16,2025-03-20,13,16110.41,Overdue,Power
M-00093,E-01391,U-055,Corrective,2025-03-10,2025-03-11,18,4847.11,Completed,Electrical
M-00094,E-00094,U-019,Preventive,2025-07-07,2025-07-09,18,15072.71,In Progress,Electrical
M-00095,E-00384,U-030,Preventive,2025-02-05,2025-02-08,12,15307.68,Completed,No Failure
M-00096,E-01359,U-009,Corrective,2026-04-13,2026-04-24,11,10271.9,Overdue,No Failure
M-00097,E-00016,U-048,Inspection,2025-01-06,2025-01-08,3,23804.83,In Progress,Mechanical
M-00098,E-01727,U-002,Preventive,2025-08-06,2025-08-11,10,13475.18,In Progress,Power
M-00099,E-01606,U-026,Corrective,2026-06-07,2026-06-09,12,22872.06,In Progress,Mechanical
M-00100,E-01473,U-020,Corrective,2026-05-20,2026-05-27,4,3282.38,Overdue,No Failure
M-00101,E-01466,U-044,Corrective,2026-07-20,2026-07-21,5,12324.5,Overdue,Power
M-00102,E-00068,U-046,Preventive,2025-09-18,2025-09-19,8,16591.33,Overdue,Software
M-00103,E-00020,U-053,Inspection,2026-07-13,2026-07-17,10,15863.94,Overdue,No Failure
M-00104,E-00367,U-006,Preventive,2025-07-29,2025-07-31,13,16818.61,Completed,No Failure
M-00105,E-00768,U-023,Preventive,2025-08-08,2025-08-13,3,13886.42,Completed,Mechanical
M-00106,E-00383,U-044,Corrective,2026-04-07,2026-04-10,12,4115.11,Completed,Power
M-00107,E-00181,U-053,Preventive,2025-08-14,2025-08-16,14,11949.4,In Progress,Mechanical
M-00108,E-00340,U-003,Inspection,2026-06-26,2026-06-30,6,22318.17,In Progress,No Failure
M-00109,E-00208,U-045,Corrective,2025-03-27,2025-04-04,17,3215.01,In Progress,Electrical
M-00110,E-01628,U-012,Corrective,2026-07-04,2026-07-16,5,23850.58,Completed,Power
M-00111,E-00656,U-054,Corrective,2025-04-09,2025-04-13,17,10225.94,In Progress,Power
M-00112,E-00886,U-017,Preventive,2026-03-30,2026-03-31,6,4692.35,Overdue,Software
M-00113,E-00613,U-052,Corrective,2025-03-27,2025-04-07,11,5613.54,Completed,Mechanical
M-00114,E-01380,U-014,Corrective,2025-01-13,2025-01-17,3,15404.19,In Progress,No Failure
M-00115,E-00125,U-027,Preventive,2025-12-17,2025-12-25,11,19986.46,Completed,Software
M-00116,E-00532,U-036,Corrective,2026-05-29,2026-06-01,18,7634.73,In Progress,Electrical
M-00117,E-00128,U-021,Corrective,2025-08-27,2025-09-05,9,11186.02,Overdue,Electrical
M-00118,E-00102,U-003,Inspection,2025-01-08,2025-01-19,8,24906.62,Overdue,Electrical
M-00119,E-00805,U-007,Inspection,2025-10-07,2025-10-12,2,8823.69,Overdue,Power
M-00120,E-00660,U-005,Inspection,2025-12-02,2025-12-03,3,12689.99,Completed,Electrical
M-00121,E-00343,U-050,Inspection,2026-04-11,2026-04-21,15,6438.18,Overdue,Power
M-00122,E-01124,U-015,Inspection,2025-07-11,2025-07-12,4,21245.39,Overdue,Power
M-00123,E-00268,U-006,Corrective,2025-01-12,2025-01-14,3,18909.46,Completed,Power
M-00124,E-00524,U-038,Corrective,2025-01-29,2025-02-02,13,13587.01,Completed,Software
M-00125,E-01222,U-038,Corrective,2025-02-10,2025-02-11,6,7919.8,In Progress,Mechanical
M-00126,E-00132,U-033,Inspection,2025-03-09,2025-03-17,9,21468.59,In Progress,No Failure
M-00127,E-01473,U-020,Corrective,2025-04-01,2025-04-02,13,7152.15,In Progress,Electrical
M-00128,E-01161,U-003,Inspection,2026-03-23,2026-04-01,13,23827.15,Overdue,No Failure
M-00129,E-00335,U-043,Preventive,2025-09-18,2025-09-26,1,8043.69,In Progress,Software
M-00130,E-01403,U-013,Preventive,2025-03-24,2025-04-02,17,3451.52,Completed,No Failure
M-00131,E-00205,U-010,Corrective,2025-10-08,2025-10-20,14,12746.27,Overdue,Electrical
M-00132,E-00952,U-012,Corrective,2026-03-26,2026-03-28,11,3666.53,Overdue,Electrical
M-00133,E-01512,U-017,Preventive,2025-01-30,2025-02-07,2,14421.99,Completed,Electrical
M-00134,E-00865,U-014,Corrective,2025-11-10,2025-11-12,16,21815.04,In Progress,No Failure
M-00135,E-00265,U-056,Inspection,2025-06-06,2025-06-10,18,602.81,Overdue,Mechanical
M-00136,E-00472,U-029,Corrective,2025-11-09,2025-11-18,6,11290.48,Overdue,Power
M-00137,E-00661,U-015,Inspection,2025-07-14,2025-07-17,2,15623.08,In Progress,Software
M-00138,E-01320,U-003,Inspection,2025-07-06,2025-07-11,17,14318.7,In Progress,Power
M-00139,E-00739,U-039,Corrective,2026-05-30,2026-06-02,15,23954.26,Overdue,Software
M-00140,E-01795,U-058,Preventive,2025-07-14,2025-07-25,11,17664.39,Overdue,No Failure
M-00141,E-00335,U-043,Preventive,2025-09-19,2025-09-29,8,14595.49,In Progress,Electrical
M-00142,E-00401,U-016,Corrective,2026-06-26,2026-07-03,10,13576.03,In Progress,Power
M-00143,E-01388,U-013,Preventive,2026-04-11,2026-04-21,18,6196.71,Overdue,Electrical
M-00144,E-01631,U-014,Preventive,2025-12-22,2026-01-03,8,15268.86,Overdue,Software
M-00145,E-00853,U-035,Corrective,2026-04-10,2026-04-13,5,12096.37,In Progress,Power
M-00146,E-01701,U-052,Corrective,2025-08-29,2025-08-30,13,15953.83,Completed,No Failure
M-00147,E-00842,U-020,Preventive,2026-03-11,2026-03-15,9,19598.84,Completed,Mechanical
M-00148,E-01416,U-033,Preventive,2025-05-17,2025-05-23,13,17397.98,In Progress,Mechanical
M-00149,E-00363,U-028,Preventive,2026-03-02,2026-03-09,6,20092.92,Overdue,Software
M-00150,E-00860,U-043,Preventive,2025-07-06,2025-07-10,12,11754.57,In Progress,Mechanical
M-00151,E-00546,U-036,Corrective,2026-01-08,2026-01-20,4,18634.81,Overdue,Mechanical
M-00152,E-00417,U-020,Corrective,2025-10-05,2025-10-08,3,2398.66,In Progress,Mechanical
M-00153,E-00544,U-007,Corrective,2026-08-13,2026-08-18,11,12212.26,In Progress,Power
M-00154,E-01568,U-020,Inspection,2025-03-24,2025-04-02,18,18105.53,Completed,Mechanical
M-00155,E-00776,U-055,Inspection,2025-09-01,2025-09-03,12,2327.56,Overdue,No Failure
M-00156,E-00252,U-047,Corrective,2026-02-22,2026-03-02,6,22600.85,Overdue,Electrical
M-00157,E-00591,U-048,Inspection,2025-07-02,2025-07-12,17,24772.08,Completed,Mechanical
M-00158,E-00904,U-005,Corrective,2025-07-29,2025-08-02,17,22112.73,In Progress,Software
M-00159,E-01663,U-059,Corrective,2025-05-02,2025-05-06,1,1998.3,In Progress,No Failure
M-00160,E-00535,U-007,Inspection,2026-01-13,2026-01-15,17,5895.91,In Progress,Electrical
M-00161,E-01165,U-013,Inspection,2025-07-01,2025-07-05,2,8820.31,In Progress,Software
M-00162,E-00352,U-038,Corrective,2025-09-24,2025-10-06,7,24942.23,Completed,Software
M-00163,E-00188,U-027,Corrective,2025-05-24,2025-05-31,10,22650.18,Completed,Electrical
M-00164,E-01096,U-053,Preventive,2026-01-29,2026-02-03,7,18747.04,Overdue,No Failure
M-00165,E-00551,U-053,Preventive,2026-03-02,2026-03-09,14,18541.34,Overdue,Electrical
M-00166,E-00234,U-031,Corrective,2025-01-28,2025-02-07,14,6437.47,In Progress,Mechanical
M-00167,E-01244,U-024,Preventive,2025-04-15,2025-04-17,17,22865.11,Overdue,No Failure
M-00168,E-00791,U-029,Preventive,2025-12-13,2025-12-20,3,21312.86,In Progress,Electrical
M-00169,E-00172,U-060,Inspection,2025-12-25,2025-12-26,4,3133.29,Completed,Mechanical
M-00170,E-00005,U-005,Inspection,2025-05-23,2025-05-27,3,10675.21,Completed,Mechanical
M-00171,E-01560,U-024,Preventive,2025-02-23,2025-03-03,6,14169.09,Overdue,Software
M-00172,E-00852,U-001,Preventive,2026-06-08,2026-06-19,5,3264.09,Completed,No Failure
M-00173,E-01135,U-043,Preventive,2026-02-05,2026-02-10,18,7736.24,In Progress,No Failure
M-00174,E-01742,U-054,Inspection,2026-04-19,2026-04-26,13,15638.22,Overdue,Electrical
M-00175,E-01035,U-059,Preventive,2025-09-25,2025-09-26,2,16359.62,In Progress,No Failure
M-00176,E-00570,U-035,Preventive,2025-10-04,2025-10-09,13,839.09,In Progress,Power
M-00177,E-01725,U-052,Preventive,2026-05-16,2026-05-20,18,22975.23,Completed,Mechanical
M-00178,E-01186,U-007,Preventive,2026-01-13,2026-01-22,11,18626.76,Overdue,Software
M-00179,E-00560,U-049,Corrective,2026-04-13,2026-04-24,16,17589.46,Completed,Electrical
M-00180,E-01439,U-056,Preventive,2026-05-31,2026-06-10,8,1203.51,In Progress,Electrical
M-00181,E-00979,U-034,Corrective,2026-08-12,2026-08-23,18,21291.13,Completed,Electrical
M-00182,E-00909,U-006,Preventive,2026-03-21,2026-03-29,10,18137.32,Completed,No Failure
M-00183,E-00756,U-051,Inspection,2025-08-12,2025-08-17,18,3032.73,Completed,Mechanical
M-00184,E-01674,U-021,Inspection,2025-08-24,2025-08-25,8,8854.5,In Progress,No Failure
M-00185,E-01792,U-021,Inspection,2025-05-17,2025-05-23,18,16000.5,Overdue,Electrical
M-00186,E-00872,U-006,Inspection,2025-01-16,2025-01-23,7,9252.05,Overdue,Electrical
M-00187,E-00805,U-007,Corrective,2025-01-18,2025-01-24,3,20031.36,Completed,No Failure
M-00188,E-00182,U-014,Corrective,2026-05-28,2026-05-31,13,4547.27,Completed,Electrical
M-00189,E-00637,U-002,Preventive,2025-10-20,2025-10-29,1,21973.0,Completed,Mechanical
M-00190,E-00708,U-038,Preventive,2025-10-28,2025-11-06,12,24575.36,Overdue,Power
M-00191,E-00659,U-028,Corrective,2026-02-20,2026-02-24,11,4358.2,In Progress,Power
M-00192,E-00964,U-007,Inspection,2026-04-10,2026-04-20,11,1432.65,In Progress,Electrical
M-00193,E-01397,U-026,Corrective,2026-01-07,2026-01-15,8,12403.1,In Progress,Software
M-00194,E-01664,U-058,Inspection,2025-12-28,2026-01-09,5,8591.32,Completed,Power
M-00195,E-00678,U-019,Corrective,2026-07-19,2026-07-26,15,19931.18,Overdue,No Failure
M-00196,E-00169,U-029,Corrective,2026-05-19,2026-05-22,6,21371.99,Overdue,Power
M-00197,E-01273,U-017,Inspection,2025-10-08,2025-10-19,14,8530.01,Completed,Power
M-00198,E-01611,U-032,Corrective,2026-02-11,2026-02-16,2,3984.12,Completed,Software
M-00199,E-00696,U-018,Preventive,2025-10-03,2025-10-11,1,1941.82,In Progress,No Failure
M-00200,E-00702,U-023,Inspection,2026-08-08,2026-08-10,5,7430.28,In Progress,Software
M-00201,E-01516,U-020,Corrective,2025-11-24,2025-11-30,8,21010.34,Overdue,Mechanical
M-00202,E-00142,U-042,Inspection,2025-07-26,2025-08-05,16,9690.34,Completed,Mechanical
M-00203,E-00330,U-013,Corrective,2025-10-19,2025-10-21,10,3705.6,In Progress,Power
M-00204,E-00045,U-006,Preventive,2025-10-05,2025-10-14,12,3948.06,In Progress,Power
M-00205,E-00419,U-036,Corrective,2025-09-27,2025-09-29,3,13416.65,In Progress,Software
M-00206,E-01016,U-026,Corrective,2025-07-13,2025-07-16,17,4899.17,In Progress,Mechanical
M-00207,E-01236,U-057,Inspection,2025-07-13,2025-07-17,17,1506.14,Completed,Software
M-00208,E-00136,U-054,Preventive,2026-05-08,2026-05-15,2,24813.38,Completed,Power
M-00209,E-00126,U-035,Corrective,2026-06-01,2026-06-06,10,2627.51,Overdue,Mechanical
M-00210,E-00512,U-006,Inspection,2026-03-06,2026-03-13,2,16791.77,Overdue,No Failure
M-00211,E-01292,U-046,Preventive,2025-07-23,2025-07-27,16,22809.56,Overdue,No Failure
M-00212,E-01498,U-040,Inspection,2025-06-12,2025-06-14,2,14718.62,In Progress,Electrical
M-00213,E-01485,U-017,Corrective,2026-02-28,2026-03-08,15,11645.53,In Progress,Mechanical
M-00214,E-01568,U-020,Corrective,2026-04-13,2026-04-18,12,9040.55,In Progress,Software
M-00215,E-00120,U-026,Corrective,2025-08-02,2025-08-11,4,15527.82,Overdue,Mechanical
M-00216,E-00414,U-020,Inspection,2026-01-02,2026-01-14,4,3143.03,Completed,Power
M-00217,E-00782,U-051,Inspection,2025-07-29,2025-08-04,12,5532.88,Completed,Software
M-00218,E-01267,U-018,Preventive,2025-05-19,2025-05-31,8,5120.51,Completed,Power
M-00219,E-00748,U-038,Corrective,2025-03-13,2025-03-24,17,8215.07,Overdue,No Failure
M-00220,E-00952,U-012,Preventive,2025-01-24,2025-01-31,9,925.42,Completed,Electrical
M-00221,E-00030,U-023,Corrective,2026-01-30,2026-02-04,4,8335.74,Completed,Mechanical
M-00222,E-00627,U-001,Corrective,2026-06-04,2026-06-11,6,3130.38,In Progress,Mechanical
M-00223,E-01152,U-041,Inspection,2025-09-08,2025-09-13,5,11602.56,Overdue,Electrical
M-00224,E-00511,U-003,Preventive,2025-02-25,2025-03-07,10,1815.16,Overdue,Mechanical
M-00225,E-01690,U-005,Preventive,2026-05-05,2026-05-11,6,16834.06,Completed,Power
M-00226,E-01517,U-023,Inspection,2026-01-05,2026-01-15,7,11621.79,Completed,Power
M-00227,E-00767,U-018,Preventive,2026-07-14,2026-07-23,9,13502.68,Overdue,Software
M-00228,E-00174,U-034,Inspection,2025-11-04,2025-11-10,3,9910.28,Overdue,Mechanical
M-00229,E-01280,U-035,Inspection,2025-03-10,2025-03-22,9,8182.4,In Progress,Mechanical
M-00230,E-00612,U-060,Corrective,2026-03-19,2026-03-25,5,6337.29,Overdue,No Failure
M-00231,E-00062,U-009,Preventive,2025-09-22,2025-09-28,6,7927.4,Completed,Software
M-00232,E-00770,U-049,Inspection,2026-05-23,2026-05-29,11,6763.32,Completed,No Failure
M-00233,E-01029,U-019,Corrective,2026-04-27,2026-05-07,12,19230.22,Completed,Mechanical
M-00234,E-00770,U-049,Preventive,2026-04-08,2026-04-20,8,10876.22,Completed,Mechanical
M-00235,E-00092,U-012,Inspection,2025-05-12,2025-05-24,1,1903.75,Overdue,Mechanical
M-00236,E-01365,U-008,Corrective,2025-03-20,2025-03-28,2,20802.06,In Progress,Power
M-00237,E-00553,U-037,Preventive,2026-03-10,2026-03-21,8,3093.22,Completed,Power
M-00238,E-01360,U-036,Preventive,2025-11-02,2025-11-14,16,14891.43,Completed,No Failure
M-00239,E-00790,U-032,Corrective,2025-10-02,2025-10-10,11,21154.28,In Progress,Mechanical
M-00240,E-00592,U-048,Inspection,2025-07-03,2025-07-12,7,21795.5,Overdue,Electrical
M-00241,E-01004,U-050,Corrective,2026-05-30,2026-06-01,12,17161.35,In Progress,Electrical
M-00242,E-01068,U-012,Preventive,2026-06-05,2026-06-11,12,18696.53,Completed,Mechanical
M-00243,E-00748,U-038,Inspection,2026-03-02,2026-03-09,3,21560.3,In Progress,Software
M-00244,E-01193,U-045,Preventive,2025-11-05,2025-11-15,8,10804.16,Overdue,Power
M-00245,E-00795,U-057,Corrective,2025-09-14,2025-09-25,1,8870.06,In Progress,Mechanical
M-00246,E-00245,U-037,Preventive,2026-02-28,2026-03-02,8,5572.73,In Progress,Electrical
M-00247,E-00385,U-011,Preventive,2025-07-11,2025-07-16,12,23312.1,Overdue,Power
M-00248,E-00765,U-030,Inspection,2026-02-09,2026-02-16,3,15039.74,Completed,Power
M-00249,E-01314,U-024,Inspection,2026-03-16,2026-03-24,10,14172.05,Overdue,Electrical
M-00250,E-01188,U-059,Inspection,2026-05-13,2026-05-18,17,12302.51,Overdue,Software
M-00251,E-00837,U-057,Preventive,2025-07-22,2025-08-01,14,23278.0,Completed,Mechanical
M-00252,E-00332,U-012,Inspection,2026-05-22,2026-05-23,9,17861.22,In Progress,Software
M-00253,E-01793,U-033,Preventive,2025-07-07,2025-07-13,3,10837.93,Completed,Power
M-00254,E-00009,U-035,Preventive,2025-05-04,2025-05-12,10,10431.48,Overdue,No Failure
M-00255,E-00227,U-003,Corrective,2026-05-15,2026-05-19,4,18952.07,Completed,Software
M-00256,E-01691,U-011,Corrective,2026-05-30,2026-06-03,15,24906.78,Overdue,No Failure
M-00257,E-01714,U-051,Corrective,2026-06-21,2026-07-02,12,6042.44,In Progress,No Failure
M-00258,E-00861,U-002,Preventive,2025-06-03,2025-06-07,1,10624.09,In Progress,Electrical
M-00259,E-00964,U-007,Inspection,2025-07-31,2025-08-12,12,12513.14,In Progress,Electrical
M-00260,E-01271,U-057,Preventive,2025-10-24,2025-11-03,17,8080.01,Completed,No Failure
M-00261,E-01637,U-030,Preventive,2025-11-02,2025-11-14,2,5818.66,Overdue,Power
M-00262,E-00961,U-008,Preventive,2025-07-28,2025-08-01,5,8059.18,Overdue,Power
M-00263,E-01453,U-010,Corrective,2026-04-01,2026-04-13,13,5571.96,In Progress,Power
M-00264,E-01400,U-010,Corrective,2025-08-23,2025-08-30,3,3340.43,Overdue,Power
M-00265,E-00027,U-015,Inspection,2025-09-06,2025-09-07,14,21495.22,Overdue,Software
M-00266,E-00675,U-011,Inspection,2026-06-02,2026-06-09,5,16702.25,Overdue,Mechanical
M-00267,E-00410,U-038,Inspection,2025-03-07,2025-03-09,4,16568.6,Completed,Software
M-00268,E-01561,U-002,Corrective,2025-03-22,2025-03-30,1,20333.71,Completed,Electrical
M-00269,E-00869,U-021,Corrective,2026-01-30,2026-02-03,13,16447.83,Overdue,Mechanical
M-00270,E-00984,U-052,Inspection,2025-06-29,2025-07-01,8,4379.95,In Progress,Software
M-00271,E-01056,U-040,Corrective,2025-10-14,2025-10-15,7,5425.76,Overdue,Electrical
M-00272,E-01252,U-058,Inspection,2025-02-20,2025-02-23,9,24703.28,Completed,Power
M-00273,E-01005,U-059,Preventive,2026-01-05,2026-01-11,7,16824.22,Completed,Power
M-00274,E-00319,U-036,Inspection,2025-09-14,2025-09-20,5,21212.89,In Progress,Mechanical
M-00275,E-00850,U-050,Preventive,2026-04-08,2026-04-18,11,1662.19,Overdue,Power
M-00276,E-00112,U-006,Corrective,2026-01-14,2026-01-23,15,14108.5,In Progress,No Failure
M-00277,E-00258,U-020,Corrective,2026-02-12,2026-02-15,10,21305.77,Overdue,Mechanical
M-00278,E-01630,U-014,Inspection,2026-07-09,2026-07-11,17,9210.73,Overdue,Software
M-00279,E-01035,U-059,Inspection,2025-09-01,2025-09-10,6,22778.41,Overdue,No Failure
M-00280,E-00672,U-055,Corrective,2025-05-04,2025-05-14,15,11322.07,In Progress,Mechanical
M-00281,E-01177,U-050,Preventive,2025-04-02,2025-04-09,3,10501.14,In Progress,Electrical
M-00282,E-00848,U-042,Preventive,2025-12-21,2025-12-30,6,23990.77,Overdue,Electrical
M-00283,E-00223,U-009,Inspection,2026-08-05,2026-08-11,9,17856.65,Overdue,No Failure
M-00284,E-01756,U-032,Inspection,2025-05-15,2025-05-20,18,21468.37,Overdue,Mechanical
M-00285,E-00389,U-047,Inspection,2025-09-20,2025-09-26,15,12266.32,In Progress,Electrical
M-00286,E-00158,U-015,Inspection,2025-09-01,2025-09-10,14,8909.9,In Progress,No Failure
M-00287,E-01592,U-003,Inspection,2025-02-04,2025-02-14,3,17587.27,Overdue,Mechanical
M-00288,E-01476,U-048,Inspection,2026-02-14,2026-02-22,17,5093.95,Completed,Software
M-00289,E-01428,U-054,Inspection,2026-01-09,2026-01-13,13,20273.13,Completed,Software
M-00290,E-01598,U-058,Preventive,2025-10-19,2025-10-22,15,1251.93,In Progress,No Failure
M-00291,E-01151,U-009,Inspection,2025-12-02,2025-12-06,14,1341.27,Overdue,Electrical
M-00292,E-01096,U-053,Corrective,2025-02-12,2025-02-15,1,16889.06,Completed,Power
M-00293,E-01299,U-016,Inspection,2025-08-08,2025-08-17,4,23615.82,Completed,No Failure
M-00294,E-01554,U-030,Corrective,2026-03-14,2026-03-22,14,24473.29,In Progress,Power
M-00295,E-00036,U-032,Inspection,2025-07-24,2025-08-01,8,7733.33,In Progress,Software
M-00296,E-00459,U-001,Corrective,2026-01-20,2026-01-27,16,523.55,Overdue,No Failure
M-00297,E-01187,U-009,Corrective,2025-01-03,2025-01-10,11,12514.4,In Progress,Power
M-00298,E-01207,U-022,Corrective,2026-02-22,2026-03-02,2,8282.35,In Progress,Electrical
M-00299,E-00413,U-048,Preventive,2025-09-07,2025-09-14,9,18282.18,Completed,Software
M-00300,E-01522,U-008,Corrective,2025-12-16,2025-12-23,18,16518.16,In Progress,Power
M-00301,E-01472,U-006,Corrective,2025-02-21,2025-03-02,17,11004.5,Completed,No Failure
M-00302,E-01741,U-039,Corrective,2025-06-14,2025-06-18,4,3846.66,Overdue,Power
M-00303,E-00866,U-049,Preventive,2026-03-06,2026-03-12,9,24618.75,Overdue,No Failure
M-00304,E-01406,U-018,Inspection,2025-02-03,2025-02-09,17,1767.85,Completed,No Failure
M-00305,E-01597,U-002,Corrective,2025-10-28,2025-10-30,11,15405.71,In Progress,No Failure
M-00306,E-00084,U-007,Preventive,2025-01-27,2025-02-06,2,24171.31,Completed,Electrical
M-00307,E-00430,U-006,Inspection,2026-06-16,2026-06-22,9,10115.96,Overdue,Power
M-00308,E-01292,U-046,Inspection,2025-11-13,2025-11-21,10,6478.28,In Progress,Software
M-00309,E-00476,U-004,Inspection,2026-08-11,2026-08-12,18,15307.37,Completed,Power
M-00310,E-00220,U-002,Inspection,2026-08-12,2026-08-18,13,12696.37,Overdue,Power
M-00311,E-00294,U-043,Preventive,2025-04-22,2025-04-23,12,7697.93,Overdue,Software
M-00312,E-01306,U-058,Inspection,2025-09-17,2025-09-29,6,9282.32,Completed,No Failure
M-00313,E-00178,U-049,Preventive,2025-02-12,2025-02-18,10,21565.56,Completed,Software
M-00314,E-00602,U-011,Inspection,2025-06-20,2025-06-30,10,2044.81,Completed,Mechanical
M-00315,E-01157,U-051,Inspection,2026-04-05,2026-04-15,2,18353.1,Completed,Power
M-00316,E-00506,U-035,Inspection,2026-07-26,2026-08-07,15,17144.84,In Progress,Electrical
M-00317,E-01747,U-054,Preventive,2026-03-17,2026-03-28,13,20869.08,Overdue,Software
M-00318,E-01183,U-002,Preventive,2025-11-24,2025-11-28,10,909.03,Completed,Software
M-00319,E-01254,U-043,Inspection,2026-04-27,2026-05-01,18,11797.82,In Progress,Power
M-00320,E-00044,U-026,Preventive,2026-06-25,2026-07-04,7,10482.94,Completed,Software
M-00321,E-01361,U-046,Inspection,2025-07-29,2025-08-08,15,17788.28,Completed,Electrical
M-00322,E-01541,U-037,Preventive,2026-01-27,2026-02-05,6,21997.71,In Progress,No Failure
M-00323,E-00714,U-057,Inspection,2025-11-13,2025-11-15,18,8479.75,Completed,Power
M-00324,E-01690,U-005,Preventive,2025-04-18,2025-04-26,17,10666.55,In Progress,Electrical
M-00325,E-01699,U-024,Corrective,2026-04-05,2026-04-13,16,2251.16,Completed,Software
M-00326,E-01132,U-021,Preventive,2025-05-19,2025-05-23,2,23085.75,Overdue,Electrical
M-00327,E-00655,U-039,Corrective,2026-03-25,2026-03-26,12,12835.3,Completed,Power
M-00328,E-01392,U-030,Preventive,2025-01-14,2025-01-21,1,9762.75,In Progress,Software
M-00329,E-00988,U-050,Inspection,2025-04-24,2025-05-05,6,7024.07,Overdue,Electrical
M-00330,E-01357,U-038,Corrective,2025-06-29,2025-07-05,11,18890.91,In Progress,No Failure
M-00331,E-00388,U-036,Corrective,2026-02-19,2026-03-01,14,12177.31,In Progress,Mechanical
M-00332,E-00195,U-008,Corrective,2025-11-13,2025-11-17,15,9231.78,Completed,Mechanical
M-00333,E-00909,U-006,Corrective,2025-11-04,2025-11-15,17,13530.17,In Progress,Power
M-00334,E-01476,U-048,Inspection,2026-03-06,2026-03-16,2,17826.31,Overdue,Mechanical
M-00335,E-00214,U-002,Preventive,2025-04-16,2025-04-22,14,12169.92,Completed,Power
M-00336,E-01113,U-010,Preventive,2025-12-19,2025-12-25,15,10981.71,Overdue,Electrical
M-00337,E-01013,U-055,Inspection,2025-02-07,2025-02-13,2,16694.96,Overdue,No Failure
M-00338,E-01247,U-053,Preventive,2026-07-12,2026-07-21,7,24815.99,Overdue,Power
M-00339,E-00531,U-056,Corrective,2026-03-21,2026-04-02,2,4848.2,In Progress,Mechanical
M-00340,E-01043,U-033,Preventive,2026-03-15,2026-03-19,10,18790.58,In Progress,Electrical
M-00341,E-00416,U-021,Preventive,2025-09-04,2025-09-13,5,6483.14,Overdue,Mechanical
M-00342,E-00284,U-020,Corrective,2025-10-13,2025-10-21,2,8805.54,In Progress,Mechanical
M-00343,E-01480,U-036,Inspection,2026-04-27,2026-05-08,5,10359.5,Overdue,Software
M-00344,E-00016,U-048,Preventive,2025-07-27,2025-08-01,5,11867.69,In Progress,No Failure
M-00345,E-01363,U-025,Inspection,2026-06-22,2026-07-03,13,19436.01,Overdue,Software
M-00346,E-01295,U-007,Inspection,2026-01-22,2026-01-30,9,12294.34,Overdue,Power
M-00347,E-00442,U-012,Preventive,2026-04-26,2026-04-30,18,8941.29,In Progress,Electrical
M-00348,E-01148,U-005,Inspection,2026-03-31,2026-04-03,14,13401.93,Overdue,Power
M-00349,E-00252,U-047,Preventive,2025-06-08,2025-06-20,9,2711.77,Overdue,Power
M-00350,E-01438,U-039,Preventive,2025-08-17,2025-08-26,1,21742.49,In Progress,Power
M-00351,E-00714,U-057,Inspection,2025-09-04,2025-09-14,9,21754.77,Completed,Software
M-00352,E-00739,U-039,Corrective,2025-10-09,2025-10-15,9,2078.39,Overdue,Software
M-00353,E-00337,U-038,Inspection,2025-11-22,2025-12-01,8,2595.69,Completed,No Failure
M-00354,E-00476,U-004,Corrective,2025-12-22,2025-12-26,1,5474.12,Completed,Software
M-00355,E-00309,U-015,Corrective,2026-03-18,2026-03-22,11,16859.58,Overdue,No Failure
M-00356,E-00632,U-038,Inspection,2026-04-03,2026-04-12,13,9327.09,Completed,Electrical
M-00357,E-01697,U-020,Inspection,2026-05-31,2026-06-12,14,16528.99,Completed,Power
M-00358,E-00303,U-021,Preventive,2026-01-11,2026-01-20,14,4729.17,Overdue,Electrical
M-00359,E-01099,U-031,Corrective,2025-11-18,2025-11-23,7,7802.38,In Progress,No Failure
M-00360,E-01404,U-043,Inspection,2026-06-21,2026-06-24,7,996.98,Completed,Mechanical
M-00361,E-01115,U-025,Preventive,2026-03-26,2026-04-04,10,10178.98,Overdue,Power
M-00362,E-00805,U-007,Preventive,2025-08-03,2025-08-10,7,6480.13,Overdue,Mechanical
M-00363,E-00794,U-009,Preventive,2025-02-12,2025-02-20,6,18733.38,Completed,Software
M-00364,E-01576,U-025,Preventive,2025-01-15,2025-01-19,13,8134.11,Completed,Software
M-00365,E-01691,U-011,Inspection,2025-10-18,2025-10-26,10,14488.6,Overdue,No Failure
M-00366,E-00888,U-014,Corrective,2025-09-03,2025-09-14,8,21531.97,Overdue,No Failure
M-00367,E-00469,U-037,Preventive,2025-04-08,2025-04-20,4,10010.63,Completed,Electrical
M-00368,E-00884,U-016,Preventive,2025-07-03,2025-07-12,9,9389.41,In Progress,Mechanical
M-00369,E-00149,U-054,Preventive,2025-10-25,2025-11-03,11,11616.01,In Progress,Power
M-00370,E-00334,U-007,Corrective,2026-08-12,2026-08-14,4,16029.44,Overdue,Mechanical
M-00371,E-01080,U-060,Preventive,2026-03-14,2026-03-15,13,18412.3,In Progress,No Failure
M-00372,E-01516,U-020,Preventive,2025-03-03,2025-03-10,1,7756.76,Overdue,No Failure
M-00373,E-01305,U-030,Corrective,2025-04-17,2025-04-22,11,5381.66,Overdue,Software
M-00374,E-00217,U-022,Preventive,2026-01-24,2026-01-29,9,2278.49,Completed,Electrical
M-00375,E-00797,U-041,Inspection,2026-05-19,2026-05-28,10,8326.51,In Progress,Power
M-00376,E-01738,U-025,Preventive,2025-06-01,2025-06-08,12,1871.47,Completed,Mechanical
M-00377,E-00314,U-055,Inspection,2025-08-05,2025-08-15,7,8990.36,Overdue,Mechanical
M-00378,E-01735,U-006,Corrective,2025-01-15,2025-01-17,3,16234.86,Completed,Electrical
M-00379,E-01549,U-029,Inspection,2025-06-25,2025-07-04,12,1087.47,Completed,No Failure
M-00380,E-00709,U-021,Corrective,2025-02-01,2025-02-08,15,2810.01,Overdue,Mechanical
M-00381,E-00480,U-025,Inspection,2025-08-16,2025-08-20,4,12740.59,Completed,Mechanical
M-00382,E-00933,U-034,Corrective,2026-08-12,2026-08-18,9,18520.79,Completed,Power
M-00383,E-01153,U-050,Inspection,2026-07-20,2026-07-23,10,18966.7,Overdue,Power
M-00384,E-00321,U-055,Preventive,2025-01-06,2025-01-15,18,2269.51,Overdue,Power
M-00385,E-00098,U-021,Inspection,2026-06-06,2026-06-17,12,3897.95,In Progress,Electrical
M-00386,E-01122,U-014,Preventive,2025-01-04,2025-01-07,14,15378.29,Completed,Mechanical
M-00387,E-00094,U-019,Preventive,2025-12-02,2025-12-10,8,24677.87,Completed,Mechanical
M-00388,E-01536,U-028,Preventive,2025-03-06,2025-03-16,10,6345.94,Completed,Power
M-00389,E-00749,U-034,Inspection,2025-02-16,2025-02-19,16,6639.76,In Progress,Power
M-00390,E-01615,U-001,Inspection,2025-09-03,2025-09-07,17,24026.93,In Progress,No Failure
M-00391,E-01554,U-030,Corrective,2025-08-26,2025-09-06,13,9192.11,Completed,Software
M-00392,E-01197,U-057,Preventive,2025-09-30,2025-10-12,18,19059.12,Overdue,Software
M-00393,E-00040,U-022,Preventive,2025-07-15,2025-07-16,17,10566.73,In Progress,No Failure
M-00394,E-00589,U-049,Corrective,2026-07-24,2026-08-04,8,20822.46,Overdue,No Failure
M-00395,E-01056,U-040,Preventive,2025-11-23,2025-11-29,2,18971.75,In Progress,Software
M-00396,E-01751,U-025,Inspection,2026-05-23,2026-05-25,11,14821.51,In Progress,No Failure
M-00397,E-01141,U-037,Preventive,2025-05-09,2025-05-17,16,4674.69,Completed,Software
M-00398,E-00107,U-020,Corrective,2026-05-10,2026-05-15,9,12027.75,Overdue,Power
M-00399,E-01164,U-030,Inspection,2025-04-20,2025-04-22,16,3559.42,In Progress,No Failure
M-00400,E-00061,U-037,Inspection,2025-07-25,2025-07-30,12,10164.87,Overdue,Software
M-00401,E-01409,U-006,Inspection,2025-10-11,2025-10-18,11,17018.11,In Progress,Power
M-00402,E-00981,U-043,Corrective,2025-10-28,2025-11-07,13,10419.1,Completed,Electrical
M-00403,E-00277,U-051,Corrective,2025-08-13,2025-08-20,2,19303.44,In Progress,Mechanical
M-00404,E-00213,U-035,Preventive,2025-06-01,2025-06-10,4,13809.16,Completed,Electrical
M-00405,E-01059,U-024,Inspection,2025-08-04,2025-08-15,5,9211.96,Completed,Software
M-00406,E-01390,U-049,Preventive,2025-10-16,2025-10-21,7,14731.17,In Progress,No Failure
M-00407,E-00824,U-056,Preventive,2025-01-19,2025-01-26,11,12337.2,In Progress,Mechanical
M-00408,E-00272,U-015,Corrective,2026-03-17,2026-03-26,10,23705.13,Completed,Power
M-00409,E-01365,U-008,Corrective,2025-04-12,2025-04-16,13,12012.07,Completed,Electrical
M-00410,E-00646,U-050,Corrective,2025-06-03,2025-06-14,18,2142.87,In Progress,Power
M-00411,E-00999,U-035,Corrective,2026-01-30,2026-02-02,17,6135.92,Overdue,Power
M-00412,E-00024,U-050,Inspection,2025-08-03,2025-08-09,8,15185.68,Completed,Electrical
M-00413,E-00086,U-025,Inspection,2026-06-19,2026-06-28,12,5111.05,Overdue,Software
M-00414,E-01714,U-051,Preventive,2026-04-25,2026-04-30,1,2778.31,In Progress,Software
M-00415,E-01659,U-058,Inspection,2026-05-16,2026-05-21,15,24467.72,In Progress,Electrical
M-00416,E-00414,U-020,Corrective,2026-04-06,2026-04-07,9,19140.85,Overdue,No Failure
M-00417,E-01180,U-028,Corrective,2026-03-04,2026-03-13,3,15277.29,In Progress,Electrical
M-00418,E-01762,U-036,Inspection,2025-12-11,2025-12-19,15,6208.85,In Progress,No Failure
M-00419,E-01598,U-058,Inspection,2025-02-02,2025-02-06,9,1020.31,In Progress,Power
M-00420,E-00823,U-040,Inspection,2026-07-09,2026-07-19,4,23101.57,Overdue,No Failure
M-00421,E-00601,U-044,Inspection,2025-04-23,2025-05-04,16,24176.21,In Progress,Electrical
M-00422,E-01280,U-035,Preventive,2025-10-12,2025-10-13,16,21459.43,Completed,No Failure
M-00423,E-01403,U-013,Inspection,2026-05-30,2026-06-08,15,16713.01,Completed,Electrical
M-00424,E-01181,U-040,Corrective,2025-04-14,2025-04-20,17,11833.55,Completed,Electrical
M-00425,E-00507,U-038,Preventive,2025-11-12,2025-11-14,2,6960.41,In Progress,Electrical
M-00426,E-01139,U-060,Corrective,2026-03-06,2026-03-08,5,9933.36,In Progress,Power
M-00427,E-01125,U-001,Inspection,2025-03-10,2025-03-13,4,4573.04,In Progress,Software
M-00428,E-01278,U-052,Inspection,2026-07-01,2026-07-07,6,6827.24,Overdue,Software
M-00429,E-00132,U-033,Preventive,2026-02-19,2026-03-02,17,7658.98,Overdue,Mechanical
M-00430,E-01388,U-013,Corrective,2026-07-28,2026-08-03,7,11897.38,Completed,No Failure
M-00431,E-01447,U-019,Preventive,2025-10-12,2025-10-20,14,5478.44,Overdue,Mechanical
M-00432,E-00755,U-051,Corrective,2026-08-03,2026-08-11,1,12579.72,Completed,Electrical
M-00433,E-01539,U-008,Corrective,2025-09-19,2025-09-28,4,7139.09,In Progress,No Failure
M-00434,E-00010,U-021,Inspection,2025-03-02,2025-03-14,9,1387.13,In Progress,Mechanical
M-00435,E-00841,U-007,Preventive,2025-02-16,2025-02-20,4,1747.45,In Progress,Mechanical
M-00436,E-01589,U-040,Corrective,2025-02-11,2025-02-21,16,4393.22,In Progress,Software
M-00437,E-01517,U-023,Preventive,2025-06-15,2025-06-27,18,12830.91,In Progress,Mechanical
M-00438,E-00316,U-021,Preventive,2026-04-10,2026-04-22,9,6836.27,Overdue,Electrical
M-00439,E-01180,U-028,Corrective,2025-06-02,2025-06-04,16,17396.51,In Progress,Electrical
M-00440,E-01293,U-036,Corrective,2025-11-26,2025-12-04,12,12963.86,In Progress,Software
M-00441,E-01439,U-056,Inspection,2025-09-07,2025-09-15,3,22801.34,Overdue,Mechanical
M-00442,E-00385,U-011,Corrective,2025-05-27,2025-06-07,2,20004.32,Overdue,Electrical
M-00443,E-00942,U-026,Inspection,2025-05-04,2025-05-10,7,18010.53,Completed,No Failure
M-00444,E-00974,U-043,Preventive,2025-10-24,2025-11-05,1,6801.03,Completed,Mechanical
M-00445,E-00773,U-013,Preventive,2025-03-02,2025-03-07,4,5423.96,Completed,Electrical
M-00446,E-01397,U-026,Corrective,2026-02-11,2026-02-19,12,4117.66,Completed,Electrical
M-00447,E-00227,U-003,Corrective,2025-06-09,2025-06-19,15,3013.35,In Progress,Power
M-00448,E-01519,U-030,Preventive,2025-11-30,2025-12-07,10,4871.97,Overdue,Electrical
M-00449,E-00323,U-038,Inspection,2026-08-07,2026-08-17,1,17345.08,Completed,Software
M-00450,E-01122,U-014,Corrective,2025-04-14,2025-04-26,14,11815.45,Completed,Power
M-00451,E-01738,U-025,Preventive,2026-03-25,2026-03-28,12,8144.26,Completed,Electrical
M-00452,E-01312,U-012,Inspection,2025-08-26,2025-08-28,11,13001.74,In Progress,Mechanical
M-00453,E-00989,U-043,Corrective,2025-05-10,2025-05-17,2,20740.95,In Progress,Electrical
M-00454,E-01050,U-005,Inspection,2025-06-11,2025-06-12,7,11178.0,Completed,Electrical
M-00455,E-01421,U-008,Corrective,2025-04-21,2025-05-03,12,1303.96,Completed,Electrical
M-00456,E-00133,U-041,Corrective,2025-09-01,2025-09-02,16,6047.66,Completed,Power
M-00457,E-01624,U-052,Inspection,2025-02-26,2025-03-05,13,11256.79,In Progress,Mechanical
M-00458,E-00587,U-016,Corrective,2025-01-05,2025-01-09,6,7304.05,Overdue,No Failure
M-00459,E-01417,U-017,Inspection,2026-02-26,2026-03-03,8,8706.03,Overdue,Power
M-00460,E-01026,U-054,Preventive,2026-03-21,2026-03-29,18,16805.47,In Progress,Software
M-00461,E-00139,U-059,Inspection,2025-09-03,2025-09-04,11,11600.56,Completed,No Failure
M-00462,E-00458,U-056,Corrective,2026-01-23,2026-02-01,18,9928.81,In Progress,Mechanical
M-00463,E-01705,U-060,Preventive,2026-01-17,2026-01-24,4,8224.92,Completed,Electrical
M-00464,E-00023,U-011,Inspection,2025-12-23,2025-12-29,16,705.77,Completed,Software
M-00465,E-00765,U-030,Inspection,2025-02-06,2025-02-13,18,12571.44,In Progress,Mechanical
M-00466,E-00190,U-022,Preventive,2025-05-10,2025-05-16,18,14938.5,Overdue,Power
M-00467,E-00652,U-018,Corrective,2026-07-29,2026-08-08,5,21919.27,Completed,Mechanical
M-00468,E-00883,U-042,Preventive,2025-01-26,2025-02-02,6,8700.79,In Progress,No Failure
M-00469,E-00750,U-039,Corrective,2025-03-31,2025-04-10,15,17522.29,In Progress,No Failure
M-00470,E-01774,U-026,Corrective,2025-07-25,2025-08-03,9,14905.06,Completed,No Failure
M-00471,E-01711,U-044,Corrective,2025-06-26,2025-06-30,9,19248.17,In Progress,Mechanical
M-00472,E-01086,U-055,Inspection,2025-01-21,2025-01-23,16,10866.21,Completed,No Failure
M-00473,E-00405,U-056,Corrective,2025-10-03,2025-10-05,13,7292.18,In Progress,No Failure
M-00474,E-00656,U-054,Inspection,2025-06-02,2025-06-09,11,6582.4,Completed,Power
M-00475,E-01735,U-006,Corrective,2025-09-25,2025-09-26,17,2822.12,Completed,No Failure
M-00476,E-00553,U-037,Inspection,2026-06-25,2026-06-27,6,14780.04,In Progress,No Failure
M-00477,E-01261,U-010,Inspection,2026-07-26,2026-07-31,2,19472.65,Overdue,Software
M-00478,E-01349,U-059,Preventive,2025-09-15,2025-09-23,10,14068.18,Overdue,No Failure
M-00479,E-01658,U-033,Corrective,2025-05-20,2025-05-29,4,12444.57,Overdue,Power
M-00480,E-00017,U-008,Inspection,2025-01-15,2025-01-16,11,13117.13,Overdue,Software
M-00481,E-01788,U-048,Corrective,2025-01-13,2025-01-24,17,1524.11,Completed,Mechanical
M-00482,E-00033,U-036,Preventive,2025-07-17,2025-07-22,1,8827.95,Completed,Software
M-00483,E-01718,U-016,Inspection,2025-04-26,2025-05-08,2,8808.03,Overdue,Power
M-00484,E-00699,U-054,Inspection,2026-06-15,2026-06-26,14,20353.79,Overdue,Software
M-00485,E-00078,U-047,Preventive,2025-07-08,2025-07-12,3,2881.73,Overdue,Electrical
M-00486,E-01165,U-013,Corrective,2025-11-07,2025-11-08,5,24039.65,Completed,Power
M-00487,E-00596,U-036,Corrective,2026-03-17,2026-03-24,9,4032.57,Completed,Power
M-00488,E-01446,U-040,Inspection,2025-12-22,2025-12-31,7,10215.2,Completed,No Failure
M-00489,E-00937,U-044,Inspection,2025-10-01,2025-10-10,18,19693.82,In Progress,Software
M-00490,E-01414,U-016,Inspection,2025-11-25,2025-11-27,6,10025.42,Overdue,Power
M-00491,E-00001,U-009,Preventive,2025-09-08,2025-09-10,9,18754.63,In Progress,Electrical
M-00492,E-01407,U-020,Corrective,2025-12-29,2026-01-10,4,19095.81,In Progress,Mechanical
M-00493,E-01006,U-037,Inspection,2026-06-09,2026-06-11,7,1056.14,Overdue,Software
M-00494,E-00708,U-038,Corrective,2025-02-28,2025-03-04,17,14460.34,In Progress,Mechanical
M-00495,E-01330,U-028,Corrective,2025-04-13,2025-04-18,12,1466.89,In Progress,Power
M-00496,E-01794,U-047,Corrective,2026-08-01,2026-08-05,5,19337.15,Completed,No Failure
M-00497,E-00967,U-041,Corrective,2025-06-01,2025-06-13,18,22977.75,In Progress,Mechanical
M-00498,E-00193,U-038,Corrective,2025-07-10,2025-07-12,7,16902.78,Overdue,Mechanical
M-00499,E-01669,U-032,Corrective,2026-01-07,2026-01-12,11,13830.16,Completed,Software
M-00500,E-01528,U-020,Inspection,2025-01-14,2025-01-20,17,5401.9,Completed,Mechanical
M-00501,E-00075,U-053,Preventive,2026-06-15,2026-06-21,9,16020.49,In Progress,Power
M-00502,E-01384,U-009,Inspection,2026-05-01,2026-05-10,12,14332.66,Overdue,No Failure
M-00503,E-01208,U-052,Preventive,2025-06-26,2025-07-03,13,9635.8,Overdue,Power
M-00504,E-00365,U-045,Inspection,2026-01-15,2026-01-25,14,20350.77,In Progress,Electrical
M-00505,E-01410,U-059,Preventive,2025-06-17,2025-06-21,14,13702.38,Completed,Power
M-00506,E-00963,U-022,Preventive,2025-12-15,2025-12-20,4,13544.37,Overdue,Software
M-00507,E-01442,U-052,Corrective,2025-12-19,2025-12-30,16,20958.18,Overdue,No Failure
M-00508,E-00330,U-013,Inspection,2025-05-18,2025-05-19,3,21591.9,In Progress,No Failure
M-00509,E-01389,U-024,Corrective,2025-01-28,2025-01-31,10,9389.94,Completed,Power
M-00510,E-01534,U-048,Inspection,2026-01-31,2026-02-10,10,7052.68,Completed,Mechanical
M-00511,E-01366,U-038,Corrective,2025-08-07,2025-08-09,10,17564.67,Overdue,No Failure
M-00512,E-00063,U-013,Preventive,2025-08-11,2025-08-15,4,20761.08,In Progress,Electrical
M-00513,E-00960,U-056,Inspection,2026-08-10,2026-08-11,14,10839.7,In Progress,Mechanical
M-00514,E-00964,U-007,Inspection,2026-05-09,2026-05-20,5,18903.32,Overdue,No Failure
M-00515,E-00163,U-044,Corrective,2025-03-04,2025-03-05,18,6146.3,In Progress,Power
M-00516,E-01519,U-030,Inspection,2026-04-25,2026-04-28,13,937.17,Completed,Software
M-00517,E-00916,U-023,Inspection,2026-04-26,2026-05-04,12,16286.58,Completed,Mechanical
M-00518,E-00292,U-028,Corrective,2025-05-17,2025-05-21,8,23558.81,Completed,Power
M-00519,E-00541,U-027,Corrective,2025-05-12,2025-05-20,16,11549.8,Completed,Electrical
M-00520,E-00935,U-018,Corrective,2025-09-16,2025-09-24,11,1673.59,Completed,Software
M-00521,E-01077,U-018,Preventive,2025-12-19,2025-12-21,4,23424.28,In Progress,Software
M-00522,E-00633,U-036,Preventive,2026-03-19,2026-03-23,13,5145.31,Completed,Software
M-00523,E-01694,U-035,Inspection,2026-02-10,2026-02-19,16,13779.49,Overdue,Mechanical
M-00524,E-00362,U-036,Inspection,2025-01-17,2025-01-28,10,11821.97,Overdue,Software
M-00525,E-01581,U-025,Preventive,2026-07-28,2026-08-03,17,19894.09,In Progress,Electrical
M-00526,E-01542,U-029,Preventive,2026-05-02,2026-05-09,8,17220.5,Completed,Software
M-00527,E-00698,U-013,Preventive,2025-09-05,2025-09-16,2,4180.23,In Progress,Mechanical
M-00528,E-00835,U-053,Corrective,2025-03-25,2025-04-06,16,15005.29,In Progress,Electrical
M-00529,E-01529,U-032,Inspection,2026-04-01,2026-04-09,17,16780.4,Completed,Software
M-00530,E-01560,U-024,Inspection,2026-08-07,2026-08-14,7,18080.69,Overdue,No Failure
M-00531,E-01789,U-020,Inspection,2025-08-19,2025-08-25,10,19616.57,In Progress,Software
M-00532,E-00277,U-051,Preventive,2025-03-08,2025-03-20,18,8715.24,In Progress,Power
M-00533,E-00471,U-021,Inspection,2025-12-07,2025-12-08,3,15659.93,In Progress,Power
M-00534,E-01013,U-055,Inspection,2026-05-15,2026-05-22,5,10325.2,Completed,Software
M-00535,E-01602,U-006,Corrective,2026-01-24,2026-01-29,16,17134.68,Overdue,No Failure
M-00536,E-01450,U-009,Inspection,2026-05-06,2026-05-17,5,20347.22,Completed,No Failure
M-00537,E-00091,U-007,Inspection,2026-07-18,2026-07-29,4,1069.41,Completed,No Failure
M-00538,E-01521,U-053,Preventive,2025-09-19,2025-09-28,14,16861.22,Overdue,No Failure
M-00539,E-00810,U-013,Corrective,2025-07-06,2025-07-08,11,12466.85,Overdue,Mechanical
M-00540,E-00221,U-007,Inspection,2025-09-17,2025-09-18,13,11409.97,Overdue,No Failure
M-00541,E-01360,U-036,Preventive,2026-06-08,2026-06-09,9,15963.48,In Progress,Software
M-00542,E-01423,U-014,Preventive,2026-05-11,2026-05-16,6,16644.47,In Progress,Mechanical
M-00543,E-01796,U-060,Corrective,2026-02-08,2026-02-14,5,15669.34,Overdue,Power
M-00544,E-01748,U-044,Corrective,2025-02-15,2025-02-17,15,3545.29,In Progress,Power
M-00545,E-01522,U-008,Preventive,2025-12-06,2025-12-09,7,21683.8,In Progress,Power
M-00546,E-01555,U-008,Corrective,2025-08-29,2025-09-02,14,11850.75,Overdue,Electrical
M-00547,E-01393,U-042,Corrective,2026-05-11,2026-05-19,7,6641.92,Overdue,Power
M-00548,E-00795,U-057,Inspection,2025-12-09,2025-12-17,11,1678.16,Overdue,No Failure
M-00549,E-00019,U-013,Inspection,2025-11-03,2025-11-14,15,15182.0,In Progress,No Failure
M-00550,E-00964,U-007,Preventive,2026-05-04,2026-05-15,6,21752.56,Completed,Electrical
M-00551,E-00175,U-006,Inspection,2026-08-14,2026-08-15,16,21138.04,In Progress,Electrical
M-00552,E-01450,U-009,Inspection,2026-02-27,2026-03-07,9,12126.9,Overdue,No Failure
M-00553,E-00941,U-060,Preventive,2025-05-03,2025-05-08,8,9522.18,In Progress,Software
M-00554,E-01345,U-022,Inspection,2025-09-08,2025-09-09,7,4264.17,Completed,Electrical
M-00555,E-01736,U-032,Corrective,2026-08-10,2026-08-22,5,22147.64,In Progress,Software
M-00556,E-00913,U-011,Corrective,2026-01-24,2026-01-28,11,18367.73,In Progress,Software
M-00557,E-01555,U-008,Inspection,2025-04-06,2025-04-07,16,4808.51,Overdue,Power
M-00558,E-01337,U-014,Corrective,2025-11-01,2025-11-08,9,23708.54,In Progress,No Failure
M-00559,E-00376,U-060,Preventive,2026-01-23,2026-01-28,7,16578.39,Overdue,Power
M-00560,E-00220,U-002,Corrective,2026-08-10,2026-08-13,15,8676.77,Overdue,Mechanical
M-00561,E-00524,U-038,Inspection,2025-08-17,2025-08-18,11,2059.01,Overdue,Mechanical
M-00562,E-00806,U-040,Preventive,2026-02-15,2026-02-16,2,16472.67,Completed,Electrical
M-00563,E-00298,U-044,Preventive,2025-05-01,2025-05-07,3,10026.6,Completed,Electrical
M-00564,E-01046,U-047,Inspection,2026-04-19,2026-05-01,2,21841.83,Overdue,No Failure
M-00565,E-00186,U-023,Inspection,2025-07-29,2025-08-09,12,19246.12,Completed,Electrical
M-00566,E-01534,U-048,Inspection,2025-09-10,2025-09-17,12,23309.74,In Progress,Power
M-00567,E-01568,U-020,Inspection,2025-11-21,2025-12-03,18,10117.89,In Progress,Electrical
M-00568,E-01428,U-054,Corrective,2025-03-04,2025-03-10,10,13162.31,Overdue,No Failure
M-00569,E-00972,U-029,Preventive,2025-04-02,2025-04-14,13,15420.11,Overdue,No Failure
M-00570,E-00667,U-044,Inspection,2025-10-27,2025-11-05,6,24361.87,In Progress,No Failure
M-00571,E-00102,U-003,Inspection,2025-05-11,2025-05-15,7,19510.29,Completed,Power
M-00572,E-00264,U-006,Inspection,2026-02-05,2026-02-15,7,12038.64,In Progress,Electrical
M-00573,E-00041,U-029,Preventive,2025-06-10,2025-06-14,14,19067.19,Overdue,Mechanical
M-00574,E-00156,U-056,Corrective,2026-01-04,2026-01-12,3,17483.12,Overdue,Software
M-00575,E-00139,U-059,Corrective,2026-06-23,2026-06-26,12,2046.55,Overdue,Mechanical
M-00576,E-01632,U-016,Preventive,2026-02-28,2026-03-08,14,16827.62,In Progress,Mechanical
M-00577,E-01143,U-009,Preventive,2025-06-10,2025-06-14,12,9357.51,Completed,Software
M-00578,E-00662,U-030,Corrective,2026-07-24,2026-08-04,1,21805.85,In Progress,Power
M-00579,E-00012,U-060,Preventive,2025-06-04,2025-06-13,6,15404.65,Completed,Power
M-00580,E-00731,U-006,Inspection,2025-05-28,2025-06-05,17,15505.42,Completed,Mechanical
M-00581,E-01488,U-008,Corrective,2025-07-18,2025-07-28,14,7857.86,Completed,Electrical
M-00582,E-01078,U-024,Inspection,2025-11-14,2025-11-22,9,10602.82,Overdue,Mechanical
M-00583,E-00658,U-032,Corrective,2025-02-04,2025-02-15,5,22473.22,Completed,No Failure
M-00584,E-01553,U-002,Preventive,2025-01-11,2025-01-20,12,18286.37,Completed,Software
M-00585,E-01119,U-007,Inspection,2025-02-20,2025-02-28,11,10376.47,In Progress,Mechanical
M-00586,E-01537,U-025,Inspection,2025-01-27,2025-02-07,11,13801.95,Overdue,No Failure
M-00587,E-00656,U-054,Preventive,2026-06-27,2026-06-29,1,14269.29,Overdue,Software
M-00588,E-01394,U-036,Corrective,2026-03-07,2026-03-17,16,20191.03,In Progress,Mechanical
M-00589,E-01024,U-012,Preventive,2026-03-22,2026-04-01,7,11440.15,Overdue,Software
M-00590,E-00875,U-048,Preventive,2026-01-21,2026-01-28,10,10022.22,In Progress,Power
M-00591,E-00450,U-003,Corrective,2025-08-28,2025-09-05,15,7274.3,Overdue,Electrical
M-00592,E-00469,U-037,Corrective,2025-07-23,2025-08-02,5,4327.32,Overdue,Electrical
M-00593,E-00349,U-026,Preventive,2026-05-30,2026-06-09,3,8950.74,Completed,Power
M-00594,E-00994,U-004,Preventive,2025-10-25,2025-11-03,16,6499.41,In Progress,No Failure
M-00595,E-00662,U-030,Preventive,2025-06-18,2025-06-28,10,712.49,Overdue,No Failure
M-00596,E-00518,U-019,Preventive,2026-04-30,2026-05-07,1,15795.69,Overdue,Software
M-00597,E-00875,U-048,Inspection,2025-06-17,2025-06-19,9,9207.37,Overdue,Electrical
M-00598,E-00924,U-060,Corrective,2025-08-30,2025-09-06,1,14517.44,Overdue,Mechanical
M-00599,E-01190,U-030,Inspection,2025-04-28,2025-05-07,3,11257.55,In Progress,Electrical
M-00600,E-01476,U-048,Corrective,2025-08-26,2025-09-02,12,5522.15,In Progress,Software
M-00601,E-01080,U-060,Inspection,2025-12-25,2026-01-02,10,12896.15,Overdue,Mechanical
M-00602,E-01341,U-023,Corrective,2026-01-06,2026-01-08,8,3274.17,Overdue,Software
M-00603,E-01097,U-038,Corrective,2025-09-17,2025-09-22,13,2080.74,In Progress,Power
M-00604,E-01730,U-054,Corrective,2026-08-02,2026-08-05,11,12232.85,In Progress,Electrical
M-00605,E-00990,U-029,Preventive,2025-10-12,2025-10-20,6,2444.29,Completed,Software
M-00606,E-00562,U-014,Corrective,2026-06-12,2026-06-20,12,9895.46,Completed,Software
M-00607,E-00167,U-011,Inspection,2026-07-16,2026-07-25,16,8636.7,In Progress,Software
M-00608,E-01783,U-013,Preventive,2026-07-05,2026-07-08,6,20442.41,Completed,No Failure
M-00609,E-00123,U-021,Inspection,2025-11-28,2025-11-29,11,7522.99,Overdue,No Failure
M-00610,E-00898,U-020,Corrective,2025-08-24,2025-08-30,18,9425.85,Completed,Mechanical
M-00611,E-01494,U-014,Preventive,2026-08-04,2026-08-14,8,7292.6,Completed,Mechanical
M-00612,E-00838,U-045,Inspection,2025-05-09,2025-05-21,16,3027.15,Completed,Power
M-00613,E-01250,U-001,Preventive,2025-08-28,2025-08-29,14,8737.75,Completed,Mechanical
M-00614,E-01797,U-023,Inspection,2025-07-19,2025-07-25,16,8187.33,Overdue,Software
M-00615,E-00042,U-011,Corrective,2026-08-08,2026-08-11,17,5054.66,Overdue,No Failure
M-00616,E-01218,U-060,Preventive,2026-02-18,2026-02-27,16,14223.44,Overdue,Mechanical
M-00617,E-01297,U-043,Inspection,2026-04-27,2026-05-08,18,4084.35,Overdue,Electrical
M-00618,E-00390,U-044,Corrective,2026-04-22,2026-04-26,2,14905.75,In Progress,Electrical
M-00619,E-00450,U-003,Inspection,2026-06-12,2026-06-16,14,21215.82,In Progress,No Failure
M-00620,E-01166,U-030,Inspection,2026-05-27,2026-06-06,16,12829.5,In Progress,Mechanical
M-00621,E-00023,U-011,Inspection,2025-02-26,2025-03-09,10,7297.31,In Progress,No Failure
M-00622,E-00909,U-006,Inspection,2025-05-24,2025-05-31,6,23656.29,Overdue,No Failure
M-00623,E-01406,U-018,Preventive,2025-03-25,2025-04-02,8,17911.42,Overdue,Power
M-00624,E-00829,U-005,Preventive,2025-12-31,2026-01-08,17,4379.3,In Progress,Electrical
M-00625,E-00487,U-053,Corrective,2025-01-17,2025-01-27,10,16932.42,Overdue,Mechanical
M-00626,E-00872,U-006,Preventive,2026-05-27,2026-05-29,15,11330.88,Completed,Software
M-00627,E-01129,U-025,Preventive,2026-03-29,2026-04-03,11,14063.59,Overdue,Software
M-00628,E-01611,U-032,Corrective,2026-07-21,2026-08-01,2,24564.37,Overdue,Software
M-00629,E-00623,U-025,Corrective,2025-01-08,2025-01-14,11,19237.95,Overdue,Software
M-00630,E-01652,U-048,Corrective,2025-01-03,2025-01-07,13,8798.93,Overdue,Electrical
M-00631,E-00291,U-011,Inspection,2026-03-24,2026-03-28,12,1314.3,In Progress,No Failure
M-00632,E-00716,U-050,Preventive,2025-03-26,2025-03-27,14,15347.24,In Progress,Power
M-00633,E-00133,U-041,Inspection,2025-05-12,2025-05-14,11,10009.1,Completed,Software
M-00634,E-00922,U-017,Preventive,2025-01-29,2025-02-06,17,23453.31,Completed,Electrical
M-00635,E-01166,U-030,Preventive,2026-07-25,2026-07-27,10,24473.83,Overdue,Software
M-00636,E-00350,U-054,Preventive,2025-11-14,2025-11-18,16,3033.91,Completed,No Failure
M-00637,E-01784,U-028,Inspection,2026-03-13,2026-03-17,2,20807.49,Overdue,Mechanical
M-00638,E-01087,U-039,Preventive,2025-08-09,2025-08-16,18,6889.7,Overdue,Power
M-00639,E-01763,U-037,Inspection,2026-03-12,2026-03-14,14,11354.61,Completed,Software
M-00640,E-00809,U-009,Corrective,2026-03-12,2026-03-23,14,1625.23,In Progress,Electrical
M-00641,E-00985,U-012,Corrective,2026-01-16,2026-01-26,12,11498.11,Completed,Mechanical
M-00642,E-00596,U-036,Preventive,2025-04-13,2025-04-19,15,12294.08,Overdue,Power
M-00643,E-00725,U-016,Corrective,2025-01-13,2025-01-14,6,8541.13,Overdue,Software
M-00644,E-01334,U-019,Inspection,2026-05-30,2026-06-01,1,15890.48,In Progress,Mechanical
M-00645,E-01083,U-030,Preventive,2026-04-04,2026-04-08,11,12368.56,In Progress,Mechanical
M-00646,E-01607,U-013,Inspection,2026-04-29,2026-05-02,2,13396.67,Completed,Mechanical
M-00647,E-00234,U-031,Corrective,2025-01-17,2025-01-19,12,1952.05,In Progress,Mechanical
M-00648,E-01188,U-059,Preventive,2025-09-08,2025-09-15,13,837.54,Overdue,No Failure
M-00649,E-00877,U-030,Preventive,2025-04-28,2025-05-04,12,15927.32,In Progress,No Failure
M-00650,E-00474,U-015,Preventive,2025-10-19,2025-10-31,9,11291.04,Overdue,Mechanical
M-00651,E-00093,U-044,Preventive,2025-02-13,2025-02-18,11,14023.9,Completed,Software
M-00652,E-01203,U-045,Preventive,2025-05-22,2025-06-02,16,1066.04,Overdue,Software
M-00653,E-01397,U-026,Inspection,2025-02-08,2025-02-15,10,15371.06,In Progress,Software
M-00654,E-00496,U-013,Corrective,2025-12-07,2025-12-18,12,18608.0,Overdue,Software
M-00655,E-00084,U-007,Inspection,2025-08-19,2025-08-26,7,14279.35,In Progress,Mechanical
M-00656,E-00998,U-044,Preventive,2025-05-24,2025-05-29,12,8467.58,Overdue,No Failure
M-00657,E-00993,U-012,Inspection,2025-02-09,2025-02-21,8,6274.96,Completed,Mechanical
M-00658,E-01785,U-003,Corrective,2025-07-08,2025-07-13,14,10333.75,Completed,Software
M-00659,E-00073,U-049,Inspection,2025-02-11,2025-02-12,9,9245.67,Overdue,Software
M-00660,E-00038,U-043,Inspection,2025-10-07,2025-10-19,18,21760.61,Overdue,Electrical
M-00661,E-01016,U-026,Corrective,2025-06-19,2025-06-21,10,751.02,Overdue,Electrical
M-00662,E-00225,U-006,Preventive,2026-03-25,2026-04-04,17,23657.91,Completed,No Failure
M-00663,E-01020,U-005,Inspection,2025-01-15,2025-01-24,4,22244.73,In Progress,Software
M-00664,E-01149,U-006,Preventive,2025-04-16,2025-04-17,8,21519.3,Overdue,Mechanical
M-00665,E-00778,U-057,Inspection,2025-04-22,2025-04-25,18,2850.29,Completed,No Failure
M-00666,E-00781,U-010,Corrective,2025-09-16,2025-09-21,14,9933.85,Completed,Mechanical
M-00667,E-00900,U-035,Preventive,2025-08-26,2025-08-29,12,5866.38,Completed,Power
M-00668,E-00904,U-005,Inspection,2026-02-17,2026-02-26,15,10169.22,Completed,Software
M-00669,E-00727,U-017,Inspection,2026-05-26,2026-06-06,10,12462.92,In Progress,No Failure
M-00670,E-01138,U-007,Inspection,2025-03-03,2025-03-13,17,15613.93,In Progress,No Failure
M-00671,E-00955,U-007,Inspection,2025-08-26,2025-08-30,3,19081.89,In Progress,No Failure
M-00672,E-00869,U-021,Corrective,2025-02-07,2025-02-10,13,23476.66,Completed,Mechanical
M-00673,E-01709,U-017,Corrective,2025-09-16,2025-09-18,14,8657.73,In Progress,Mechanical
M-00674,E-01569,U-048,Corrective,2025-04-18,2025-04-21,14,6900.28,In Progress,Software
M-00675,E-01516,U-020,Inspection,2025-05-27,2025-06-03,10,18345.81,In Progress,Mechanical
M-00676,E-00177,U-038,Preventive,2026-08-11,2026-08-15,15,14163.77,In Progress,Software
M-00677,E-01037,U-049,Corrective,2026-05-12,2026-05-15,1,15272.04,Overdue,Power
M-00678,E-00910,U-030,Inspection,2025-09-10,2025-09-17,11,18530.6,In Progress,Power
M-00679,E-01673,U-028,Inspection,2026-05-02,2026-05-09,1,17773.32,In Progress,Mechanical
M-00680,E-01352,U-016,Corrective,2025-05-04,2025-05-11,9,21199.02,In Progress,No Failure
M-00681,E-01632,U-016,Corrective,2025-06-24,2025-07-06,4,5163.21,Completed,Mechanical
M-00682,E-00318,U-004,Corrective,2025-11-30,2025-12-06,13,2614.68,Completed,Power
M-00683,E-01674,U-021,Inspection,2026-03-17,2026-03-20,3,5591.63,In Progress,No Failure
M-00684,E-01768,U-037,Corrective,2026-01-04,2026-01-06,1,14603.17,In Progress,Mechanical
M-00685,E-00272,U-015,Preventive,2026-01-06,2026-01-14,11,662.39,In Progress,Software
M-00686,E-01031,U-049,Inspection,2025-03-05,2025-03-10,17,23105.19,Overdue,No Failure
M-00687,E-00899,U-044,Corrective,2025-06-10,2025-06-12,5,10086.64,Completed,Mechanical
M-00688,E-00067,U-041,Inspection,2025-07-08,2025-07-18,7,12473.47,Completed,Power
M-00689,E-00311,U-054,Corrective,2026-02-21,2026-02-24,15,6562.73,Completed,Electrical
M-00690,E-00257,U-052,Corrective,2026-04-05,2026-04-17,14,11254.67,In Progress,Software
M-00691,E-00688,U-013,Inspection,2026-06-03,2026-06-05,10,19176.75,Overdue,Electrical
M-00692,E-01312,U-012,Corrective,2026-04-14,2026-04-24,5,24402.96,In Progress,Mechanical
M-00693,E-01244,U-024,Preventive,2025-07-18,2025-07-22,14,12480.1,Overdue,Electrical
M-00694,E-00322,U-011,Corrective,2026-02-17,2026-02-26,9,17878.26,Overdue,No Failure
M-00695,E-01407,U-020,Preventive,2025-12-05,2025-12-12,14,22490.33,Overdue,Software
M-00696,E-00429,U-059,Preventive,2025-07-11,2025-07-15,3,10222.4,Overdue,Power
M-00697,E-01791,U-006,Corrective,2025-04-20,2025-04-28,1,8867.81,In Progress,No Failure
M-00698,E-00425,U-045,Inspection,2026-07-22,2026-07-31,8,5140.58,Completed,Mechanical
M-00699,E-01630,U-014,Inspection,2025-04-09,2025-04-10,4,10251.32,In Progress,Software
M-00700,E-01675,U-043,Preventive,2025-01-12,2025-01-16,14,3811.71,Completed,No Failure
M-00701,E-01785,U-003,Inspection,2025-08-16,2025-08-25,12,23898.38,Completed,No Failure
M-00702,E-00725,U-016,Inspection,2025-10-10,2025-10-14,16,13832.35,Completed,Mechanical
M-00703,E-00993,U-012,Corrective,2025-09-09,2025-09-11,11,14705.15,Completed,No Failure
M-00704,E-01380,U-014,Corrective,2026-01-22,2026-01-23,17,10795.86,Completed,Power
M-00705,E-01466,U-044,Corrective,2026-01-25,2026-01-26,10,10230.86,Completed,Electrical
M-00706,E-01338,U-046,Preventive,2025-06-28,2025-07-03,16,14028.77,Overdue,Power
M-00707,E-00297,U-036,Preventive,2025-12-11,2025-12-22,18,24831.68,Completed,Electrical
M-00708,E-01314,U-024,Preventive,2025-04-12,2025-04-18,2,23908.97,Completed,No Failure
M-00709,E-00124,U-001,Corrective,2026-06-27,2026-06-28,3,8415.42,In Progress,Software
M-00710,E-01192,U-008,Inspection,2026-05-24,2026-05-25,13,3830.73,Overdue,Software
M-00711,E-00132,U-033,Inspection,2025-02-08,2025-02-18,16,16242.9,Completed,Electrical
M-00712,E-01088,U-008,Corrective,2026-02-10,2026-02-16,2,24525.19,Completed,Electrical
M-00713,E-01132,U-021,Corrective,2025-04-06,2025-04-15,6,3285.91,Completed,Electrical
M-00714,E-00463,U-009,Preventive,2026-04-28,2026-04-29,17,17304.64,In Progress,No Failure
M-00715,E-00575,U-051,Inspection,2025-07-22,2025-07-23,7,15668.46,Overdue,Power
M-00716,E-00054,U-009,Corrective,2025-02-23,2025-03-07,13,4838.52,Completed,Electrical
M-00717,E-00015,U-006,Inspection,2025-07-01,2025-07-06,16,7492.7,In Progress,Electrical
M-00718,E-01278,U-052,Inspection,2026-06-20,2026-06-29,17,15593.1,Completed,Power
M-00719,E-00345,U-051,Preventive,2026-04-18,2026-04-27,4,22299.07,Completed,Power
M-00720,E-01221,U-019,Preventive,2025-08-01,2025-08-04,15,16930.21,Completed,Mechanical
M-00721,E-00525,U-005,Preventive,2025-02-08,2025-02-13,8,13991.35,In Progress,Electrical
M-00722,E-01579,U-059,Corrective,2026-01-12,2026-01-16,3,12893.57,In Progress,Mechanical
M-00723,E-00740,U-031,Corrective,2025-10-02,2025-10-11,2,1907.05,Overdue,Software
M-00724,E-00356,U-055,Corrective,2025-10-04,2025-10-08,13,10571.73,Overdue,Software
M-00725,E-00496,U-013,Corrective,2026-05-05,2026-05-11,12,16383.94,In Progress,Mechanical
M-00726,E-01115,U-025,Inspection,2025-09-07,2025-09-15,12,1447.97,Overdue,Electrical
M-00727,E-01532,U-057,Preventive,2026-04-21,2026-05-01,2,18427.77,Completed,Electrical
M-00728,E-01617,U-036,Preventive,2025-05-29,2025-06-09,3,19943.2,In Progress,Software
M-00729,E-01448,U-032,Preventive,2026-05-28,2026-06-02,7,5632.21,Completed,Mechanical
M-00730,E-01379,U-020,Inspection,2026-03-07,2026-03-14,9,950.47,Completed,No Failure
M-00731,E-00640,U-051,Preventive,2026-02-20,2026-02-22,7,24730.1,Completed,Mechanical
M-00732,E-00381,U-056,Corrective,2025-01-08,2025-01-11,6,20331.58,In Progress,No Failure
M-00733,E-01407,U-020,Preventive,2026-08-04,2026-08-06,13,18709.41,Completed,Electrical
M-00734,E-00817,U-050,Preventive,2025-08-21,2025-08-23,13,2815.03,Completed,Software
M-00735,E-00320,U-029,Preventive,2025-07-14,2025-07-15,3,12146.29,Overdue,Electrical
M-00736,E-00248,U-005,Corrective,2025-10-30,2025-11-07,9,1631.93,Completed,Software
M-00737,E-01364,U-056,Corrective,2026-08-10,2026-08-11,18,2303.27,Overdue,No Failure
M-00738,E-00012,U-060,Corrective,2025-12-07,2025-12-15,8,16123.35,Completed,Electrical
M-00739,E-00463,U-009,Inspection,2026-01-09,2026-01-15,3,12060.14,In Progress,Power
M-00740,E-00741,U-060,Corrective,2025-07-06,2025-07-08,8,16477.92,Completed,Power
M-00741,E-01443,U-053,Inspection,2025-07-10,2025-07-17,16,24859.07,Completed,Electrical
M-00742,E-00849,U-003,Inspection,2025-12-01,2025-12-08,1,4629.02,Overdue,Power
M-00743,E-00396,U-028,Corrective,2026-01-11,2026-01-19,15,7544.94,Overdue,Mechanical
M-00744,E-01188,U-059,Corrective,2025-02-14,2025-02-22,3,12710.2,Completed,Power
M-00745,E-00264,U-006,Inspection,2026-05-23,2026-06-02,16,17505.41,Overdue,Mechanical
M-00746,E-00335,U-043,Preventive,2026-02-08,2026-02-14,17,11882.45,Overdue,Software
M-00747,E-01441,U-017,Inspection,2026-06-21,2026-07-03,4,10325.58,Overdue,Software
M-00748,E-01766,U-022,Preventive,2025-09-13,2025-09-21,4,8272.59,Completed,No Failure
M-00749,E-00137,U-057,Preventive,2025-09-22,2025-10-04,9,3342.23,In Progress,Software
M-00750,E-00639,U-060,Corrective,2026-01-09,2026-01-16,15,5812.42,Overdue,Power
M-00751,E-00909,U-006,Inspection,2025-03-18,2025-03-26,9,2764.0,Completed,Electrical
M-00752,E-00824,U-056,Corrective,2025-11-25,2025-12-01,2,13797.34,In Progress,No Failure
M-00753,E-00394,U-012,Preventive,2025-09-18,2025-09-20,3,23361.92,In Progress,No Failure
M-00754,E-00946,U-029,Corrective,2025-01-30,2025-02-01,7,16431.16,Completed,No Failure
M-00755,E-00213,U-035,Corrective,2025-05-09,2025-05-13,18,5930.59,Completed,Software
M-00756,E-01294,U-022,Corrective,2025-03-31,2025-04-03,1,23469.32,In Progress,Electrical
M-00757,E-01203,U-045,Corrective,2026-01-25,2026-02-01,9,799.28,Completed,Software
M-00758,E-00131,U-020,Corrective,2025-11-21,2025-11-24,13,18208.56,Overdue,Electrical
M-00759,E-01133,U-007,Corrective,2025-06-02,2025-06-04,4,10818.07,In Progress,Power
M-00760,E-00556,U-003,Corrective,2025-06-26,2025-07-07,3,20987.29,In Progress,Electrical
M-00761,E-00650,U-029,Inspection,2025-10-26,2025-11-02,14,4040.1,Overdue,Power
M-00762,E-00260,U-052,Preventive,2025-08-23,2025-09-03,14,22416.62,In Progress,Power
M-00763,E-01521,U-053,Preventive,2025-03-17,2025-03-24,17,6911.93,Completed,Power
M-00764,E-01062,U-041,Preventive,2025-12-23,2026-01-03,11,15527.85,Completed,Mechanical
M-00765,E-01412,U-048,Corrective,2026-03-09,2026-03-15,5,2083.43,In Progress,Mechanical
M-00766,E-00870,U-042,Corrective,2025-09-21,2025-09-25,8,2914.46,In Progress,Mechanical
M-00767,E-01189,U-003,Preventive,2025-11-19,2025-11-26,2,19588.64,Overdue,Mechanical
M-00768,E-00212,U-040,Inspection,2025-04-09,2025-04-13,16,24519.79,Overdue,No Failure
M-00769,E-00459,U-001,Inspection,2025-10-25,2025-11-01,8,16002.04,Overdue,No Failure
M-00770,E-01017,U-033,Inspection,2026-07-11,2026-07-22,2,16154.87,Overdue,Electrical
M-00771,E-01181,U-040,Corrective,2025-11-25,2025-12-07,13,1811.07,Overdue,Software
M-00772,E-00466,U-048,Corrective,2025-01-15,2025-01-17,11,16032.96,In Progress,Mechanical
M-00773,E-01001,U-037,Corrective,2025-11-10,2025-11-14,8,7052.89,Completed,Mechanical
M-00774,E-01341,U-023,Preventive,2026-04-26,2026-05-03,16,1343.49,Overdue,Electrical
M-00775,E-01029,U-019,Preventive,2026-01-04,2026-01-10,8,2374.33,Overdue,Electrical
M-00776,E-01633,U-032,Preventive,2025-11-24,2025-11-29,1,19981.49,Completed,Electrical
M-00777,E-00038,U-043,Inspection,2025-03-26,2025-03-28,17,8523.11,In Progress,Software
M-00778,E-01173,U-023,Corrective,2026-04-04,2026-04-15,1,18574.91,In Progress,Power
M-00779,E-01157,U-051,Corrective,2025-01-22,2025-02-03,12,1296.48,In Progress,Electrical
M-00780,E-01169,U-007,Inspection,2025-06-06,2025-06-08,17,7039.08,Overdue,Power
M-00781,E-00800,U-011,Inspection,2026-02-12,2026-02-13,13,23684.99,Overdue,Software
M-00782,E-01241,U-056,Corrective,2025-06-26,2025-06-28,14,23527.75,Completed,No Failure
M-00783,E-01223,U-032,Corrective,2025-12-21,2025-12-22,13,4848.79,In Progress,Software
M-00784,E-01324,U-006,Inspection,2025-01-27,2025-02-05,2,10146.94,Completed,No Failure
M-00785,E-01561,U-002,Preventive,2025-05-06,2025-05-17,4,11778.57,Overdue,Mechanical
M-00786,E-01235,U-038,Inspection,2025-05-23,2025-05-26,6,5636.85,Completed,Power
M-00787,E-00675,U-011,Corrective,2026-02-04,2026-02-12,5,8982.3,Overdue,Power
M-00788,E-01064,U-044,Corrective,2025-12-19,2025-12-21,14,4784.15,In Progress,No Failure
M-00789,E-00535,U-007,Preventive,2025-04-05,2025-04-10,6,12671.72,Overdue,Electrical
M-00790,E-00387,U-053,Preventive,2025-05-28,2025-06-03,16,6196.82,In Progress,Mechanical
M-00791,E-00369,U-019,Inspection,2025-04-14,2025-04-19,5,790.7,In Progress,Power
M-00792,E-00072,U-051,Inspection,2026-03-26,2026-03-30,16,6892.15,In Progress,Software
M-00793,E-00933,U-034,Inspection,2025-03-09,2025-03-21,10,4015.11,Completed,Mechanical
M-00794,E-01161,U-003,Inspection,2025-05-20,2025-05-26,8,23831.91,Overdue,No Failure
M-00795,E-01769,U-027,Corrective,2026-08-12,2026-08-18,18,12546.56,Overdue,Software
M-00796,E-00459,U-001,Corrective,2026-02-09,2026-02-20,6,12469.8,In Progress,Software
M-00797,E-00714,U-057,Preventive,2026-04-10,2026-04-14,17,18180.68,Completed,Electrical
M-00798,E-01395,U-056,Preventive,2025-03-15,2025-03-25,5,2584.15,In Progress,No Failure
M-00799,E-00209,U-060,Preventive,2025-03-17,2025-03-28,7,1742.76,Completed,Electrical
M-00800,E-00673,U-043,Corrective,2025-07-12,2025-07-23,2,4863.94,In Progress,Electrical
M-00801,E-01182,U-018,Inspection,2025-10-13,2025-10-18,4,4678.0,Completed,Power
M-00802,E-00372,U-004,Preventive,2025-08-22,2025-08-23,18,12360.35,Completed,Software
M-00803,E-01542,U-029,Inspection,2025-11-26,2025-12-04,2,23557.67,Overdue,Software
M-00804,E-00624,U-002,Inspection,2025-08-01,2025-08-03,8,12260.94,Overdue,Mechanical
M-00805,E-01151,U-009,Inspection,2026-03-27,2026-03-31,16,15640.27,Completed,Power
M-00806,E-00229,U-023,Inspection,2026-03-11,2026-03-20,6,3943.69,Overdue,No Failure
M-00807,E-01057,U-004,Inspection,2025-01-07,2025-01-17,7,11436.14,In Progress,No Failure
M-00808,E-01280,U-035,Preventive,2025-08-26,2025-09-03,18,7889.1,Overdue,Software
M-00809,E-01116,U-006,Preventive,2026-07-27,2026-08-05,1,5334.89,Overdue,Mechanical
M-00810,E-01332,U-034,Inspection,2026-03-25,2026-03-29,18,3520.88,Completed,Power
M-00811,E-00913,U-011,Inspection,2025-03-04,2025-03-09,9,10194.37,In Progress,Mechanical
M-00812,E-00642,U-001,Preventive,2025-11-12,2025-11-20,16,22117.13,Completed,No Failure
M-00813,E-00658,U-032,Corrective,2025-08-27,2025-09-02,17,13210.22,Completed,Mechanical
M-00814,E-01131,U-026,Inspection,2025-04-14,2025-04-16,17,1172.12,Overdue,Power
M-00815,E-01157,U-051,Inspection,2025-08-26,2025-09-01,2,20246.32,Completed,Software
M-00816,E-00575,U-051,Corrective,2026-05-19,2026-05-29,18,19212.28,In Progress,Software
M-00817,E-00996,U-026,Preventive,2025-12-29,2026-01-06,3,24806.55,In Progress,Mechanical
M-00818,E-00206,U-051,Preventive,2025-11-25,2025-11-29,2,11433.08,Completed,Electrical
M-00819,E-00842,U-020,Inspection,2026-03-03,2026-03-11,2,16293.49,Overdue,Electrical
M-00820,E-00437,U-058,Preventive,2025-08-27,2025-08-29,3,18106.52,Overdue,No Failure
M-00821,E-00214,U-002,Corrective,2025-12-07,2025-12-19,8,1126.26,Completed,Electrical
M-00822,E-00421,U-037,Preventive,2025-04-27,2025-05-02,2,6143.96,In Progress,Software
M-00823,E-00159,U-059,Preventive,2026-04-23,2026-04-27,16,14519.79,Overdue,Power
M-00824,E-00057,U-016,Preventive,2026-03-01,2026-03-10,5,22038.42,Completed,Mechanical
M-00825,E-00760,U-013,Preventive,2026-06-14,2026-06-15,16,4025.07,Completed,Electrical
M-00826,E-00374,U-022,Corrective,2025-10-04,2025-10-16,10,3610.98,In Progress,Software
M-00827,E-00553,U-037,Preventive,2026-05-05,2026-05-08,12,22037.42,In Progress,No Failure
M-00828,E-01573,U-034,Corrective,2026-03-11,2026-03-14,1,8714.57,Completed,Electrical
M-00829,E-01653,U-025,Inspection,2026-03-28,2026-04-08,4,3669.95,In Progress,Power
M-00830,E-01532,U-057,Inspection,2025-02-05,2025-02-11,16,13943.96,Overdue,Software
M-00831,E-00047,U-013,Corrective,2025-08-28,2025-09-09,11,773.76,Overdue,No Failure
M-00832,E-01165,U-013,Inspection,2026-03-01,2026-03-13,9,7303.14,In Progress,Mechanical
M-00833,E-01442,U-052,Inspection,2026-04-03,2026-04-15,18,19604.88,Overdue,Electrical
M-00834,E-00540,U-035,Preventive,2025-10-29,2025-10-30,11,6877.35,Overdue,Mechanical
M-00835,E-00174,U-034,Inspection,2026-01-14,2026-01-25,11,10785.77,In Progress,No Failure
M-00836,E-01156,U-013,Preventive,2025-06-28,2025-06-30,13,16326.72,In Progress,Software
M-00837,E-01508,U-025,Preventive,2025-09-06,2025-09-07,3,5989.88,In Progress,No Failure
M-00838,E-00621,U-004,Corrective,2025-02-04,2025-02-16,18,1778.0,Overdue,Electrical
M-00839,E-00040,U-022,Preventive,2026-08-08,2026-08-13,9,23859.11,In Progress,Mechanical
M-00840,E-01064,U-044,Preventive,2025-09-21,2025-09-22,1,1484.91,In Progress,No Failure
M-00841,E-00047,U-013,Inspection,2025-10-27,2025-11-03,9,21306.74,In Progress,Software
M-00842,E-00947,U-017,Inspection,2026-01-30,2026-02-03,10,18429.02,Overdue,Electrical
M-00843,E-00719,U-049,Corrective,2025-06-24,2025-07-01,1,7410.32,Overdue,Software
M-00844,E-01240,U-033,Corrective,2025-05-26,2025-06-02,14,3796.51,In Progress,Electrical
M-00845,E-00124,U-001,Preventive,2025-03-27,2025-04-05,2,17568.67,Overdue,Mechanical
M-00846,E-01513,U-044,Preventive,2025-03-23,2025-04-01,4,4680.64,Completed,Electrical
M-00847,E-00723,U-056,Inspection,2025-07-01,2025-07-12,12,1967.02,Overdue,No Failure
M-00848,E-00754,U-002,Corrective,2026-08-03,2026-08-13,1,8052.75,Completed,Mechanical
M-00849,E-00045,U-006,Preventive,2026-03-26,2026-04-03,9,2243.33,In Progress,Mechanical
M-00850,E-00986,U-006,Inspection,2026-05-11,2026-05-22,13,22013.31,Completed,No Failure
M-00851,E-01415,U-040,Preventive,2025-08-23,2025-09-04,8,3480.17,In Progress,Electrical
M-00852,E-00967,U-041,Preventive,2025-03-01,2025-03-07,10,24103.52,Completed,Electrical
M-00853,E-01045,U-018,Corrective,2025-09-18,2025-09-23,13,15046.0,In Progress,Mechanical
M-00854,E-01559,U-023,Inspection,2026-06-02,2026-06-05,9,17238.0,Completed,Software
M-00855,E-00467,U-013,Inspection,2025-07-09,2025-07-11,3,21476.31,Completed,Electrical
M-00856,E-01296,U-056,Corrective,2025-05-11,2025-05-23,9,19301.88,Overdue,Software
M-00857,E-01674,U-021,Inspection,2025-06-10,2025-06-18,11,24488.76,Completed,Mechanical
M-00858,E-01709,U-017,Inspection,2025-11-03,2025-11-13,10,990.37,Completed,Software
M-00859,E-01353,U-045,Corrective,2025-11-13,2025-11-19,18,6749.18,In Progress,Power
M-00860,E-01630,U-014,Inspection,2025-06-08,2025-06-20,10,14228.57,Overdue,Electrical
M-00861,E-01148,U-005,Inspection,2025-01-19,2025-01-27,8,12221.25,Overdue,Electrical
M-00862,E-00857,U-037,Inspection,2025-09-18,2025-09-26,7,11592.73,Completed,Mechanical
M-00863,E-00509,U-020,Preventive,2025-10-08,2025-10-14,4,14291.12,Overdue,Electrical
M-00864,E-00252,U-047,Preventive,2026-03-10,2026-03-19,15,8011.98,In Progress,Electrical
M-00865,E-00886,U-017,Inspection,2026-03-12,2026-03-19,2,17455.77,Completed,Software
M-00866,E-00247,U-006,Corrective,2025-07-14,2025-07-17,13,21045.79,Completed,Mechanical
M-00867,E-01182,U-018,Preventive,2025-08-04,2025-08-12,14,21684.45,In Progress,No Failure
M-00868,E-01088,U-008,Corrective,2025-12-30,2026-01-07,11,14591.47,Completed,Mechanical
M-00869,E-01733,U-024,Inspection,2026-03-23,2026-03-27,14,12380.95,Overdue,Mechanical
M-00870,E-01753,U-046,Corrective,2025-10-12,2025-10-20,16,22959.2,Completed,Mechanical
M-00871,E-00070,U-011,Corrective,2025-12-30,2026-01-07,2,3801.85,In Progress,No Failure
M-00872,E-01428,U-054,Corrective,2025-03-29,2025-04-04,10,6773.16,In Progress,No Failure
M-00873,E-01311,U-013,Corrective,2026-07-06,2026-07-14,11,3738.54,In Progress,Power
M-00874,E-01005,U-059,Corrective,2025-09-22,2025-10-04,18,7092.63,In Progress,Mechanical
M-00875,E-01454,U-034,Corrective,2026-04-30,2026-05-11,14,5657.78,In Progress,Mechanical
M-00876,E-00377,U-050,Inspection,2025-01-04,2025-01-10,1,24992.33,In Progress,Power
M-00877,E-01599,U-001,Inspection,2025-01-11,2025-01-19,6,12025.31,Overdue,Electrical
M-00878,E-00268,U-006,Inspection,2026-06-25,2026-07-07,5,12132.67,Overdue,Mechanical
M-00879,E-01377,U-026,Inspection,2026-06-04,2026-06-12,2,23695.54,Overdue,Software
M-00880,E-00559,U-059,Inspection,2025-06-11,2025-06-22,14,20514.21,Completed,Power
M-00881,E-00840,U-031,Inspection,2026-03-10,2026-03-19,1,19805.0,Completed,Electrical
M-00882,E-00892,U-047,Corrective,2025-11-10,2025-11-19,6,16214.91,Overdue,Mechanical
M-00883,E-00403,U-023,Preventive,2026-01-05,2026-01-06,16,15277.35,In Progress,No Failure
M-00884,E-00886,U-017,Preventive,2025-12-30,2026-01-07,16,21831.41,In Progress,Software
M-00885,E-00525,U-005,Corrective,2025-05-23,2025-05-31,4,10791.84,In Progress,Software
M-00886,E-00133,U-041,Corrective,2025-04-25,2025-04-29,14,14757.58,Completed,Electrical
M-00887,E-01645,U-034,Corrective,2025-06-27,2025-07-07,6,8934.58,Completed,Electrical
M-00888,E-01242,U-033,Corrective,2025-03-17,2025-03-24,16,13488.98,In Progress,Software
M-00889,E-01044,U-051,Preventive,2025-05-26,2025-05-27,16,16912.32,Completed,Software
M-00890,E-00130,U-028,Preventive,2025-07-21,2025-08-02,10,20708.27,Overdue,No Failure
M-00891,E-00290,U-007,Corrective,2025-08-02,2025-08-07,8,4857.32,In Progress,Software
M-00892,E-01763,U-037,Corrective,2025-06-29,2025-07-09,10,2892.89,Completed,No Failure
M-00893,E-01427,U-039,Inspection,2026-01-24,2026-02-03,12,22736.85,Overdue,No Failure
M-00894,E-00242,U-017,Inspection,2025-06-28,2025-07-03,14,22577.24,Completed,Power
M-00895,E-00140,U-038,Inspection,2025-04-20,2025-04-23,18,11822.62,Overdue,No Failure
M-00896,E-00539,U-021,Corrective,2026-03-22,2026-04-01,12,2849.26,Completed,Power
M-00897,E-00057,U-016,Preventive,2025-07-13,2025-07-23,2,24823.08,Overdue,Electrical
M-00898,E-00886,U-017,Inspection,2026-03-20,2026-03-30,9,4277.48,Overdue,Mechanical
M-00899,E-01694,U-035,Inspection,2025-07-13,2025-07-24,7,18164.76,In Progress,Mechanical
M-00900,E-00326,U-053,Inspection,2026-06-27,2026-07-02,13,6437.24,Overdue,Electrical
M-00901,E-00495,U-056,Inspection,2025-11-10,2025-11-19,11,1815.91,Completed,No Failure
M-00902,E-01672,U-059,Corrective,2025-07-03,2025-07-11,5,17252.72,Completed,Electrical
M-00903,E-01179,U-001,Preventive,2025-07-29,2025-08-05,6,9264.87,In Progress,Mechanical
M-00904,E-00406,U-015,Corrective,2025-06-11,2025-06-19,5,7309.06,Overdue,Mechanical
M-00905,E-01384,U-009,Preventive,2026-06-08,2026-06-20,15,4017.78,Overdue,Electrical
M-00906,E-01562,U-036,Inspection,2026-05-15,2026-05-19,17,22052.33,Overdue,Software
M-00907,E-01705,U-060,Inspection,2025-10-02,2025-10-04,6,21448.24,In Progress,Electrical
M-00908,E-00340,U-003,Corrective,2026-06-03,2026-06-11,9,12697.65,Overdue,Electrical
M-00909,E-01263,U-053,Preventive,2025-03-27,2025-04-01,1,11356.28,Overdue,Power
M-00910,E-01223,U-032,Inspection,2026-01-22,2026-01-29,11,4974.71,Overdue,Mechanical
M-00911,E-00206,U-051,Corrective,2025-11-21,2025-11-25,3,16810.15,Completed,Power
M-00912,E-00038,U-043,Preventive,2025-10-20,2025-10-25,3,17756.95,Completed,Electrical
M-00913,E-01651,U-004,Inspection,2025-04-15,2025-04-17,5,15080.97,In Progress,Power
M-00914,E-01612,U-050,Corrective,2025-09-12,2025-09-13,6,10847.16,In Progress,Software
M-00915,E-00205,U-010,Inspection,2025-10-26,2025-11-02,8,20108.92,In Progress,No Failure
M-00916,E-00162,U-047,Corrective,2025-08-03,2025-08-07,3,16712.19,Completed,No Failure
M-00917,E-01474,U-015,Inspection,2025-11-28,2025-12-03,12,10193.84,Completed,No Failure
M-00918,E-01665,U-054,Corrective,2025-08-13,2025-08-14,2,18235.54,Overdue,No Failure
M-00919,E-01361,U-046,Corrective,2026-04-18,2026-04-28,7,2760.75,In Progress,Mechanical
M-00920,E-00850,U-050,Corrective,2025-01-29,2025-02-02,1,5029.69,Completed,Electrical
M-00921,E-00437,U-058,Preventive,2026-04-10,2026-04-14,16,20376.48,Overdue,No Failure
M-00922,E-00171,U-053,Preventive,2025-01-06,2025-01-17,10,14359.18,In Progress,Power
M-00923,E-00158,U-015,Inspection,2026-07-19,2026-07-22,6,23757.77,Overdue,Mechanical
M-00924,E-00032,U-045,Corrective,2025-01-01,2025-01-03,7,13343.35,In Progress,Mechanical
M-00925,E-01734,U-057,Corrective,2026-03-13,2026-03-14,6,22930.97,In Progress,No Failure
M-00926,E-00555,U-012,Corrective,2025-09-13,2025-09-22,2,20946.22,In Progress,No Failure
M-00927,E-00132,U-033,Inspection,2026-07-25,2026-07-26,2,23942.93,In Progress,No Failure
M-00928,E-00170,U-034,Inspection,2025-11-20,2025-11-24,3,17839.43,Overdue,Mechanical
M-00929,E-01252,U-058,Preventive,2026-02-21,2026-02-24,16,10452.75,Completed,Mechanical
M-00930,E-01632,U-016,Corrective,2026-05-22,2026-06-01,14,10719.91,In Progress,Mechanical
M-00931,E-01029,U-019,Corrective,2025-12-07,2025-12-10,11,12068.78,Completed,Mechanical
M-00932,E-00347,U-057,Corrective,2025-07-03,2025-07-10,9,19049.48,In Progress,Software
M-00933,E-01796,U-060,Inspection,2025-09-27,2025-10-09,17,10668.26,Completed,Electrical
M-00934,E-00692,U-057,Preventive,2025-09-22,2025-10-04,17,4404.32,In Progress,No Failure
M-00935,E-01625,U-030,Corrective,2025-04-29,2025-05-08,18,20769.76,Completed,Electrical
M-00936,E-00114,U-027,Inspection,2026-01-13,2026-01-14,3,14404.3,Overdue,Mechanical
M-00937,E-00726,U-032,Preventive,2026-05-17,2026-05-26,6,10336.59,Overdue,Software
M-00938,E-00782,U-051,Preventive,2025-11-30,2025-12-05,9,18485.99,Completed,Mechanical
M-00939,E-00572,U-042,Inspection,2025-05-21,2025-05-26,5,18843.64,In Progress,No Failure
M-00940,E-01086,U-055,Preventive,2026-07-06,2026-07-18,12,21277.2,Completed,Mechanical
M-00941,E-01678,U-046,Preventive,2025-05-07,2025-05-15,17,16619.19,Completed,Electrical
M-00942,E-01045,U-018,Inspection,2025-09-16,2025-09-24,2,7686.2,In Progress,No Failure
M-00943,E-00842,U-020,Inspection,2026-07-31,2026-08-09,4,7722.92,Completed,Electrical
M-00944,E-00783,U-042,Preventive,2026-07-06,2026-07-14,1,1580.24,Overdue,No Failure
M-00945,E-00543,U-023,Corrective,2025-08-14,2025-08-20,16,4276.96,Completed,Software
M-00946,E-01533,U-036,Corrective,2026-04-24,2026-05-01,4,17237.68,In Progress,Mechanical
M-00947,E-00249,U-048,Preventive,2026-04-16,2026-04-22,2,1217.75,In Progress,Electrical
M-00948,E-00029,U-052,Inspection,2025-03-24,2025-04-01,12,19065.44,Completed,Software
M-00949,E-00013,U-057,Corrective,2025-01-06,2025-01-14,18,6635.32,Overdue,Mechanical
M-00950,E-00754,U-002,Corrective,2026-01-07,2026-01-14,4,13472.12,In Progress,Electrical
M-00951,E-00988,U-050,Corrective,2025-02-16,2025-02-23,16,3715.06,Completed,Software
M-00952,E-01488,U-008,Preventive,2025-06-13,2025-06-22,8,7835.13,Completed,Mechanical
M-00953,E-00421,U-037,Inspection,2025-01-11,2025-01-21,5,3213.25,Completed,Electrical
M-00954,E-00362,U-036,Inspection,2026-01-08,2026-01-16,18,5940.18,In Progress,Electrical
M-00955,E-00575,U-051,Inspection,2025-02-25,2025-03-08,4,4679.16,Completed,Mechanical
M-00956,E-01215,U-009,Corrective,2025-10-02,2025-10-14,15,15887.23,In Progress,Software
M-00957,E-01505,U-020,Inspection,2026-07-01,2026-07-02,3,4820.97,Completed,Mechanical
M-00958,E-01547,U-053,Preventive,2026-02-19,2026-02-20,18,5796.37,Completed,No Failure
M-00959,E-01761,U-034,Inspection,2026-07-27,2026-07-28,5,9263.07,Overdue,No Failure
M-00960,E-01623,U-045,Corrective,2025-03-13,2025-03-24,6,18083.25,Overdue,Electrical
M-00961,E-01472,U-006,Corrective,2025-09-04,2025-09-05,8,22587.45,In Progress,Software
M-00962,E-00721,U-048,Corrective,2025-04-19,2025-04-21,13,11233.73,In Progress,No Failure
M-00963,E-00893,U-040,Preventive,2026-02-28,2026-03-10,13,21961.02,In Progress,Software
M-00964,E-01761,U-034,Inspection,2026-02-11,2026-02-15,13,21469.08,Completed,Power
M-00965,E-01599,U-001,Preventive,2026-01-04,2026-01-11,17,12460.33,Completed,No Failure
M-00966,E-01268,U-031,Preventive,2025-06-01,2025-06-07,9,9309.88,Overdue,No Failure
M-00967,E-00794,U-009,Preventive,2025-10-02,2025-10-12,15,14199.17,In Progress,Power
M-00968,E-01685,U-015,Corrective,2026-07-27,2026-07-29,18,22911.81,Overdue,Mechanical
M-00969,E-00241,U-029,Preventive,2025-02-27,2025-03-10,1,11206.93,In Progress,Software
M-00970,E-00600,U-012,Corrective,2026-06-12,2026-06-16,8,23889.06,Completed,Mechanical
M-00971,E-00882,U-006,Preventive,2025-03-05,2025-03-17,11,20995.27,Overdue,Electrical
M-00972,E-00003,U-017,Inspection,2026-07-01,2026-07-13,16,22245.81,In Progress,Mechanical
M-00973,E-01158,U-059,Corrective,2025-09-08,2025-09-14,1,7473.39,In Progress,Software
M-00974,E-00105,U-024,Inspection,2025-11-19,2025-11-28,8,1913.28,In Progress,No Failure
M-00975,E-00260,U-052,Inspection,2026-05-16,2026-05-25,1,4415.24,In Progress,Electrical
M-00976,E-00539,U-021,Preventive,2026-01-13,2026-01-17,1,17297.91,Completed,Mechanical
M-00977,E-01292,U-046,Preventive,2025-02-21,2025-03-03,18,23226.45,In Progress,Electrical
M-00978,E-00673,U-043,Corrective,2025-11-02,2025-11-06,18,12944.6,Completed,Software
M-00979,E-00580,U-015,Corrective,2025-07-04,2025-07-09,1,9878.82,Overdue,Power
M-00980,E-01027,U-022,Preventive,2025-11-30,2025-12-08,6,8939.62,Completed,Power
M-00981,E-00027,U-015,Inspection,2026-01-15,2026-01-18,18,9337.85,In Progress,Mechanical
M-00982,E-00115,U-013,Preventive,2025-04-30,2025-05-06,6,6695.85,Completed,No Failure
M-00983,E-01641,U-057,Inspection,2026-03-25,2026-04-03,16,16975.93,In Progress,No Failure
M-00984,E-01474,U-015,Preventive,2026-01-06,2026-01-10,4,21992.39,Overdue,Mechanical
M-00985,E-00180,U-009,Preventive,2026-06-10,2026-06-16,3,20632.1,Completed,Power
M-00986,E-00046,U-035,Corrective,2025-01-04,2025-01-09,2,24449.61,Overdue,Mechanical
M-00987,E-00139,U-059,Corrective,2025-12-06,2025-12-16,7,5798.6,Completed,Electrical
M-00988,E-00834,U-052,Corrective,2025-05-29,2025-06-07,9,11477.8,Overdue,Electrical
M-00989,E-01715,U-058,Preventive,2025-07-27,2025-08-06,5,17022.44,Completed,Power
M-00990,E-01235,U-038,Corrective,2025-02-19,2025-02-20,12,10613.01,In Progress,No Failure
M-00991,E-00899,U-044,Preventive,2025-03-24,2025-03-29,4,5487.85,Completed,Software
M-00992,E-01732,U-004,Inspection,2025-11-01,2025-11-03,5,16306.92,Overdue,No Failure
M-00993,E-01163,U-060,Corrective,2025-08-16,2025-08-23,10,21806.04,In Progress,Mechanical
M-00994,E-00426,U-003,Corrective,2026-03-14,2026-03-25,7,2558.93,In Progress,Mechanical
M-00995,E-01420,U-029,Corrective,2025-10-14,2025-10-21,18,19135.43,In Progress,No Failure
M-00996,E-01545,U-042,Inspection,2026-07-11,2026-07-17,4,22945.6,In Progress,Power
M-00997,E-01618,U-038,Inspection,2025-04-21,2025-04-29,18,14683.98,In Progress,Power
M-00998,E-00492,U-055,Preventive,2025-02-17,2025-02-21,1,7389.18,Completed,Power
M-00999,E-01665,U-054,Inspection,2025-08-16,2025-08-25,17,15968.2,Completed,No Failure
M-01000,E-01355,U-009,Corrective,2026-08-07,2026-08-08,5,8447.7,Overdue,Power
M-01001,E-01016,U-026,Corrective,2025-01-17,2025-01-18,1,19566.2,Completed,Software
M-01002,E-00892,U-047,Corrective,2026-01-24,2026-02-02,10,11948.9,In Progress,Power
M-01003,E-00797,U-041,Inspection,2025-02-13,2025-02-16,15,8204.71,Overdue,Software
M-01004,E-01242,U-033,Corrective,2026-03-05,2026-03-09,14,12834.91,In Progress,Power
M-01005,E-00995,U-055,Inspection,2025-07-18,2025-07-19,18,19478.42,Completed,Power
M-01006,E-00389,U-047,Inspection,2025-02-14,2025-02-22,1,2787.51,Overdue,Software
M-01007,E-00348,U-039,Corrective,2025-10-29,2025-11-06,2,15957.16,In Progress,Mechanical
M-01008,E-00204,U-046,Inspection,2026-06-21,2026-06-28,5,3055.66,Overdue,Software
M-01009,E-01353,U-045,Preventive,2026-02-28,2026-03-07,15,13421.34,Overdue,Power
M-01010,E-01036,U-037,Corrective,2025-03-11,2025-03-20,13,776.2,In Progress,Electrical
M-01011,E-01749,U-014,Inspection,2026-06-01,2026-06-10,3,21943.47,Completed,Electrical
M-01012,E-01205,U-008,Corrective,2025-02-18,2025-03-02,6,9552.39,Overdue,Mechanical
M-01013,E-00773,U-013,Inspection,2025-11-27,2025-11-28,14,13875.32,Completed,Electrical
M-01014,E-01223,U-032,Preventive,2025-05-18,2025-05-29,10,2971.14,Overdue,Software
M-01015,E-01611,U-032,Inspection,2026-04-13,2026-04-21,1,5815.12,Completed,Software
M-01016,E-00128,U-021,Preventive,2026-06-28,2026-07-03,18,18259.57,Overdue,Software
M-01017,E-01742,U-054,Inspection,2025-12-21,2025-12-26,9,22754.05,In Progress,Software
M-01018,E-01175,U-040,Corrective,2025-02-15,2025-02-24,8,5213.74,In Progress,Mechanical
M-01019,E-01105,U-029,Inspection,2026-01-22,2026-01-30,5,9978.8,Completed,No Failure
M-01020,E-00444,U-046,Inspection,2025-03-13,2025-03-22,1,10847.75,In Progress,Electrical
M-01021,E-00610,U-004,Corrective,2025-02-27,2025-03-10,16,16067.65,In Progress,Power
M-01022,E-01312,U-012,Inspection,2025-01-25,2025-02-02,18,711.05,Overdue,Power
M-01023,E-00912,U-002,Preventive,2026-06-21,2026-07-02,11,17797.95,Completed,Electrical
M-01024,E-00219,U-021,Corrective,2025-05-10,2025-05-22,17,13423.82,Completed,Mechanical
M-01025,E-00165,U-057,Corrective,2025-12-08,2025-12-16,18,23786.19,Completed,Power
M-01026,E-01294,U-022,Preventive,2026-03-27,2026-04-08,3,7450.78,Completed,No Failure
M-01027,E-01722,U-007,Inspection,2026-05-05,2026-05-11,13,24563.53,In Progress,Electrical
M-01028,E-01217,U-003,Inspection,2025-10-10,2025-10-15,8,5311.64,Completed,Electrical
M-01029,E-01116,U-006,Corrective,2025-06-12,2025-06-16,2,9120.49,Overdue,Electrical
M-01030,E-00837,U-057,Preventive,2026-03-22,2026-03-23,17,8068.24,Completed,Electrical
M-01031,E-01067,U-010,Inspection,2025-10-08,2025-10-15,9,22473.54,Completed,Mechanical
M-01032,E-00906,U-012,Corrective,2026-04-05,2026-04-12,13,3903.4,Overdue,Software
M-01033,E-01430,U-002,Inspection,2026-05-13,2026-05-24,11,21141.23,In Progress,Power
M-01034,E-00648,U-008,Inspection,2025-12-18,2025-12-23,5,6945.01,Overdue,Electrical
M-01035,E-00824,U-056,Preventive,2026-04-11,2026-04-21,6,14527.57,Completed,Electrical
M-01036,E-00332,U-012,Inspection,2025-05-19,2025-05-26,16,15589.35,Completed,Electrical
M-01037,E-01365,U-008,Preventive,2025-01-25,2025-01-31,9,3053.23,Overdue,Power
M-01038,E-00898,U-020,Inspection,2025-08-27,2025-09-03,18,13377.55,Completed,Software
M-01039,E-00277,U-051,Inspection,2025-07-27,2025-08-07,17,10061.79,Completed,Mechanical
M-01040,E-01325,U-003,Corrective,2025-09-16,2025-09-27,17,18621.2,Completed,Software
M-01041,E-00845,U-043,Preventive,2026-03-18,2026-03-19,8,9329.86,In Progress,Electrical
M-01042,E-00551,U-053,Preventive,2026-07-22,2026-07-31,10,5418.89,Overdue,No Failure
M-01043,E-01446,U-040,Inspection,2025-11-09,2025-11-12,14,4068.63,Completed,Mechanical
M-01044,E-00009,U-035,Preventive,2026-02-13,2026-02-14,3,4141.83,In Progress,Electrical
M-01045,E-01765,U-001,Corrective,2025-10-20,2025-10-31,2,14844.05,In Progress,No Failure
M-01046,E-00584,U-018,Inspection,2025-02-07,2025-02-09,1,1650.44,Completed,Electrical
M-01047,E-00804,U-030,Inspection,2025-12-31,2026-01-10,11,8068.19,In Progress,Power
M-01048,E-00080,U-059,Preventive,2025-02-25,2025-03-05,17,21797.55,In Progress,Power
M-01049,E-01341,U-023,Inspection,2026-05-18,2026-05-23,6,20207.66,Completed,Mechanical
M-01050,E-00371,U-026,Corrective,2025-05-14,2025-05-25,18,14479.97,In Progress,Power
M-01051,E-00116,U-016,Preventive,2026-05-27,2026-05-30,4,10585.82,In Progress,Mechanical
M-01052,E-01682,U-048,Inspection,2026-02-14,2026-02-16,2,18862.35,Completed,Software
M-01053,E-01391,U-055,Preventive,2026-02-18,2026-02-20,16,2783.56,Overdue,Mechanical
M-01054,E-00002,U-035,Corrective,2025-05-31,2025-06-01,1,10475.07,Completed,Power
M-01055,E-00939,U-051,Corrective,2026-03-07,2026-03-11,10,20885.19,Overdue,Mechanical
M-01056,E-01563,U-050,Corrective,2026-02-28,2026-03-03,14,17005.75,In Progress,No Failure
M-01057,E-01736,U-032,Preventive,2025-11-24,2025-11-29,16,22274.73,Overdue,Mechanical
M-01058,E-00163,U-044,Corrective,2025-03-25,2025-03-26,6,12954.47,Overdue,Software
M-01059,E-01797,U-023,Preventive,2025-12-27,2026-01-08,18,13668.37,In Progress,Mechanical
M-01060,E-00736,U-055,Corrective,2026-07-29,2026-08-04,6,1953.69,Overdue,No Failure
M-01061,E-01379,U-020,Corrective,2025-12-19,2025-12-22,17,18575.0,Completed,Power
M-01062,E-00102,U-003,Corrective,2025-04-12,2025-04-17,8,1001.53,Overdue,Power
M-01063,E-01285,U-010,Inspection,2025-05-18,2025-05-26,15,17770.23,In Progress,Mechanical
M-01064,E-00466,U-048,Inspection,2025-08-22,2025-08-25,10,8953.75,In Progress,Software
M-01065,E-00878,U-033,Inspection,2026-05-26,2026-06-06,10,22014.79,Completed,Mechanical
M-01066,E-01755,U-039,Corrective,2026-04-29,2026-05-02,9,16089.11,In Progress,Mechanical
M-01067,E-01271,U-057,Preventive,2026-05-08,2026-05-20,17,5671.69,In Progress,No Failure
M-01068,E-01153,U-050,Corrective,2025-01-11,2025-01-19,3,1033.69,Overdue,Software
M-01069,E-00906,U-012,Corrective,2026-07-27,2026-08-01,6,15533.41,Completed,Software
M-01070,E-01168,U-060,Preventive,2025-09-11,2025-09-18,9,3712.79,Completed,Software
M-01071,E-00260,U-052,Corrective,2026-03-10,2026-03-19,12,24029.96,In Progress,No Failure
M-01072,E-01775,U-035,Corrective,2025-07-04,2025-07-13,3,543.24,Overdue,Mechanical
M-01073,E-00962,U-043,Inspection,2026-08-01,2026-08-11,3,9360.69,Overdue,Mechanical
M-01074,E-00469,U-037,Inspection,2025-09-28,2025-10-04,13,9081.81,Completed,Power
M-01075,E-01579,U-059,Corrective,2025-08-17,2025-08-21,9,7243.21,Overdue,Electrical
M-01076,E-01417,U-017,Inspection,2025-01-28,2025-01-29,14,21406.31,Completed,No Failure
M-01077,E-01503,U-052,Inspection,2025-09-03,2025-09-09,10,6346.92,In Progress,Software
M-01078,E-01536,U-028,Corrective,2025-10-03,2025-10-13,1,18689.45,Completed,No Failure
M-01079,E-00320,U-029,Preventive,2026-06-20,2026-06-22,4,19956.63,Completed,Electrical
M-01080,E-00632,U-038,Preventive,2025-06-05,2025-06-16,17,2428.85,In Progress,Mechanical
M-01081,E-01574,U-016,Inspection,2026-05-23,2026-06-01,7,19296.76,Overdue,Electrical
M-01082,E-00107,U-020,Preventive,2026-05-15,2026-05-21,1,11376.74,Overdue,Mechanical
M-01083,E-01322,U-033,Inspection,2025-01-21,2025-01-28,5,9928.33,Completed,Power
M-01084,E-00909,U-006,Preventive,2026-02-19,2026-02-24,7,3685.05,In Progress,Electrical
M-01085,E-00314,U-055,Corrective,2025-01-04,2025-01-14,17,1788.13,Overdue,Electrical
M-01086,E-00083,U-043,Inspection,2026-05-08,2026-05-18,8,11302.76,Overdue,Electrical
M-01087,E-01014,U-002,Preventive,2025-12-03,2025-12-15,7,15697.76,Overdue,Electrical
M-01088,E-01712,U-030,Corrective,2025-07-19,2025-07-29,4,20363.64,In Progress,Mechanical
M-01089,E-00568,U-004,Preventive,2025-10-02,2025-10-13,18,17003.89,Overdue,Mechanical
M-01090,E-00927,U-014,Preventive,2026-08-06,2026-08-15,6,10294.38,Completed,Software
M-01091,E-00037,U-015,Corrective,2025-04-14,2025-04-20,4,8234.15,Overdue,Software
M-01092,E-00643,U-024,Corrective,2025-06-19,2025-06-24,15,21380.44,Overdue,Electrical
M-01093,E-00203,U-037,Inspection,2026-01-05,2026-01-11,8,5230.15,Completed,No Failure
M-01094,E-01327,U-023,Inspection,2026-04-02,2026-04-06,3,19927.98,Completed,Mechanical
M-01095,E-01674,U-021,Corrective,2026-05-22,2026-05-29,3,15598.39,In Progress,No Failure
M-01096,E-01760,U-013,Corrective,2026-04-21,2026-04-27,2,3991.2,Completed,No Failure
M-01097,E-01610,U-024,Preventive,2025-02-14,2025-02-22,17,10891.69,Overdue,Software
M-01098,E-01580,U-038,Corrective,2026-07-31,2026-08-09,15,1881.83,Completed,Mechanical
M-01099,E-00248,U-005,Corrective,2025-05-09,2025-05-13,17,22488.14,Completed,Electrical
M-01100,E-00396,U-028,Inspection,2025-04-08,2025-04-20,1,8607.19,Completed,Electrical
M-01101,E-01710,U-041,Inspection,2026-01-28,2026-02-01,6,18389.52,In Progress,Software
M-01102,E-01696,U-043,Inspection,2025-06-21,2025-06-29,10,17050.32,In Progress,Power
M-01103,E-00367,U-006,Inspection,2026-02-09,2026-02-20,16,8272.85,Completed,No Failure
M-01104,E-01530,U-030,Preventive,2025-12-23,2026-01-03,9,19111.49,Completed,Software
M-01105,E-01008,U-001,Inspection,2025-05-18,2025-05-19,15,8466.7,Overdue,Power
M-01106,E-01501,U-043,Corrective,2025-04-10,2025-04-21,10,6651.85,Overdue,Mechanical
M-01107,E-01658,U-033,Inspection,2025-04-28,2025-05-10,13,16664.11,In Progress,Software
M-01108,E-01556,U-017,Preventive,2026-01-29,2026-02-09,9,16893.73,Overdue,Mechanical
M-01109,E-00013,U-057,Inspection,2026-08-12,2026-08-15,16,11445.51,Overdue,No Failure
M-01110,E-01729,U-042,Corrective,2025-12-30,2026-01-03,14,13434.59,Completed,Electrical
M-01111,E-00121,U-010,Inspection,2025-11-25,2025-11-27,18,4323.34,Completed,No Failure
M-01112,E-01619,U-032,Preventive,2025-02-01,2025-02-03,18,11146.78,Completed,No Failure
M-01113,E-00977,U-005,Inspection,2025-12-30,2026-01-01,9,7306.66,Overdue,Mechanical
M-01114,E-00849,U-003,Preventive,2026-03-16,2026-03-26,14,20247.49,Overdue,Electrical
M-01115,E-01406,U-018,Preventive,2026-01-21,2026-01-23,11,1837.51,In Progress,Power
M-01116,E-00558,U-018,Preventive,2025-01-02,2025-01-03,6,10109.18,In Progress,Mechanical
M-01117,E-00929,U-030,Inspection,2026-01-23,2026-01-28,15,9568.48,Overdue,Electrical
M-01118,E-00743,U-001,Preventive,2026-04-14,2026-04-26,5,14904.76,In Progress,Electrical
M-01119,E-00617,U-057,Preventive,2025-03-27,2025-04-02,1,11113.91,In Progress,Software
M-01120,E-00044,U-026,Preventive,2025-06-05,2025-06-09,2,15492.96,In Progress,Electrical
M-01121,E-01559,U-023,Preventive,2025-07-10,2025-07-15,16,16093.46,In Progress,No Failure
M-01122,E-01716,U-017,Corrective,2026-01-20,2026-01-24,15,5883.33,Completed,Mechanical
M-01123,E-00418,U-012,Preventive,2025-10-31,2025-11-09,1,23798.01,Overdue,Software
M-01124,E-00144,U-026,Preventive,2026-03-04,2026-03-14,7,2029.05,Overdue,Electrical
M-01125,E-00229,U-023,Preventive,2025-12-27,2026-01-04,4,21536.11,Completed,Electrical
M-01126,E-00816,U-015,Corrective,2025-05-05,2025-05-15,2,5896.22,In Progress,No Failure
M-01127,E-00680,U-025,Preventive,2026-08-14,2026-08-19,4,3430.81,Overdue,Software
M-01128,E-01311,U-013,Corrective,2026-04-26,2026-05-06,14,17030.96,Completed,Software
M-01129,E-01179,U-001,Corrective,2025-10-19,2025-10-27,2,14409.01,Overdue,Electrical
M-01130,E-01379,U-020,Inspection,2025-02-19,2025-02-27,9,15589.25,Completed,Power
M-01131,E-00307,U-054,Preventive,2026-06-08,2026-06-09,17,16903.52,In Progress,Software
M-01132,E-01059,U-024,Inspection,2025-11-15,2025-11-23,15,21313.06,Overdue,Software
M-01133,E-01034,U-026,Corrective,2025-06-06,2025-06-10,15,9031.28,In Progress,Software
M-01134,E-01518,U-027,Inspection,2026-02-06,2026-02-17,14,24907.7,In Progress,Mechanical
M-01135,E-01029,U-019,Inspection,2025-07-11,2025-07-15,1,21881.37,Completed,Software
M-01136,E-01461,U-015,Preventive,2026-03-27,2026-04-02,9,12459.11,In Progress,Software
M-01137,E-00727,U-017,Preventive,2025-01-17,2025-01-21,7,9923.79,Completed,No Failure
M-01138,E-00135,U-026,Corrective,2025-12-02,2025-12-10,17,24193.03,In Progress,No Failure
M-01139,E-01098,U-050,Inspection,2025-06-13,2025-06-16,10,18932.3,In Progress,Mechanical
M-01140,E-01248,U-029,Inspection,2025-05-02,2025-05-06,15,2453.36,In Progress,No Failure
M-01141,E-01164,U-030,Inspection,2025-10-13,2025-10-24,6,16765.8,Completed,No Failure
M-01142,E-00766,U-037,Corrective,2026-08-07,2026-08-18,8,11995.0,Overdue,No Failure
M-01143,E-01631,U-014,Preventive,2025-08-17,2025-08-28,3,9432.17,Overdue,No Failure
M-01144,E-01453,U-010,Corrective,2025-09-05,2025-09-15,1,1145.16,In Progress,Software
M-01145,E-00099,U-006,Corrective,2025-11-08,2025-11-20,10,7394.84,In Progress,No Failure
M-01146,E-01577,U-016,Inspection,2025-12-22,2025-12-31,3,8550.93,Overdue,Power
M-01147,E-01263,U-053,Preventive,2025-09-19,2025-09-27,18,14333.52,Completed,No Failure
M-01148,E-01275,U-024,Corrective,2025-06-14,2025-06-23,2,1017.16,Overdue,Electrical
M-01149,E-01389,U-024,Inspection,2025-02-21,2025-02-28,17,2279.06,In Progress,Mechanical
M-01150,E-01762,U-036,Corrective,2025-03-24,2025-04-04,14,21841.63,In Progress,No Failure
M-01151,E-00211,U-004,Corrective,2026-05-04,2026-05-15,5,20963.86,In Progress,Power
M-01152,E-00005,U-005,Corrective,2026-02-24,2026-02-25,18,24242.24,In Progress,Software
M-01153,E-01524,U-056,Inspection,2025-12-19,2025-12-22,9,24973.77,Completed,Mechanical
M-01154,E-01277,U-003,Corrective,2026-05-07,2026-05-19,11,17690.79,Completed,Mechanical
M-01155,E-00014,U-007,Preventive,2025-02-04,2025-02-05,7,2546.06,Completed,Software
M-01156,E-01772,U-055,Preventive,2026-02-28,2026-03-08,12,14942.23,Overdue,Electrical
M-01157,E-00365,U-045,Inspection,2025-06-05,2025-06-10,10,16024.86,In Progress,Electrical
M-01158,E-00541,U-027,Inspection,2025-04-13,2025-04-18,12,21664.2,Completed,Power
M-01159,E-00744,U-039,Inspection,2025-03-19,2025-03-29,2,2527.38,Completed,Electrical
M-01160,E-00476,U-004,Corrective,2025-08-06,2025-08-16,5,24591.11,In Progress,Electrical
M-01161,E-01429,U-035,Preventive,2026-04-30,2026-05-09,11,14642.75,Overdue,Power
M-01162,E-00866,U-049,Preventive,2026-06-03,2026-06-07,12,18664.18,In Progress,Power
M-01163,E-01422,U-046,Corrective,2025-10-12,2025-10-21,6,2739.38,Overdue,No Failure
M-01164,E-00241,U-029,Corrective,2025-05-04,2025-05-15,11,12193.56,Overdue,Mechanical
M-01165,E-01595,U-040,Inspection,2025-04-13,2025-04-19,4,5662.67,Overdue,Mechanical
M-01166,E-00755,U-051,Preventive,2025-09-12,2025-09-16,16,9359.59,Overdue,Power
M-01167,E-01249,U-060,Preventive,2026-05-22,2026-05-24,15,8330.6,Completed,Mechanical
M-01168,E-00307,U-054,Preventive,2025-08-14,2025-08-19,8,6652.33,Completed,No Failure
M-01169,E-01513,U-044,Inspection,2025-07-29,2025-08-04,16,19894.23,In Progress,Mechanical
M-01170,E-00896,U-001,Inspection,2025-06-19,2025-06-20,16,5333.32,Completed,Mechanical
M-01171,E-00039,U-037,Corrective,2025-01-13,2025-01-25,9,21488.8,In Progress,Mechanical
M-01172,E-01476,U-048,Preventive,2026-06-20,2026-06-25,17,4681.93,In Progress,No Failure
M-01173,E-00975,U-032,Preventive,2026-07-09,2026-07-18,13,5085.96,Overdue,Mechanical
M-01174,E-01069,U-029,Inspection,2026-03-28,2026-03-31,7,21748.63,Overdue,Electrical
M-01175,E-00048,U-012,Preventive,2026-03-15,2026-03-26,12,21788.88,In Progress,Power
M-01176,E-00780,U-005,Inspection,2025-01-20,2025-01-21,12,9125.47,Completed,Power
M-01177,E-00857,U-037,Preventive,2025-05-28,2025-06-09,3,24313.02,In Progress,Mechanical
M-01178,E-01740,U-009,Preventive,2025-01-21,2025-01-23,12,5350.18,Completed,Electrical
M-01179,E-01531,U-015,Preventive,2025-01-26,2025-01-31,4,20821.07,In Progress,Electrical
M-01180,E-00977,U-005,Corrective,2025-12-12,2025-12-24,18,12978.43,Overdue,Electrical
M-01181,E-00434,U-035,Preventive,2026-05-15,2026-05-19,15,24696.19,Overdue,Software
M-01182,E-00968,U-001,Inspection,2025-01-09,2025-01-10,11,6580.24,Completed,Software
M-01183,E-01195,U-015,Inspection,2026-07-18,2026-07-20,6,17759.14,Overdue,Power
M-01184,E-01350,U-024,Corrective,2026-02-04,2026-02-12,12,21203.43,Overdue,Electrical
M-01185,E-01623,U-045,Corrective,2026-02-03,2026-02-08,11,3287.43,Overdue,Mechanical
M-01186,E-00786,U-041,Preventive,2025-06-08,2025-06-11,1,13770.48,Overdue,Power
M-01187,E-01608,U-041,Corrective,2025-10-15,2025-10-20,9,20099.56,Completed,Software
M-01188,E-01159,U-055,Preventive,2026-01-31,2026-02-04,17,1893.59,Completed,Software
M-01189,E-01389,U-024,Preventive,2026-01-21,2026-02-02,14,14472.38,Overdue,Power
M-01190,E-01240,U-033,Corrective,2025-09-27,2025-09-29,2,23803.6,Overdue,Software
M-01191,E-00409,U-027,Inspection,2026-06-16,2026-06-19,5,2229.78,Completed,Software
M-01192,E-01058,U-015,Preventive,2026-01-22,2026-01-27,6,12376.22,In Progress,Electrical
M-01193,E-01629,U-041,Preventive,2025-04-19,2025-04-23,14,16447.75,Overdue,No Failure
M-01194,E-00738,U-040,Inspection,2026-01-21,2026-01-27,14,22866.43,In Progress,No Failure
M-01195,E-01407,U-020,Inspection,2026-01-28,2026-02-02,3,3934.2,In Progress,Power
M-01196,E-01121,U-001,Inspection,2026-06-26,2026-07-06,1,17095.34,Overdue,Software
M-01197,E-01556,U-017,Corrective,2026-06-16,2026-06-17,17,2180.45,Completed,Electrical
M-01198,E-00204,U-046,Inspection,2025-10-17,2025-10-29,6,22895.13,Completed,Electrical
M-01199,E-00053,U-003,Corrective,2025-09-08,2025-09-17,1,12936.04,In Progress,Software
M-01200,E-01357,U-038,Corrective,2026-06-02,2026-06-07,9,5630.79,In Progress,Power
M-01201,E-01597,U-002,Preventive,2025-04-26,2025-04-29,14,21542.64,Overdue,Electrical
M-01202,E-01016,U-026,Preventive,2026-03-03,2026-03-12,8,19506.53,Completed,Software
M-01203,E-00156,U-056,Preventive,2026-06-01,2026-06-06,8,13055.68,In Progress,Power
M-01204,E-00096,U-005,Inspection,2026-04-26,2026-05-04,11,23984.57,In Progress,Software
M-01205,E-01467,U-036,Preventive,2025-09-25,2025-09-27,18,3477.47,Completed,No Failure
M-01206,E-01661,U-045,Inspection,2026-06-23,2026-07-01,9,11835.0,Overdue,No Failure
M-01207,E-01462,U-010,Preventive,2025-08-22,2025-08-24,6,24130.84,In Progress,Software
M-01208,E-01417,U-017,Corrective,2026-03-28,2026-04-04,1,5821.49,Completed,Power
M-01209,E-00219,U-021,Preventive,2025-05-17,2025-05-25,17,3276.5,Completed,Mechanical
M-01210,E-00364,U-023,Preventive,2025-09-08,2025-09-16,11,13384.13,Overdue,No Failure
M-01211,E-01788,U-048,Inspection,2025-03-23,2025-03-29,6,1092.31,Completed,No Failure
M-01212,E-01756,U-032,Preventive,2025-09-25,2025-10-02,12,3692.06,In Progress,Power
M-01213,E-01796,U-060,Preventive,2026-02-10,2026-02-19,4,737.26,In Progress,Power
M-01214,E-00199,U-015,Preventive,2025-02-13,2025-02-15,15,15248.17,Completed,Mechanical
M-01215,E-00132,U-033,Corrective,2025-08-19,2025-08-30,6,4324.48,Overdue,No Failure
M-01216,E-00154,U-005,Inspection,2025-08-09,2025-08-17,2,4827.36,Overdue,Software
M-01217,E-01736,U-032,Inspection,2025-04-04,2025-04-09,1,2331.36,In Progress,Electrical
M-01218,E-01262,U-052,Preventive,2026-02-01,2026-02-13,8,20491.04,Completed,Electrical
M-01219,E-01015,U-053,Corrective,2025-05-27,2025-05-30,2,16002.83,In Progress,Mechanical
M-01220,E-00100,U-005,Inspection,2026-08-09,2026-08-10,14,18527.62,Completed,Mechanical
M-01221,E-00469,U-037,Preventive,2025-09-04,2025-09-10,1,3244.86,In Progress,Power
M-01222,E-00863,U-022,Corrective,2025-05-16,2025-05-18,2,8151.58,Overdue,Mechanical
M-01223,E-00774,U-052,Corrective,2025-05-03,2025-05-07,2,22022.91,In Progress,No Failure
M-01224,E-01660,U-053,Preventive,2025-12-13,2025-12-17,8,16609.4,Completed,Software
M-01225,E-00811,U-005,Preventive,2026-03-30,2026-03-31,5,7688.7,Completed,Electrical
M-01226,E-00634,U-058,Inspection,2025-04-06,2025-04-10,11,14393.05,Overdue,Electrical
M-01227,E-00850,U-050,Preventive,2025-12-12,2025-12-16,2,5946.26,In Progress,Power
M-01228,E-01354,U-052,Corrective,2026-06-14,2026-06-22,9,5415.01,Overdue,No Failure
M-01229,E-01205,U-008,Inspection,2025-11-24,2025-11-25,1,1177.78,Overdue,Mechanical
M-01230,E-00209,U-060,Preventive,2026-02-06,2026-02-17,13,12459.49,Completed,No Failure
M-01231,E-01461,U-015,Corrective,2025-11-14,2025-11-23,8,16385.45,In Progress,Electrical
M-01232,E-00743,U-001,Preventive,2025-01-06,2025-01-10,9,19329.18,In Progress,Mechanical
M-01233,E-01047,U-023,Corrective,2025-10-25,2025-11-06,10,16249.41,Completed,No Failure
M-01234,E-01029,U-019,Inspection,2025-04-19,2025-04-29,1,3940.89,Completed,No Failure
M-01235,E-00195,U-008,Corrective,2026-01-20,2026-01-22,17,13914.91,Overdue,No Failure
M-01236,E-00832,U-010,Inspection,2025-01-17,2025-01-19,16,19258.11,Completed,Electrical
M-01237,E-00704,U-028,Inspection,2025-05-03,2025-05-13,6,10052.13,In Progress,Electrical
M-01238,E-01299,U-016,Preventive,2025-12-29,2026-01-03,13,2806.52,In Progress,Power
M-01239,E-01356,U-008,Inspection,2025-05-29,2025-06-09,17,15868.72,In Progress,Power
M-01240,E-01502,U-049,Corrective,2026-03-18,2026-03-25,18,22054.14,Overdue,Software
M-01241,E-01704,U-015,Preventive,2026-05-27,2026-05-28,5,22262.44,In Progress,Software
M-01242,E-00996,U-026,Preventive,2025-03-24,2025-03-28,13,19683.37,In Progress,Power
M-01243,E-00583,U-012,Corrective,2026-05-15,2026-05-20,3,6686.77,Completed,Electrical
M-01244,E-00236,U-034,Corrective,2026-03-25,2026-03-31,7,2078.45,In Progress,Mechanical
M-01245,E-01189,U-003,Corrective,2026-01-13,2026-01-14,18,24043.08,Completed,Power
M-01246,E-01287,U-051,Corrective,2025-01-19,2025-01-31,12,7972.75,Completed,Mechanical
M-01247,E-00870,U-042,Preventive,2025-09-18,2025-09-26,5,15040.83,Completed,Electrical
M-01248,E-01289,U-029,Preventive,2025-04-06,2025-04-16,1,14354.57,Completed,Mechanical
M-01249,E-00663,U-001,Inspection,2025-02-28,2025-03-09,4,6970.85,In Progress,Mechanical
M-01250,E-00906,U-012,Preventive,2025-02-12,2025-02-16,14,647.75,In Progress,No Failure
M-01251,E-01008,U-001,Corrective,2025-03-02,2025-03-03,6,4749.78,Completed,Mechanical
M-01252,E-00662,U-030,Inspection,2025-07-27,2025-08-07,3,5111.09,Overdue,No Failure
M-01253,E-00922,U-017,Preventive,2026-03-08,2026-03-11,18,1190.04,Overdue,Mechanical
M-01254,E-00613,U-052,Corrective,2025-03-12,2025-03-18,9,17134.7,Completed,Electrical
M-01255,E-00507,U-038,Inspection,2026-04-05,2026-04-06,12,19398.3,In Progress,Software
M-01256,E-00338,U-017,Preventive,2026-07-21,2026-07-29,7,15532.34,Completed,Software
M-01257,E-01522,U-008,Inspection,2026-02-20,2026-03-03,4,1144.36,Overdue,Power
M-01258,E-01642,U-050,Inspection,2026-03-10,2026-03-21,12,11134.64,Completed,Power
M-01259,E-01664,U-058,Corrective,2025-03-04,2025-03-09,13,7305.52,In Progress,Electrical
M-01260,E-00771,U-037,Corrective,2025-09-23,2025-10-02,12,9869.16,In Progress,No Failure
M-01261,E-01137,U-025,Corrective,2025-09-25,2025-09-26,3,16394.89,In Progress,Power
M-01262,E-01627,U-042,Inspection,2026-08-11,2026-08-21,5,9226.46,Completed,Software
M-01263,E-01186,U-007,Inspection,2025-06-24,2025-07-01,4,702.98,Overdue,Mechanical
M-01264,E-01288,U-031,Preventive,2025-12-09,2025-12-14,8,13453.46,Completed,Mechanical
M-01265,E-01400,U-010,Preventive,2025-12-08,2025-12-09,8,5048.62,Overdue,Software
M-01266,E-01560,U-024,Corrective,2026-02-24,2026-03-06,4,13649.7,Completed,Software
M-01267,E-01622,U-020,Preventive,2026-06-26,2026-07-02,6,13487.04,Completed,Software
M-01268,E-01580,U-038,Corrective,2025-02-13,2025-02-17,1,24283.59,In Progress,Power
M-01269,E-00031,U-035,Preventive,2026-07-09,2026-07-10,8,14269.3,Overdue,Mechanical
M-01270,E-00039,U-037,Inspection,2025-04-18,2025-04-25,16,11866.0,In Progress,Software
M-01271,E-00292,U-028,Inspection,2025-03-08,2025-03-19,4,18494.14,In Progress,No Failure
M-01272,E-01730,U-054,Preventive,2026-05-17,2026-05-27,15,1357.59,In Progress,Electrical
M-01273,E-00601,U-044,Corrective,2025-11-10,2025-11-22,9,1100.22,In Progress,Software
M-01274,E-00239,U-056,Preventive,2025-11-13,2025-11-22,15,20062.8,In Progress,Power
M-01275,E-01132,U-021,Preventive,2025-11-09,2025-11-11,11,18755.21,In Progress,Electrical
M-01276,E-01015,U-053,Inspection,2026-03-11,2026-03-17,15,15810.83,Overdue,Electrical
M-01277,E-00369,U-019,Preventive,2026-02-23,2026-02-26,16,5851.78,In Progress,Power
M-01278,E-01002,U-013,Preventive,2025-02-13,2025-02-24,3,14488.89,Completed,Mechanical
M-01279,E-00838,U-045,Corrective,2026-02-20,2026-03-03,4,23136.05,In Progress,No Failure
M-01280,E-01404,U-043,Corrective,2025-08-28,2025-09-01,1,22373.19,In Progress,Software
M-01281,E-01336,U-048,Preventive,2025-08-25,2025-09-04,17,11376.97,Overdue,Software
M-01282,E-00176,U-054,Preventive,2026-03-18,2026-03-24,3,14783.82,In Progress,No Failure
M-01283,E-00328,U-042,Preventive,2025-10-02,2025-10-06,14,18859.14,In Progress,Mechanical
M-01284,E-01493,U-034,Corrective,2025-08-09,2025-08-13,18,1608.85,Completed,No Failure
M-01285,E-01077,U-018,Preventive,2025-09-27,2025-10-02,3,5116.83,Overdue,Electrical
M-01286,E-01466,U-044,Corrective,2025-05-03,2025-05-15,18,4000.78,Completed,No Failure
M-01287,E-00223,U-009,Corrective,2025-10-21,2025-10-28,6,1116.72,Completed,Mechanical
M-01288,E-00945,U-003,Corrective,2026-07-06,2026-07-10,12,8144.88,In Progress,Mechanical
M-01289,E-00715,U-044,Corrective,2026-03-04,2026-03-12,7,2073.17,Completed,Electrical
M-01290,E-01049,U-038,Corrective,2026-07-01,2026-07-11,6,10410.86,Completed,Electrical
M-01291,E-01305,U-030,Preventive,2025-01-20,2025-01-29,17,22256.26,In Progress,Power
M-01292,E-01124,U-015,Preventive,2025-07-19,2025-07-21,10,13901.69,In Progress,Electrical
M-01293,E-01039,U-047,Corrective,2025-04-17,2025-04-23,14,739.45,Overdue,No Failure
M-01294,E-01389,U-024,Preventive,2025-09-28,2025-10-07,2,18900.86,Overdue,Power
M-01295,E-00577,U-009,Corrective,2025-10-19,2025-10-31,6,14115.79,Completed,Electrical
M-01296,E-00135,U-026,Preventive,2026-04-24,2026-04-29,13,1332.62,Overdue,Electrical
M-01297,E-00446,U-027,Preventive,2026-03-21,2026-03-23,9,14317.37,Overdue,No Failure
M-01298,E-01058,U-015,Preventive,2025-03-29,2025-04-06,5,19196.3,Overdue,Power
M-01299,E-01066,U-039,Corrective,2025-01-08,2025-01-14,1,16423.38,Completed,Software
M-01300,E-01613,U-019,Corrective,2025-08-24,2025-09-03,4,16536.04,In Progress,Mechanical
M-01301,E-01004,U-050,Corrective,2026-02-27,2026-03-09,6,18271.19,Completed,Software
M-01302,E-01415,U-040,Inspection,2026-02-21,2026-02-23,7,22005.84,Overdue,Electrical
M-01303,E-01330,U-028,Inspection,2025-05-15,2025-05-18,16,20340.86,Overdue,No Failure
M-01304,E-01144,U-045,Corrective,2025-03-18,2025-03-24,7,16649.47,Completed,Mechanical
M-01305,E-01410,U-059,Inspection,2026-05-31,2026-06-04,2,23346.84,Completed,Power
M-01306,E-00815,U-058,Preventive,2026-05-14,2026-05-21,2,16465.76,Completed,Software
M-01307,E-00637,U-002,Inspection,2025-03-16,2025-03-24,17,11649.38,Completed,Power
M-01308,E-01047,U-023,Corrective,2026-05-20,2026-05-30,1,12065.88,In Progress,Mechanical
M-01309,E-01087,U-039,Preventive,2026-06-06,2026-06-07,11,17523.44,Completed,Software
M-01310,E-00181,U-053,Corrective,2026-03-04,2026-03-13,3,4754.03,Overdue,Power
M-01311,E-00910,U-030,Inspection,2025-08-15,2025-08-26,18,8558.92,Overdue,Software
M-01312,E-00458,U-056,Inspection,2025-03-01,2025-03-04,6,19785.11,Overdue,Software
M-01313,E-00198,U-033,Corrective,2025-10-08,2025-10-18,12,6623.23,In Progress,Power
M-01314,E-01695,U-035,Inspection,2026-03-08,2026-03-17,5,6452.81,Completed,No Failure
M-01315,E-00899,U-044,Inspection,2025-06-21,2025-06-26,17,10650.94,Overdue,No Failure
M-01316,E-00698,U-013,Inspection,2026-03-19,2026-03-22,8,24838.27,Overdue,Electrical
M-01317,E-01021,U-057,Preventive,2026-07-20,2026-07-22,9,9950.04,Completed,No Failure
M-01318,E-00568,U-004,Preventive,2025-03-21,2025-03-30,1,6755.42,In Progress,No Failure
M-01319,E-01770,U-059,Preventive,2025-06-12,2025-06-21,7,19053.39,Completed,Mechanical
M-01320,E-01124,U-015,Corrective,2026-04-03,2026-04-12,11,10366.01,Completed,Electrical
M-01321,E-01116,U-006,Corrective,2026-07-24,2026-08-05,3,12251.36,Completed,Power
M-01322,E-01634,U-019,Corrective,2026-04-08,2026-04-15,1,17735.68,Completed,Software
M-01323,E-01795,U-058,Inspection,2025-12-06,2025-12-08,8,10487.16,Overdue,Software
M-01324,E-00101,U-015,Corrective,2026-03-13,2026-03-21,10,2324.1,In Progress,Software
M-01325,E-01124,U-015,Inspection,2025-09-15,2025-09-19,14,10414.32,Overdue,Power
M-01326,E-01384,U-009,Corrective,2025-09-10,2025-09-22,12,10703.9,Completed,Software
M-01327,E-00558,U-018,Preventive,2025-12-29,2026-01-04,16,11595.72,Overdue,Electrical
M-01328,E-01075,U-059,Inspection,2026-01-06,2026-01-09,9,24131.2,Overdue,Power
M-01329,E-00848,U-042,Inspection,2025-03-17,2025-03-28,17,22843.76,Completed,Electrical
M-01330,E-00598,U-048,Inspection,2025-11-16,2025-11-26,6,5157.67,Overdue,Electrical
M-01331,E-00077,U-014,Preventive,2025-10-16,2025-10-21,9,8447.66,Completed,Mechanical
M-01332,E-01706,U-038,Corrective,2026-02-04,2026-02-15,2,4307.44,In Progress,Software
M-01333,E-00355,U-037,Inspection,2025-12-07,2025-12-16,18,22868.15,In Progress,No Failure
M-01334,E-01482,U-030,Preventive,2025-01-04,2025-01-12,14,5603.92,Completed,Software
M-01335,E-00598,U-048,Preventive,2025-01-03,2025-01-12,1,7948.5,In Progress,Mechanical
M-01336,E-00185,U-043,Corrective,2025-06-10,2025-06-20,18,23476.46,Overdue,Electrical
M-01337,E-00653,U-011,Preventive,2025-11-23,2025-11-24,17,10623.49,Completed,Software
M-01338,E-01691,U-011,Preventive,2026-04-19,2026-04-27,17,5570.97,Completed,No Failure
M-01339,E-00482,U-051,Inspection,2025-05-11,2025-05-16,2,4578.47,In Progress,Mechanical
M-01340,E-01205,U-008,Preventive,2025-10-25,2025-10-31,2,2116.0,In Progress,Mechanical
M-01341,E-00919,U-058,Corrective,2026-01-09,2026-01-15,16,7881.38,In Progress,Power
M-01342,E-01300,U-041,Inspection,2025-06-02,2025-06-04,1,17294.41,Overdue,Electrical
M-01343,E-01372,U-026,Corrective,2025-01-04,2025-01-11,2,21850.49,In Progress,Mechanical
M-01344,E-00981,U-043,Inspection,2025-08-04,2025-08-16,10,3337.05,Overdue,Electrical
M-01345,E-00014,U-007,Inspection,2025-01-30,2025-02-06,13,20787.18,In Progress,No Failure
M-01346,E-01352,U-016,Preventive,2025-12-18,2025-12-20,15,9772.43,Completed,Power
M-01347,E-00601,U-044,Inspection,2025-10-26,2025-11-01,13,15220.24,Overdue,Software
M-01348,E-00188,U-027,Preventive,2026-06-07,2026-06-12,7,6138.51,Overdue,Electrical
M-01349,E-01776,U-028,Corrective,2026-04-08,2026-04-16,11,21250.45,In Progress,Mechanical
M-01350,E-00806,U-040,Corrective,2025-01-18,2025-01-27,7,7073.88,Completed,Electrical
M-01351,E-00044,U-026,Preventive,2026-01-17,2026-01-21,17,13890.49,Overdue,Mechanical
M-01352,E-01246,U-032,Inspection,2026-03-22,2026-03-29,13,18285.4,Overdue,No Failure
M-01353,E-01053,U-042,Corrective,2026-04-23,2026-05-02,18,1386.83,Completed,Mechanical
M-01354,E-01310,U-010,Preventive,2025-01-21,2025-01-28,8,23473.09,Overdue,Electrical
M-01355,E-00533,U-046,Preventive,2025-12-08,2025-12-11,13,3463.02,Overdue,Power
M-01356,E-01775,U-035,Inspection,2026-04-06,2026-04-07,6,4375.06,Overdue,Software
M-01357,E-00427,U-050,Inspection,2025-01-23,2025-02-03,10,7710.5,Completed,Power
M-01358,E-00174,U-034,Corrective,2025-07-22,2025-08-03,11,8593.79,In Progress,Software
M-01359,E-01251,U-046,Preventive,2025-02-01,2025-02-09,6,8894.64,In Progress,Software
M-01360,E-00994,U-004,Preventive,2025-05-15,2025-05-16,13,16195.56,In Progress,Mechanical
M-01361,E-00915,U-010,Preventive,2026-06-24,2026-07-02,3,16360.1,In Progress,No Failure
M-01362,E-01613,U-019,Corrective,2025-02-23,2025-02-25,8,10273.92,In Progress,Electrical
M-01363,E-00778,U-057,Inspection,2026-05-14,2026-05-20,7,18712.87,Overdue,Power
M-01364,E-00556,U-003,Corrective,2026-01-28,2026-02-01,15,2449.35,In Progress,Electrical
M-01365,E-00643,U-024,Corrective,2025-12-03,2025-12-13,4,20321.91,Completed,Software
M-01366,E-00627,U-001,Corrective,2025-12-09,2025-12-20,1,23103.25,Overdue,Software
M-01367,E-01409,U-006,Corrective,2025-10-12,2025-10-16,18,23181.25,Overdue,Power
M-01368,E-00773,U-013,Corrective,2026-04-03,2026-04-13,9,23921.04,Completed,Electrical
M-01369,E-00793,U-056,Corrective,2026-05-14,2026-05-23,17,10947.62,Overdue,Software
M-01370,E-01195,U-015,Inspection,2026-02-05,2026-02-06,17,19267.25,Overdue,Electrical
M-01371,E-00476,U-004,Preventive,2026-08-02,2026-08-07,4,13711.16,Completed,Mechanical
M-01372,E-01197,U-057,Inspection,2025-02-09,2025-02-21,10,15442.67,Overdue,Mechanical
M-01373,E-01618,U-038,Corrective,2025-10-26,2025-11-03,9,5063.31,Completed,Electrical
M-01374,E-00283,U-056,Corrective,2026-01-06,2026-01-11,11,18295.39,In Progress,Software
M-01375,E-00844,U-045,Preventive,2025-03-07,2025-03-17,11,6687.35,Overdue,Power
M-01376,E-01126,U-006,Corrective,2026-05-02,2026-05-03,15,8281.34,Completed,Software
M-01377,E-00504,U-053,Corrective,2025-05-07,2025-05-14,1,6361.23,Overdue,Power
M-01378,E-01145,U-055,Preventive,2025-02-01,2025-02-07,14,13318.26,Overdue,Software
M-01379,E-01412,U-048,Inspection,2025-04-28,2025-04-29,18,16478.27,In Progress,Software
M-01380,E-01014,U-002,Corrective,2026-05-07,2026-05-08,16,9276.6,Completed,Power
M-01381,E-01180,U-028,Inspection,2025-08-09,2025-08-20,6,24635.64,In Progress,Electrical
M-01382,E-01716,U-017,Inspection,2026-05-05,2026-05-10,13,20454.58,Completed,Electrical
M-01383,E-01593,U-028,Preventive,2026-05-09,2026-05-18,13,4941.75,In Progress,Electrical
M-01384,E-01505,U-020,Corrective,2026-06-25,2026-06-27,13,22599.9,Completed,Software
M-01385,E-00804,U-030,Inspection,2025-08-01,2025-08-03,8,753.59,Completed,Power
M-01386,E-01525,U-003,Preventive,2026-02-24,2026-03-01,17,10823.79,Completed,Software
M-01387,E-00518,U-019,Corrective,2026-02-17,2026-02-23,9,14392.03,In Progress,No Failure
M-01388,E-01593,U-028,Preventive,2025-11-17,2025-11-24,10,7091.09,Completed,Mechanical
M-01389,E-01154,U-053,Corrective,2025-12-11,2025-12-13,5,3168.96,In Progress,Electrical
M-01390,E-00349,U-026,Inspection,2025-02-19,2025-03-02,2,21272.17,Overdue,Power
M-01391,E-01770,U-059,Inspection,2026-06-28,2026-07-02,9,22988.25,Completed,Software
M-01392,E-00019,U-013,Inspection,2025-01-25,2025-02-04,6,20659.06,In Progress,Power
M-01393,E-01759,U-004,Corrective,2026-01-30,2026-01-31,10,16008.12,In Progress,Software
M-01394,E-00874,U-014,Inspection,2026-03-05,2026-03-06,2,23220.98,Overdue,Power
M-01395,E-01796,U-060,Preventive,2025-08-12,2025-08-14,11,3759.31,In Progress,No Failure
M-01396,E-00558,U-018,Corrective,2025-05-06,2025-05-17,15,8512.83,Overdue,Mechanical
M-01397,E-01424,U-033,Corrective,2025-05-29,2025-06-05,17,10722.44,Completed,Power
M-01398,E-00984,U-052,Inspection,2026-04-05,2026-04-15,7,20206.03,Completed,Power
M-01399,E-01698,U-054,Corrective,2025-12-03,2025-12-13,10,22660.41,Completed,No Failure
M-01400,E-01130,U-057,Corrective,2025-10-02,2025-10-08,15,10146.59,In Progress,No Failure
M-01401,E-00849,U-003,Inspection,2025-06-29,2025-07-11,12,1799.71,In Progress,Mechanical
M-01402,E-00134,U-021,Preventive,2025-01-15,2025-01-17,18,8019.55,Overdue,Electrical
M-01403,E-00504,U-053,Inspection,2025-07-04,2025-07-11,12,20746.41,Completed,Mechanical
M-01404,E-01300,U-041,Corrective,2026-03-15,2026-03-27,12,7395.35,Overdue,No Failure
M-01405,E-00262,U-022,Preventive,2025-03-05,2025-03-14,9,18566.97,In Progress,Electrical
M-01406,E-01384,U-009,Corrective,2025-06-27,2025-07-02,10,17034.22,Completed,Software
M-01407,E-01684,U-059,Inspection,2026-06-10,2026-06-13,17,22505.5,Completed,Mechanical
M-01408,E-01392,U-030,Corrective,2025-08-04,2025-08-08,11,21973.93,Overdue,Mechanical
M-01409,E-01691,U-011,Corrective,2025-07-04,2025-07-15,14,3571.61,Overdue,Electrical
M-01410,E-01651,U-004,Corrective,2025-01-03,2025-01-15,17,2574.11,Completed,Software
M-01411,E-00582,U-040,Corrective,2026-04-11,2026-04-13,8,18604.82,In Progress,No Failure
M-01412,E-00949,U-060,Inspection,2025-10-07,2025-10-09,17,21801.36,In Progress,No Failure
M-01413,E-00767,U-018,Preventive,2026-07-03,2026-07-14,9,1768.87,In Progress,Mechanical
M-01414,E-01575,U-001,Corrective,2025-10-03,2025-10-15,12,2412.96,Completed,Electrical
M-01415,E-01264,U-053,Inspection,2025-01-24,2025-02-04,14,3161.91,Overdue,Mechanical
M-01416,E-01580,U-038,Preventive,2026-04-11,2026-04-22,15,4310.59,Completed,No Failure
M-01417,E-00476,U-004,Corrective,2025-05-02,2025-05-11,9,9775.32,Completed,Software
M-01418,E-01603,U-015,Corrective,2025-09-14,2025-09-17,18,902.37,In Progress,Mechanical
M-01419,E-01378,U-011,Preventive,2025-01-18,2025-01-28,6,19600.86,Overdue,Power
M-01420,E-00221,U-007,Corrective,2026-08-12,2026-08-13,16,14224.92,Completed,No Failure
M-01421,E-01745,U-018,Inspection,2025-12-17,2025-12-21,1,21303.74,Completed,Mechanical
M-01422,E-01299,U-016,Preventive,2025-08-03,2025-08-15,6,22058.32,Completed,No Failure
M-01423,E-00678,U-019,Inspection,2026-01-09,2026-01-15,12,23514.07,Overdue,Electrical
M-01424,E-01678,U-046,Inspection,2025-06-01,2025-06-06,16,9600.96,In Progress,Electrical
M-01425,E-01119,U-007,Preventive,2025-08-13,2025-08-23,8,15257.88,In Progress,Power
M-01426,E-00147,U-029,Inspection,2025-01-31,2025-02-11,12,2446.46,Overdue,Software
M-01427,E-01042,U-004,Corrective,2025-12-28,2026-01-06,15,13503.49,Completed,Software
M-01428,E-01752,U-046,Inspection,2025-01-16,2025-01-26,11,12316.27,Overdue,Software
M-01429,E-00497,U-004,Inspection,2026-04-02,2026-04-06,1,17211.91,Completed,Software
M-01430,E-01234,U-006,Corrective,2026-07-30,2026-08-05,17,7664.05,Overdue,No Failure
M-01431,E-01706,U-038,Corrective,2026-04-07,2026-04-13,14,4355.44,In Progress,Electrical
M-01432,E-01312,U-012,Preventive,2026-04-24,2026-04-28,6,11463.97,Overdue,Software
M-01433,E-00916,U-023,Inspection,2026-01-01,2026-01-09,11,1809.64,Overdue,Software
M-01434,E-01784,U-028,Inspection,2025-02-02,2025-02-05,2,12398.11,Overdue,Power
M-01435,E-00094,U-019,Corrective,2025-09-16,2025-09-26,2,22223.39,In Progress,Power
M-01436,E-01190,U-030,Inspection,2025-01-22,2025-01-29,9,23030.06,In Progress,Electrical
M-01437,E-01014,U-002,Inspection,2025-07-14,2025-07-17,2,4151.61,Overdue,Mechanical
M-01438,E-01689,U-053,Preventive,2025-10-03,2025-10-14,16,6270.41,Completed,Software
M-01439,E-00991,U-030,Inspection,2025-03-24,2025-04-04,1,3459.42,Completed,No Failure
M-01440,E-01551,U-029,Corrective,2025-07-20,2025-07-28,6,15455.39,Overdue,No Failure
M-01441,E-01506,U-053,Inspection,2026-02-09,2026-02-20,9,23231.38,In Progress,No Failure
M-01442,E-01308,U-009,Corrective,2026-02-06,2026-02-17,14,7227.38,Completed,No Failure
M-01443,E-01001,U-037,Preventive,2026-08-10,2026-08-16,6,11352.71,In Progress,Mechanical
M-01444,E-00277,U-051,Inspection,2025-01-26,2025-01-30,4,23865.63,Completed,No Failure
M-01445,E-01335,U-054,Preventive,2025-01-06,2025-01-18,13,2461.32,Overdue,Power
M-01446,E-00366,U-039,Corrective,2025-04-03,2025-04-06,2,1955.67,In Progress,Mechanical
M-01447,E-00143,U-024,Corrective,2026-01-28,2026-02-09,9,5664.48,Completed,Software
M-01448,E-00774,U-052,Corrective,2025-01-25,2025-01-28,18,21504.51,Completed,No Failure
M-01449,E-00815,U-058,Preventive,2026-05-18,2026-05-22,5,21356.92,In Progress,Electrical
M-01450,E-01714,U-051,Corrective,2025-09-16,2025-09-24,4,1434.35,Completed,Electrical
M-01451,E-00126,U-035,Corrective,2026-03-17,2026-03-28,8,12540.38,In Progress,Software
M-01452,E-01089,U-023,Preventive,2025-06-18,2025-06-23,4,13812.91,Completed,No Failure
M-01453,E-00941,U-060,Inspection,2025-06-14,2025-06-15,17,16687.22,In Progress,Software
M-01454,E-01659,U-058,Inspection,2026-06-30,2026-07-01,4,16554.91,In Progress,No Failure
M-01455,E-01505,U-020,Corrective,2025-12-20,2025-12-25,15,16124.09,Overdue,Electrical
M-01456,E-01516,U-020,Inspection,2025-12-05,2025-12-16,12,11636.3,In Progress,Electrical
M-01457,E-01214,U-016,Preventive,2025-01-22,2025-02-03,8,10262.4,In Progress,Mechanical
M-01458,E-01297,U-043,Corrective,2025-10-14,2025-10-24,3,20919.71,Completed,Software
M-01459,E-01559,U-023,Inspection,2025-08-11,2025-08-19,17,7417.69,Overdue,Electrical
M-01460,E-00645,U-013,Preventive,2025-06-16,2025-06-17,18,609.24,In Progress,Power
M-01461,E-00397,U-034,Preventive,2025-09-28,2025-09-29,9,15490.81,Overdue,Power
M-01462,E-00054,U-009,Preventive,2026-04-20,2026-04-21,1,4270.91,In Progress,Mechanical
M-01463,E-00692,U-057,Corrective,2025-09-26,2025-10-02,7,20404.76,Overdue,Electrical
M-01464,E-01649,U-054,Inspection,2025-10-25,2025-10-27,14,5665.07,Completed,Mechanical
M-01465,E-00166,U-008,Corrective,2025-04-17,2025-04-20,7,1791.1,In Progress,Software
M-01466,E-00336,U-023,Corrective,2025-04-02,2025-04-05,13,23938.1,Overdue,Power
M-01467,E-01773,U-037,Inspection,2025-01-30,2025-01-31,9,14058.05,Overdue,No Failure
M-01468,E-01097,U-038,Inspection,2026-06-12,2026-06-19,3,3129.2,In Progress,Software
M-01469,E-00043,U-020,Corrective,2025-11-06,2025-11-18,8,1971.89,In Progress,Electrical
M-01470,E-00991,U-030,Preventive,2025-05-10,2025-05-12,5,11407.94,Overdue,Electrical
M-01471,E-01058,U-015,Preventive,2025-04-19,2025-04-29,17,22549.6,Overdue,Electrical
M-01472,E-00852,U-001,Preventive,2026-03-16,2026-03-22,5,2588.57,Completed,Electrical
M-01473,E-00992,U-016,Inspection,2025-07-26,2025-08-03,4,2280.94,In Progress,No Failure
M-01474,E-00809,U-009,Corrective,2026-07-01,2026-07-10,14,7215.27,Overdue,Mechanical
M-01475,E-00207,U-007,Corrective,2025-10-25,2025-10-29,12,21934.23,In Progress,Electrical
M-01476,E-01125,U-001,Corrective,2026-08-06,2026-08-10,15,7649.59,Completed,Mechanical
M-01477,E-00354,U-028,Corrective,2025-11-22,2025-11-30,13,13690.03,Overdue,Electrical
M-01478,E-01470,U-036,Preventive,2026-05-09,2026-05-20,12,2666.71,Overdue,Electrical
M-01479,E-00070,U-011,Inspection,2025-08-18,2025-08-21,8,16586.39,Overdue,No Failure
M-01480,E-00205,U-010,Inspection,2025-09-29,2025-10-11,1,22105.21,In Progress,No Failure
M-01481,E-01391,U-055,Inspection,2026-03-27,2026-03-29,12,16281.28,Completed,Software
M-01482,E-01250,U-001,Inspection,2026-01-25,2026-02-05,8,3950.42,Completed,Mechanical
M-01483,E-00999,U-035,Preventive,2026-05-19,2026-05-25,14,2344.9,Completed,Mechanical
M-01484,E-01308,U-009,Inspection,2025-12-19,2025-12-30,8,6137.55,Overdue,Mechanical
M-01485,E-00188,U-027,Preventive,2026-02-07,2026-02-18,1,11143.01,Overdue,Software
M-01486,E-00179,U-037,Inspection,2025-11-25,2025-12-07,14,10241.33,Overdue,Power
M-01487,E-00055,U-024,Inspection,2026-08-13,2026-08-14,12,23570.34,Overdue,Software
M-01488,E-00442,U-012,Preventive,2025-09-27,2025-10-02,7,10481.6,In Progress,Electrical
M-01489,E-01081,U-028,Inspection,2025-03-04,2025-03-13,16,11351.69,Overdue,Power
M-01490,E-00583,U-012,Preventive,2026-05-14,2026-05-19,9,2805.35,In Progress,Electrical
M-01491,E-00794,U-009,Preventive,2025-05-28,2025-06-06,16,18757.14,Completed,No Failure
M-01492,E-01265,U-010,Corrective,2026-02-21,2026-03-01,10,3696.83,Overdue,Power
M-01493,E-00287,U-059,Inspection,2026-02-05,2026-02-09,10,13301.05,Completed,Software
M-01494,E-01473,U-020,Inspection,2025-06-26,2025-07-02,4,10805.31,Completed,Software
M-01495,E-01454,U-034,Inspection,2025-02-11,2025-02-16,12,6987.92,Completed,Electrical
M-01496,E-00287,U-059,Corrective,2026-03-25,2026-03-29,8,3000.91,Completed,Mechanical
M-01497,E-01068,U-012,Preventive,2025-04-09,2025-04-20,18,22832.63,In Progress,Electrical
M-01498,E-00457,U-039,Preventive,2025-09-30,2025-10-05,4,15760.48,Overdue,Mechanical
M-01499,E-00536,U-009,Corrective,2026-04-24,2026-04-30,6,21319.63,Completed,Mechanical
M-01500,E-00822,U-032,Inspection,2026-02-15,2026-02-21,4,10599.47,Completed,No Failure
M-01501,E-00977,U-005,Preventive,2026-01-15,2026-01-23,4,6564.65,Overdue,Power
M-01502,E-01289,U-029,Corrective,2026-07-21,2026-07-27,9,16238.72,Completed,Mechanical
M-01503,E-00015,U-006,Corrective,2025-01-24,2025-02-01,9,17232.28,Overdue,Software
M-01504,E-00090,U-023,Corrective,2026-05-12,2026-05-19,10,13599.7,Overdue,Mechanical
M-01505,E-00236,U-034,Inspection,2025-08-20,2025-08-31,8,3414.11,In Progress,Electrical
M-01506,E-00096,U-005,Inspection,2026-05-23,2026-05-27,7,9078.61,In Progress,Software
M-01507,E-00362,U-036,Corrective,2025-05-11,2025-05-17,5,7529.97,Overdue,Software
M-01508,E-00244,U-036,Preventive,2026-02-01,2026-02-12,7,22058.97,Completed,Mechanical
M-01509,E-00221,U-007,Corrective,2026-05-14,2026-05-26,12,8129.38,Completed,Mechanical
M-01510,E-00203,U-037,Inspection,2025-04-16,2025-04-26,4,1298.77,Completed,Mechanical
M-01511,E-01380,U-014,Preventive,2026-04-19,2026-04-29,3,15919.21,Overdue,Software
M-01512,E-01679,U-047,Corrective,2025-08-29,2025-09-07,9,7402.41,Overdue,No Failure
M-01513,E-01381,U-030,Preventive,2025-04-12,2025-04-20,16,2300.41,In Progress,Electrical
M-01514,E-01429,U-035,Corrective,2025-04-18,2025-04-25,17,24892.15,Completed,Software
M-01515,E-00010,U-021,Inspection,2025-04-09,2025-04-17,10,7149.57,Overdue,Mechanical
M-01516,E-00029,U-052,Preventive,2026-06-23,2026-07-04,7,1205.5,Overdue,Software
M-01517,E-01503,U-052,Preventive,2025-06-13,2025-06-23,2,21624.24,In Progress,No Failure
M-01518,E-01240,U-033,Corrective,2026-02-03,2026-02-12,10,1306.95,Overdue,Software
M-01519,E-00502,U-058,Corrective,2026-04-21,2026-04-26,11,3605.32,In Progress,Mechanical
M-01520,E-01137,U-025,Preventive,2026-04-09,2026-04-18,1,23255.54,Completed,Software
M-01521,E-01800,U-011,Corrective,2026-01-30,2026-02-06,6,24771.95,Completed,No Failure
M-01522,E-01136,U-047,Corrective,2025-01-09,2025-01-19,18,1130.25,Completed,Software
M-01523,E-01574,U-016,Inspection,2026-07-19,2026-07-20,1,17625.59,Completed,No Failure
M-01524,E-00681,U-046,Corrective,2025-07-19,2025-07-28,5,13880.79,In Progress,Software
M-01525,E-01508,U-025,Inspection,2026-05-06,2026-05-09,5,1752.34,Completed,No Failure
M-01526,E-00931,U-001,Preventive,2025-03-14,2025-03-23,3,22541.02,In Progress,Software
M-01527,E-01512,U-017,Preventive,2025-06-24,2025-06-28,15,9772.31,Overdue,Electrical
M-01528,E-00343,U-050,Corrective,2025-04-26,2025-05-01,3,9035.73,Overdue,No Failure
M-01529,E-01185,U-007,Preventive,2026-07-29,2026-08-06,1,21040.57,Overdue,Power
M-01530,E-00931,U-001,Inspection,2025-05-18,2025-05-29,6,20879.61,Overdue,Software
M-01531,E-00632,U-038,Inspection,2025-06-08,2025-06-17,14,5808.17,Overdue,Power
M-01532,E-00628,U-015,Inspection,2025-06-21,2025-06-28,7,14206.42,Overdue,Software
M-01533,E-00999,U-035,Inspection,2025-10-03,2025-10-09,12,15420.67,Completed,Software
M-01534,E-00289,U-059,Preventive,2025-08-24,2025-08-30,12,21304.92,Overdue,Mechanical
M-01535,E-00933,U-034,Inspection,2025-06-02,2025-06-13,8,6932.34,Overdue,Power
M-01536,E-01327,U-023,Inspection,2026-06-13,2026-06-15,14,2500.29,Overdue,No Failure
M-01537,E-00718,U-044,Inspection,2025-11-25,2025-12-03,12,5594.93,Overdue,Power
M-01538,E-01203,U-045,Preventive,2026-02-24,2026-03-01,2,24527.32,Overdue,Software
M-01539,E-00610,U-004,Corrective,2025-03-08,2025-03-16,11,15866.82,Completed,No Failure
M-01540,E-00384,U-030,Inspection,2026-04-21,2026-04-30,4,7233.54,In Progress,Software
M-01541,E-00166,U-008,Inspection,2025-03-14,2025-03-24,4,12093.55,Completed,Software
M-01542,E-00573,U-017,Inspection,2025-12-12,2025-12-17,18,18597.58,In Progress,Software
M-01543,E-00528,U-056,Preventive,2025-02-13,2025-02-23,6,10811.76,Overdue,Software
M-01544,E-00815,U-058,Inspection,2025-12-21,2025-12-30,1,24511.25,In Progress,Power
M-01545,E-00044,U-026,Inspection,2025-02-27,2025-03-10,1,9209.57,Completed,No Failure
M-01546,E-01168,U-060,Corrective,2026-05-25,2026-05-29,11,11435.9,Overdue,Power
M-01547,E-01347,U-018,Corrective,2025-05-12,2025-05-18,12,21894.46,In Progress,Software
M-01548,E-00051,U-020,Corrective,2026-07-15,2026-07-22,1,535.19,In Progress,Software
M-01549,E-00228,U-010,Preventive,2025-05-11,2025-05-18,5,7193.36,Completed,Mechanical
M-01550,E-01272,U-027,Corrective,2025-10-20,2025-10-31,2,614.39,In Progress,No Failure
M-01551,E-01172,U-034,Corrective,2025-02-10,2025-02-21,15,22651.61,In Progress,Mechanical
M-01552,E-01600,U-050,Preventive,2026-03-12,2026-03-22,12,20316.06,In Progress,Electrical
M-01553,E-00327,U-055,Inspection,2025-10-22,2025-10-30,16,7576.71,In Progress,Power
M-01554,E-00112,U-006,Preventive,2026-06-29,2026-07-05,15,3734.76,Overdue,Software
M-01555,E-00061,U-037,Inspection,2025-04-07,2025-04-08,2,18044.86,In Progress,Power
M-01556,E-00547,U-020,Corrective,2026-04-17,2026-04-28,3,12869.81,In Progress,Power
M-01557,E-00094,U-019,Preventive,2025-06-07,2025-06-11,1,8242.77,Overdue,Electrical
M-01558,E-01794,U-047,Corrective,2025-12-19,2025-12-23,7,24610.14,In Progress,Software
M-01559,E-01587,U-013,Inspection,2025-07-11,2025-07-19,13,8933.45,In Progress,Mechanical
M-01560,E-01491,U-052,Corrective,2026-01-01,2026-01-04,11,12968.62,Overdue,Mechanical
M-01561,E-00787,U-015,Corrective,2026-07-08,2026-07-09,14,19174.02,In Progress,Software
M-01562,E-00977,U-005,Preventive,2026-06-22,2026-07-03,13,8092.06,Overdue,Electrical
M-01563,E-00229,U-023,Preventive,2025-08-18,2025-08-19,2,4805.93,In Progress,Mechanical
M-01564,E-00830,U-016,Corrective,2025-09-29,2025-10-03,8,7500.0,Overdue,Software
M-01565,E-00716,U-050,Inspection,2025-05-20,2025-05-25,17,7510.83,In Progress,No Failure
M-01566,E-00588,U-047,Inspection,2025-05-02,2025-05-14,10,9611.0,In Progress,Electrical
M-01567,E-00435,U-026,Corrective,2025-07-20,2025-07-21,14,15282.26,In Progress,No Failure
M-01568,E-01747,U-054,Inspection,2025-03-09,2025-03-11,13,16384.14,Completed,Software
M-01569,E-01321,U-044,Corrective,2026-03-28,2026-04-08,12,8479.46,In Progress,Power
M-01570,E-00365,U-045,Inspection,2026-08-12,2026-08-14,7,6530.7,Overdue,Power
M-01571,E-00592,U-048,Inspection,2025-03-20,2025-03-31,15,21255.07,In Progress,No Failure
M-01572,E-00166,U-008,Preventive,2026-06-17,2026-06-19,13,11316.42,In Progress,Mechanical
M-01573,E-01676,U-012,Corrective,2025-07-18,2025-07-19,9,13864.85,Completed,Software
M-01574,E-01065,U-028,Inspection,2025-12-06,2025-12-09,15,2934.36,In Progress,Power
M-01575,E-01402,U-001,Inspection,2026-03-02,2026-03-07,16,6695.89,Overdue,Power
M-01576,E-01303,U-053,Corrective,2025-11-10,2025-11-17,17,13563.73,Completed,Software
M-01577,E-00856,U-011,Corrective,2025-03-25,2025-04-05,3,17664.97,Overdue,Electrical
M-01578,E-01649,U-054,Corrective,2026-04-16,2026-04-21,11,13325.89,Completed,Software
M-01579,E-00600,U-012,Preventive,2025-07-13,2025-07-23,14,16044.75,Completed,No Failure
M-01580,E-01422,U-046,Inspection,2026-04-03,2026-04-15,2,16184.74,Completed,Mechanical
M-01581,E-00397,U-034,Preventive,2025-03-08,2025-03-15,1,9577.48,Overdue,Electrical
M-01582,E-00613,U-052,Preventive,2025-03-05,2025-03-16,18,18936.25,In Progress,Mechanical
M-01583,E-01273,U-017,Inspection,2026-01-12,2026-01-20,14,14544.03,In Progress,Software
M-01584,E-01784,U-028,Inspection,2025-04-07,2025-04-10,14,13138.33,Completed,No Failure
M-01585,E-01016,U-026,Preventive,2026-06-15,2026-06-23,7,3175.29,Overdue,Power
M-01586,E-00714,U-057,Preventive,2025-11-11,2025-11-14,8,19240.63,In Progress,Mechanical
M-01587,E-01194,U-029,Preventive,2025-06-26,2025-06-29,12,17479.39,Completed,Power
M-01588,E-00592,U-048,Corrective,2025-12-22,2025-12-30,3,22968.05,In Progress,Power
M-01589,E-01661,U-045,Corrective,2026-04-22,2026-04-26,11,3015.76,In Progress,Software
M-01590,E-00258,U-020,Corrective,2026-06-11,2026-06-15,5,12647.48,Completed,Power
M-01591,E-00421,U-037,Corrective,2025-04-13,2025-04-18,2,3677.93,Overdue,No Failure
M-01592,E-00092,U-012,Preventive,2026-01-25,2026-02-05,16,10002.82,In Progress,Mechanical
M-01593,E-00426,U-003,Corrective,2025-08-01,2025-08-12,14,550.47,Overdue,Electrical
M-01594,E-00427,U-050,Inspection,2025-09-09,2025-09-15,13,7304.44,Overdue,Electrical
M-01595,E-01308,U-009,Inspection,2025-07-03,2025-07-12,16,1424.37,Completed,Mechanical
M-01596,E-00309,U-015,Corrective,2025-04-07,2025-04-19,3,7090.11,Overdue,Power
M-01597,E-00719,U-049,Corrective,2025-04-08,2025-04-11,7,16879.47,Overdue,Mechanical
M-01598,E-00090,U-023,Inspection,2025-09-27,2025-10-09,10,13631.61,Completed,Electrical
M-01599,E-00106,U-026,Inspection,2025-05-26,2025-05-30,11,7538.97,In Progress,Power
M-01600,E-01797,U-023,Corrective,2025-06-22,2025-06-23,11,23226.21,In Progress,Power
M-01601,E-00094,U-019,Preventive,2026-02-20,2026-02-22,8,15513.79,Completed,Mechanical
M-01602,E-00749,U-034,Inspection,2026-06-28,2026-07-01,16,9412.87,Overdue,Power
M-01603,E-00403,U-023,Preventive,2025-10-02,2025-10-11,16,1376.14,In Progress,Electrical
M-01604,E-01152,U-041,Preventive,2025-08-19,2025-08-25,12,23775.55,In Progress,Power
M-01605,E-01043,U-033,Inspection,2026-01-15,2026-01-24,3,13382.49,Completed,Software
M-01606,E-00534,U-013,Inspection,2025-08-03,2025-08-13,15,7778.66,In Progress,Software
M-01607,E-01148,U-005,Preventive,2025-02-13,2025-02-19,12,12464.11,Completed,Power
M-01608,E-01075,U-059,Corrective,2025-01-04,2025-01-14,5,10448.37,In Progress,No Failure
M-01609,E-01184,U-027,Preventive,2025-10-23,2025-10-28,9,11670.81,In Progress,No Failure
M-01610,E-00211,U-004,Corrective,2026-04-11,2026-04-12,11,10603.17,In Progress,Mechanical
M-01611,E-01602,U-006,Inspection,2025-11-27,2025-12-07,2,16315.38,In Progress,Software
M-01612,E-00813,U-012,Inspection,2026-05-24,2026-06-05,5,4513.22,Completed,Mechanical
M-01613,E-00373,U-003,Corrective,2025-02-13,2025-02-17,1,2000.83,Completed,No Failure
M-01614,E-01176,U-022,Preventive,2025-04-18,2025-04-25,16,21034.13,Completed,Power
M-01615,E-00782,U-051,Corrective,2025-09-05,2025-09-15,3,19163.47,Completed,Mechanical
M-01616,E-01472,U-006,Preventive,2025-05-31,2025-06-03,18,10248.44,Completed,Power
M-01617,E-00443,U-002,Inspection,2025-06-11,2025-06-18,4,7104.44,Overdue,Power
M-01618,E-01303,U-053,Corrective,2025-10-22,2025-10-27,5,4068.24,Overdue,Software
M-01619,E-00320,U-029,Corrective,2025-06-24,2025-06-28,1,4142.26,Overdue,Power
M-01620,E-01586,U-027,Preventive,2025-02-27,2025-02-28,4,5171.7,In Progress,Software
M-01621,E-01237,U-030,Inspection,2025-06-25,2025-07-06,6,6986.55,Completed,Mechanical
M-01622,E-00126,U-035,Inspection,2026-05-16,2026-05-18,8,8723.44,Completed,Software
M-01623,E-00661,U-015,Preventive,2026-01-25,2026-02-05,16,24936.83,Completed,Software
M-01624,E-00575,U-051,Corrective,2026-06-16,2026-06-23,16,20096.22,In Progress,No Failure
M-01625,E-01573,U-034,Inspection,2026-07-05,2026-07-13,15,14710.53,In Progress,Power
M-01626,E-00770,U-049,Corrective,2025-03-12,2025-03-13,18,5135.87,Overdue,Electrical
M-01627,E-00082,U-030,Corrective,2025-02-25,2025-03-01,8,9729.58,Completed,Electrical
M-01628,E-00385,U-011,Inspection,2025-05-05,2025-05-11,14,12012.13,Overdue,Power
M-01629,E-00864,U-035,Corrective,2025-03-12,2025-03-24,7,11018.38,Overdue,Power
M-01630,E-00597,U-019,Inspection,2025-11-25,2025-12-06,18,14518.63,Overdue,Electrical
M-01631,E-01772,U-055,Preventive,2026-04-11,2026-04-20,6,17434.63,Completed,Software
M-01632,E-00320,U-029,Corrective,2025-03-07,2025-03-14,6,15053.19,Completed,Power
M-01633,E-00329,U-050,Preventive,2026-06-27,2026-07-01,17,18157.65,Completed,Power
M-01634,E-01025,U-051,Preventive,2025-11-30,2025-12-12,6,5828.03,Overdue,No Failure
M-01635,E-00789,U-059,Corrective,2025-05-29,2025-06-09,1,19399.57,Overdue,Mechanical
M-01636,E-01676,U-012,Inspection,2025-02-13,2025-02-24,4,24967.44,In Progress,No Failure
M-01637,E-00352,U-038,Corrective,2025-11-15,2025-11-18,6,14961.44,Completed,Mechanical
M-01638,E-01661,U-045,Corrective,2026-01-14,2026-01-22,1,13298.85,Overdue,Software
M-01639,E-00452,U-024,Inspection,2026-08-13,2026-08-17,12,1347.84,In Progress,Power
M-01640,E-01422,U-046,Preventive,2025-07-13,2025-07-24,15,7319.2,In Progress,Power
M-01641,E-01760,U-013,Inspection,2025-12-17,2025-12-29,8,5576.96,Overdue,Electrical
M-01642,E-01042,U-004,Inspection,2026-01-09,2026-01-11,1,8838.46,Completed,Software
M-01643,E-01309,U-026,Corrective,2025-10-02,2025-10-11,16,9354.51,In Progress,No Failure
M-01644,E-01042,U-004,Corrective,2025-07-09,2025-07-17,5,6012.38,Overdue,Power
M-01645,E-00029,U-052,Corrective,2025-01-06,2025-01-07,18,10823.58,Completed,Software
M-01646,E-00893,U-040,Inspection,2025-11-07,2025-11-12,13,17191.15,In Progress,Electrical
M-01647,E-01473,U-020,Preventive,2025-12-25,2026-01-06,4,7087.49,Completed,Mechanical
M-01648,E-01324,U-006,Corrective,2026-01-25,2026-01-26,18,16131.61,In Progress,Software
M-01649,E-00280,U-005,Corrective,2025-05-23,2025-06-03,1,18783.86,In Progress,Power
M-01650,E-01388,U-013,Inspection,2026-01-13,2026-01-24,9,22361.61,Completed,No Failure
M-01651,E-01528,U-020,Corrective,2025-03-05,2025-03-11,14,4859.51,In Progress,No Failure
M-01652,E-00293,U-004,Inspection,2026-03-09,2026-03-16,15,10811.58,Overdue,Software
M-01653,E-00054,U-009,Corrective,2026-08-07,2026-08-08,11,14426.39,In Progress,Electrical
M-01654,E-00073,U-049,Preventive,2025-09-12,2025-09-19,9,4677.87,In Progress,Mechanical
M-01655,E-01556,U-017,Inspection,2025-07-23,2025-07-26,1,11039.3,In Progress,Power
M-01656,E-00288,U-031,Inspection,2026-02-22,2026-02-24,10,24719.35,In Progress,No Failure
M-01657,E-01425,U-051,Corrective,2025-08-01,2025-08-03,12,4159.25,Overdue,Mechanical
M-01658,E-00390,U-044,Preventive,2025-05-03,2025-05-13,3,8711.16,In Progress,Software
M-01659,E-00507,U-038,Inspection,2025-01-31,2025-02-12,12,6398.87,Completed,Power
M-01660,E-00335,U-043,Preventive,2026-01-08,2026-01-20,13,7253.06,In Progress,Mechanical
M-01661,E-00898,U-020,Corrective,2026-07-17,2026-07-18,14,11238.77,Overdue,Electrical
M-01662,E-00595,U-009,Preventive,2025-10-16,2025-10-25,14,15867.76,Completed,No Failure
M-01663,E-00956,U-012,Corrective,2025-01-31,2025-02-09,3,18496.25,Overdue,No Failure
M-01664,E-01502,U-049,Preventive,2025-02-07,2025-02-10,10,24988.79,In Progress,Software
M-01665,E-01580,U-038,Corrective,2025-01-10,2025-01-17,10,23589.89,Completed,No Failure
M-01666,E-01514,U-029,Corrective,2026-06-06,2026-06-11,1,1125.2,In Progress,Software
M-01667,E-00143,U-024,Inspection,2025-02-25,2025-03-09,2,11263.37,Overdue,Power
M-01668,E-01409,U-006,Inspection,2025-03-15,2025-03-20,6,24980.22,In Progress,Software
M-01669,E-01231,U-058,Preventive,2025-08-01,2025-08-13,14,7584.5,In Progress,No Failure
M-01670,E-00267,U-004,Preventive,2025-03-17,2025-03-25,2,16945.5,In Progress,Power
M-01671,E-00154,U-005,Corrective,2025-01-30,2025-02-05,1,5817.16,In Progress,Software
M-01672,E-01052,U-011,Inspection,2026-04-12,2026-04-18,2,9982.42,Completed,Electrical
M-01673,E-00912,U-002,Inspection,2026-01-02,2026-01-04,9,3342.38,Overdue,Power
M-01674,E-00708,U-038,Corrective,2025-03-15,2025-03-22,1,14386.79,Completed,Mechanical
M-01675,E-01474,U-015,Corrective,2025-05-15,2025-05-23,2,17289.84,Completed,Mechanical
M-01676,E-01595,U-040,Inspection,2025-08-24,2025-08-31,4,3065.58,In Progress,No Failure
M-01677,E-00241,U-029,Inspection,2025-03-23,2025-03-30,6,21692.99,In Progress,No Failure
M-01678,E-00525,U-005,Corrective,2025-08-01,2025-08-11,7,6949.49,Completed,Electrical
M-01679,E-00216,U-049,Corrective,2026-03-08,2026-03-09,9,23867.54,In Progress,Power
M-01680,E-00651,U-023,Preventive,2025-12-23,2025-12-25,2,12671.06,In Progress,No Failure
M-01681,E-00383,U-044,Preventive,2025-05-30,2025-06-07,5,8386.74,Completed,Software
M-01682,E-01328,U-015,Corrective,2025-11-10,2025-11-22,6,7865.71,Completed,Software
M-01683,E-01060,U-060,Inspection,2026-03-24,2026-03-25,14,17019.21,Completed,Mechanical
M-01684,E-01569,U-048,Preventive,2025-08-24,2025-08-31,2,2928.79,Completed,Software
M-01685,E-01507,U-049,Preventive,2026-08-12,2026-08-14,4,23626.01,Overdue,Mechanical
M-01686,E-01583,U-027,Preventive,2025-03-02,2025-03-12,17,3299.46,Overdue,Software
M-01687,E-00926,U-036,Inspection,2025-04-24,2025-04-27,6,13150.53,In Progress,Mechanical
M-01688,E-01502,U-049,Corrective,2025-03-20,2025-04-01,9,15754.25,In Progress,Mechanical
M-01689,E-01303,U-053,Corrective,2025-07-16,2025-07-28,11,20610.29,Completed,Electrical
M-01690,E-00874,U-014,Inspection,2025-09-24,2025-09-27,16,6449.8,Overdue,Electrical
M-01691,E-01281,U-040,Corrective,2026-02-08,2026-02-13,18,2032.52,Completed,No Failure
M-01692,E-00685,U-030,Preventive,2025-03-13,2025-03-23,5,17621.55,In Progress,Power
M-01693,E-01678,U-046,Preventive,2025-10-05,2025-10-06,14,12571.37,In Progress,Software
M-01694,E-01059,U-024,Inspection,2025-08-28,2025-09-04,15,11739.91,Completed,No Failure
M-01695,E-01011,U-044,Inspection,2025-01-04,2025-01-16,5,6660.38,Completed,Software
M-01696,E-01249,U-060,Inspection,2025-08-17,2025-08-23,3,18038.53,Completed,Power
M-01697,E-01521,U-053,Corrective,2025-04-10,2025-04-18,6,1841.68,Completed,Power
M-01698,E-01621,U-009,Corrective,2026-03-19,2026-03-21,13,16251.83,Completed,No Failure
M-01699,E-00914,U-044,Inspection,2025-06-04,2025-06-10,4,17140.62,In Progress,Electrical
M-01700,E-00119,U-053,Corrective,2026-07-30,2026-08-09,14,19509.18,Completed,No Failure
M-01701,E-01136,U-047,Preventive,2025-10-05,2025-10-16,8,15807.23,Overdue,Software
M-01702,E-00370,U-035,Corrective,2026-05-04,2026-05-12,7,19056.54,Completed,Software
M-01703,E-00855,U-025,Preventive,2025-08-23,2025-08-27,12,1579.07,In Progress,Electrical
M-01704,E-01317,U-031,Corrective,2026-05-21,2026-05-22,11,9178.41,Overdue,No Failure
M-01705,E-01329,U-006,Corrective,2025-02-07,2025-02-08,2,13935.77,Completed,Electrical
M-01706,E-01282,U-034,Corrective,2025-07-11,2025-07-12,17,20821.56,In Progress,Mechanical
M-01707,E-00883,U-042,Corrective,2025-10-30,2025-11-01,10,19483.49,Completed,Mechanical
M-01708,E-00433,U-004,Preventive,2026-03-04,2026-03-11,2,9609.15,Overdue,Power
M-01709,E-01222,U-038,Corrective,2025-02-13,2025-02-20,3,14740.89,Overdue,Software
M-01710,E-00225,U-006,Inspection,2025-11-14,2025-11-23,7,10619.9,Overdue,Mechanical
M-01711,E-01250,U-001,Preventive,2025-01-15,2025-01-18,3,11523.01,In Progress,Software
M-01712,E-01708,U-003,Preventive,2025-04-06,2025-04-14,14,11252.71,In Progress,No Failure
M-01713,E-01420,U-029,Corrective,2025-02-11,2025-02-15,16,8805.27,Completed,No Failure
M-01714,E-00681,U-046,Corrective,2026-04-02,2026-04-13,5,22381.76,Overdue,Mechanical
M-01715,E-00108,U-041,Preventive,2026-07-06,2026-07-15,13,1376.57,Completed,Software
M-01716,E-00121,U-010,Corrective,2025-08-07,2025-08-15,10,14102.78,In Progress,Mechanical
M-01717,E-00811,U-005,Corrective,2026-04-29,2026-05-03,11,23591.23,In Progress,Power
M-01718,E-00530,U-055,Corrective,2026-05-21,2026-05-25,5,12663.49,Overdue,No Failure
M-01719,E-00350,U-054,Corrective,2025-02-28,2025-03-09,2,19182.55,Overdue,No Failure
M-01720,E-00425,U-045,Inspection,2026-05-20,2026-05-22,1,3334.07,Completed,Power
M-01721,E-01643,U-017,Inspection,2025-01-06,2025-01-09,8,6798.53,Completed,Electrical
M-01722,E-00020,U-053,Inspection,2025-01-26,2025-02-03,12,12482.1,Overdue,Software
M-01723,E-01652,U-048,Preventive,2025-12-29,2026-01-05,13,2567.01,Completed,Electrical
M-01724,E-00812,U-019,Corrective,2025-09-24,2025-09-29,2,7377.06,Overdue,Mechanical
M-01725,E-01526,U-031,Inspection,2026-02-13,2026-02-15,14,23985.95,Completed,Power
M-01726,E-01413,U-013,Corrective,2025-06-22,2025-07-04,15,3739.72,Completed,No Failure
M-01727,E-00698,U-013,Inspection,2025-10-03,2025-10-04,6,18242.17,Completed,Power
M-01728,E-01072,U-058,Corrective,2025-11-06,2025-11-12,11,14825.76,Completed,Software
M-01729,E-01204,U-040,Corrective,2025-11-21,2025-11-30,17,20303.39,In Progress,Software
M-01730,E-01180,U-028,Preventive,2025-08-11,2025-08-22,15,24491.14,In Progress,Power
M-01731,E-01796,U-060,Inspection,2025-03-06,2025-03-07,6,6215.32,In Progress,Software
M-01732,E-00903,U-055,Preventive,2026-02-25,2026-03-08,10,7939.69,Completed,Power
M-01733,E-01372,U-026,Preventive,2026-03-28,2026-04-04,2,15701.77,Completed,Software
M-01734,E-00675,U-011,Corrective,2026-03-25,2026-03-29,15,15269.83,In Progress,Electrical
M-01735,E-01544,U-028,Preventive,2025-08-10,2025-08-19,7,16521.15,Completed,Software
M-01736,E-00033,U-036,Preventive,2025-01-14,2025-01-19,6,16235.87,Overdue,Mechanical
M-01737,E-00322,U-011,Corrective,2025-07-27,2025-08-03,3,8274.95,Completed,No Failure
M-01738,E-01548,U-033,Corrective,2026-03-13,2026-03-20,1,20604.85,Overdue,Electrical
M-01739,E-00091,U-007,Preventive,2025-04-01,2025-04-08,14,21905.75,Overdue,Software
M-01740,E-00913,U-011,Inspection,2026-05-30,2026-06-02,10,3671.15,In Progress,Electrical
M-01741,E-00739,U-039,Preventive,2026-07-20,2026-07-30,7,14141.4,In Progress,Mechanical
M-01742,E-01439,U-056,Inspection,2025-02-12,2025-02-23,10,18186.53,Overdue,Mechanical
M-01743,E-00037,U-015,Inspection,2025-08-27,2025-09-05,13,5244.14,Completed,Mechanical
M-01744,E-00773,U-013,Inspection,2026-02-04,2026-02-05,17,3435.19,In Progress,Mechanical
M-01745,E-01244,U-024,Corrective,2026-06-28,2026-06-29,5,15323.01,In Progress,Mechanical
M-01746,E-00462,U-028,Inspection,2025-07-07,2025-07-16,8,21711.8,In Progress,Power
M-01747,E-00046,U-035,Preventive,2026-05-06,2026-05-14,4,15640.23,In Progress,Software
M-01748,E-01426,U-035,Inspection,2026-05-24,2026-05-31,1,2354.72,Completed,Software
M-01749,E-01456,U-050,Preventive,2025-08-20,2025-08-25,11,2225.76,Overdue,Software
M-01750,E-00306,U-047,Corrective,2025-09-15,2025-09-20,3,12944.83,Completed,Electrical
M-01751,E-01148,U-005,Preventive,2026-06-18,2026-06-23,16,18942.69,Overdue,Mechanical
M-01752,E-00297,U-036,Preventive,2025-12-25,2026-01-02,10,5948.15,Completed,No Failure
M-01753,E-01681,U-060,Inspection,2025-07-24,2025-07-30,2,16433.94,Completed,Electrical
M-01754,E-01042,U-004,Corrective,2026-03-15,2026-03-23,11,8684.2,Completed,Mechanical
M-01755,E-00390,U-044,Corrective,2025-11-23,2025-12-04,13,17968.0,Overdue,Power
M-01756,E-00804,U-030,Preventive,2026-04-09,2026-04-13,13,2165.07,Completed,Mechanical
M-01757,E-00967,U-041,Preventive,2025-10-15,2025-10-21,3,20858.89,Overdue,Power
M-01758,E-00307,U-054,Corrective,2025-11-20,2025-11-27,3,16210.98,Overdue,Power
M-01759,E-01433,U-010,Inspection,2025-09-28,2025-10-02,14,7892.48,In Progress,No Failure
M-01760,E-00909,U-006,Preventive,2026-06-25,2026-07-07,15,17189.15,Overdue,Electrical
M-01761,E-00971,U-013,Preventive,2025-07-27,2025-08-03,3,6880.59,In Progress,No Failure
M-01762,E-00164,U-060,Inspection,2026-05-20,2026-05-25,3,15088.93,In Progress,No Failure
M-01763,E-01487,U-012,Preventive,2025-03-03,2025-03-15,5,8521.39,Overdue,Software
M-01764,E-01619,U-032,Inspection,2025-07-27,2025-08-02,14,20810.12,In Progress,Software
M-01765,E-00511,U-003,Corrective,2026-07-25,2026-08-02,16,9869.42,In Progress,No Failure
M-01766,E-00275,U-017,Corrective,2025-08-18,2025-08-26,4,7436.44,Completed,Power
M-01767,E-00926,U-036,Inspection,2025-10-07,2025-10-08,5,13526.71,Completed,Electrical
M-01768,E-01677,U-005,Inspection,2025-12-31,2026-01-07,11,4930.56,Completed,Electrical
M-01769,E-00981,U-043,Corrective,2026-01-06,2026-01-09,15,9560.95,In Progress,Mechanical
M-01770,E-01381,U-030,Preventive,2025-09-22,2025-09-26,10,14811.58,Overdue,Software
M-01771,E-00506,U-035,Corrective,2026-04-05,2026-04-15,12,8566.26,In Progress,Mechanical
M-01772,E-01287,U-051,Preventive,2025-06-23,2025-07-04,2,21472.93,In Progress,Electrical
M-01773,E-00069,U-005,Corrective,2025-12-06,2025-12-11,16,21707.31,In Progress,Software
M-01774,E-01795,U-058,Inspection,2025-07-25,2025-08-05,1,2167.52,Overdue,Electrical
M-01775,E-00789,U-059,Corrective,2025-06-18,2025-06-19,9,21511.82,Overdue,Software
M-01776,E-00679,U-020,Inspection,2025-05-31,2025-06-08,3,21356.58,In Progress,Software
M-01777,E-00478,U-032,Inspection,2025-10-05,2025-10-16,9,6005.4,Completed,Software
M-01778,E-01270,U-034,Inspection,2026-04-23,2026-04-27,18,8289.04,In Progress,Power
M-01779,E-01645,U-034,Preventive,2025-10-15,2025-10-18,9,20593.19,Overdue,No Failure
M-01780,E-00618,U-043,Inspection,2026-03-11,2026-03-20,13,17713.88,Overdue,Software
M-01781,E-01457,U-019,Inspection,2026-07-26,2026-08-05,2,13711.94,In Progress,Electrical
M-01782,E-00409,U-027,Inspection,2025-09-19,2025-09-22,16,4556.17,In Progress,Electrical
M-01783,E-00213,U-035,Corrective,2025-04-25,2025-05-03,18,11674.54,In Progress,Software
M-01784,E-00175,U-006,Corrective,2025-12-16,2025-12-18,13,4343.06,Overdue,Electrical
M-01785,E-00434,U-035,Corrective,2026-01-23,2026-01-25,8,18680.29,Overdue,Electrical
M-01786,E-00405,U-056,Corrective,2025-03-06,2025-03-07,7,22692.2,Overdue,No Failure
M-01787,E-00815,U-058,Corrective,2026-03-12,2026-03-24,4,10892.85,In Progress,Electrical
M-01788,E-01265,U-010,Inspection,2026-07-13,2026-07-25,14,12248.21,In Progress,Power
M-01789,E-01509,U-025,Inspection,2025-03-19,2025-03-22,6,8144.5,Overdue,Power
M-01790,E-00258,U-020,Corrective,2025-09-21,2025-09-28,18,10878.39,Completed,Electrical
M-01791,E-00210,U-013,Corrective,2026-02-06,2026-02-08,9,13210.91,Overdue,Mechanical
M-01792,E-00943,U-010,Corrective,2025-05-25,2025-06-02,18,9579.76,Completed,Power
M-01793,E-00647,U-012,Inspection,2025-06-04,2025-06-13,2,24536.61,Completed,Software
M-01794,E-00388,U-036,Preventive,2025-10-27,2025-10-31,15,6359.83,In Progress,Mechanical
M-01795,E-00264,U-006,Corrective,2025-10-20,2025-10-22,3,8973.61,In Progress,Software
M-01796,E-00381,U-056,Preventive,2025-07-05,2025-07-14,4,20752.99,In Progress,No Failure
M-01797,E-00911,U-010,Inspection,2025-04-05,2025-04-06,15,20659.49,In Progress,Electrical
M-01798,E-00967,U-041,Inspection,2026-03-14,2026-03-24,7,20754.34,Completed,Power
M-01799,E-00200,U-012,Corrective,2026-02-05,2026-02-11,8,14061.65,Completed,Electrical
M-01800,E-00607,U-004,Corrective,2025-06-15,2025-06-21,1,21453.62,In Progress,Power
M-01801,E-00498,U-058,Inspection,2025-06-29,2025-07-01,2,2955.69,In Progress,Mechanical
M-01802,E-01430,U-002,Corrective,2026-02-18,2026-02-24,3,7659.73,Overdue,Software
M-01803,E-00734,U-060,Corrective,2026-08-08,2026-08-16,2,6195.58,Overdue,Electrical
M-01804,E-00004,U-012,Corrective,2026-01-05,2026-01-14,5,9557.43,Completed,Power
M-01805,E-00085,U-051,Corrective,2025-03-10,2025-03-14,11,8012.1,In Progress,Power
M-01806,E-01609,U-046,Corrective,2026-02-10,2026-02-20,17,13132.62,Completed,Electrical
M-01807,E-01026,U-054,Preventive,2026-03-20,2026-03-27,10,24582.77,In Progress,Mechanical
M-01808,E-01187,U-009,Preventive,2026-06-04,2026-06-05,13,23306.1,Completed,Power
M-01809,E-01606,U-026,Corrective,2026-02-27,2026-03-03,5,16027.1,In Progress,No Failure
M-01810,E-00563,U-050,Inspection,2025-05-24,2025-05-29,5,15591.76,Completed,No Failure
M-01811,E-00184,U-023,Corrective,2025-06-29,2025-07-07,9,23946.7,Overdue,Mechanical
M-01812,E-00103,U-007,Inspection,2026-03-18,2026-03-29,16,13766.63,Completed,No Failure
M-01813,E-01180,U-028,Inspection,2025-08-01,2025-08-09,5,21933.88,Completed,Power
M-01814,E-00038,U-043,Inspection,2025-08-09,2025-08-12,17,5203.26,Overdue,No Failure
M-01815,E-00215,U-031,Preventive,2026-01-13,2026-01-24,12,15731.13,In Progress,Electrical
M-01816,E-00873,U-049,Corrective,2025-03-22,2025-03-31,2,18216.16,In Progress,Software
M-01817,E-00071,U-042,Preventive,2025-09-01,2025-09-06,1,650.24,In Progress,Mechanical
M-01818,E-01783,U-013,Inspection,2026-03-07,2026-03-08,3,20194.43,Completed,No Failure
M-01819,E-01680,U-051,Preventive,2025-10-08,2025-10-12,14,523.82,In Progress,Electrical
M-01820,E-00537,U-020,Preventive,2025-07-20,2025-07-22,4,3433.06,In Progress,Mechanical
M-01821,E-01177,U-050,Inspection,2025-12-07,2025-12-18,5,14659.17,Overdue,Electrical
M-01822,E-01220,U-058,Inspection,2025-04-21,2025-04-28,2,15255.56,Completed,Power
M-01823,E-00777,U-043,Preventive,2025-10-27,2025-11-04,14,8266.36,Overdue,Software
M-01824,E-00264,U-006,Corrective,2025-01-19,2025-01-29,10,13779.81,Completed,Electrical
M-01825,E-00052,U-017,Preventive,2026-08-07,2026-08-09,14,20700.21,Completed,No Failure
M-01826,E-01549,U-029,Corrective,2025-03-26,2025-04-06,7,24755.71,In Progress,No Failure
M-01827,E-01279,U-027,Corrective,2026-01-30,2026-02-03,10,9416.01,Completed,Mechanical
M-01828,E-01245,U-044,Preventive,2026-05-20,2026-05-23,2,573.07,Overdue,Electrical
M-01829,E-00069,U-005,Corrective,2025-04-30,2025-05-04,11,5435.8,Overdue,No Failure
M-01830,E-00735,U-035,Preventive,2025-08-14,2025-08-20,14,18752.96,In Progress,Software
M-01831,E-01120,U-021,Inspection,2026-07-30,2026-08-11,18,927.27,In Progress,Software
M-01832,E-01015,U-053,Corrective,2025-02-14,2025-02-21,9,14008.51,Overdue,Mechanical
M-01833,E-00661,U-015,Preventive,2025-12-31,2026-01-11,13,14469.18,Completed,Power
M-01834,E-01470,U-036,Preventive,2025-10-17,2025-10-23,15,19039.62,Overdue,Mechanical
M-01835,E-00205,U-010,Inspection,2025-03-24,2025-04-03,7,9555.33,Overdue,No Failure
M-01836,E-01284,U-049,Preventive,2025-01-02,2025-01-11,3,17493.5,In Progress,Electrical
M-01837,E-00903,U-055,Inspection,2025-01-28,2025-02-08,12,4301.75,Overdue,Mechanical
M-01838,E-01386,U-007,Corrective,2026-06-01,2026-06-10,2,6898.45,Completed,Software
M-01839,E-00534,U-013,Inspection,2025-05-28,2025-05-29,2,24917.14,Overdue,Software
M-01840,E-01203,U-045,Corrective,2025-05-27,2025-06-05,11,12359.68,Completed,Software
M-01841,E-01465,U-020,Preventive,2026-07-12,2026-07-16,16,1080.82,In Progress,Electrical
M-01842,E-00423,U-055,Preventive,2025-03-26,2025-03-27,12,24195.48,Overdue,Electrical
M-01843,E-01161,U-003,Inspection,2025-11-10,2025-11-16,7,17451.67,In Progress,Mechanical
M-01844,E-01066,U-039,Inspection,2026-04-15,2026-04-17,7,6780.45,Completed,Software
M-01845,E-00715,U-044,Corrective,2025-05-01,2025-05-02,11,1903.7,Completed,Software
M-01846,E-00207,U-007,Inspection,2025-09-06,2025-09-18,13,2336.65,Completed,No Failure
M-01847,E-00077,U-014,Inspection,2025-10-10,2025-10-16,10,18339.82,Completed,Power
M-01848,E-01397,U-026,Inspection,2025-07-16,2025-07-21,17,23168.41,Completed,Software
M-01849,E-00583,U-012,Preventive,2025-11-30,2025-12-06,11,22160.13,Overdue,Software
M-01850,E-00789,U-059,Corrective,2025-05-30,2025-06-05,14,2418.77,In Progress,No Failure
M-01851,E-00319,U-036,Inspection,2026-08-01,2026-08-09,2,2035.23,Completed,Software
M-01852,E-00391,U-058,Preventive,2025-05-13,2025-05-19,5,14925.92,Completed,Electrical
M-01853,E-01652,U-048,Preventive,2026-03-18,2026-03-20,4,22178.13,In Progress,Software
M-01854,E-00480,U-025,Corrective,2025-06-11,2025-06-23,2,15173.33,Overdue,Mechanical
M-01855,E-01551,U-029,Inspection,2025-05-19,2025-05-26,3,3727.01,In Progress,Electrical
M-01856,E-01463,U-044,Corrective,2026-08-01,2026-08-10,3,22963.28,Overdue,No Failure
M-01857,E-00004,U-012,Preventive,2025-03-20,2025-03-23,7,5871.65,Overdue,No Failure
M-01858,E-00252,U-047,Corrective,2026-03-06,2026-03-16,13,8762.86,In Progress,Electrical
M-01859,E-01333,U-016,Preventive,2026-04-21,2026-04-24,8,13934.63,Overdue,Power
M-01860,E-00796,U-042,Corrective,2026-06-02,2026-06-04,10,6400.7,In Progress,Electrical
M-01861,E-00348,U-039,Inspection,2025-06-29,2025-06-30,16,6964.06,Overdue,No Failure
M-01862,E-00643,U-024,Inspection,2025-07-24,2025-08-04,1,8897.11,Overdue,Mechanical
M-01863,E-00016,U-048,Preventive,2025-10-04,2025-10-13,3,11181.83,Completed,Electrical
M-01864,E-00313,U-038,Corrective,2025-12-06,2025-12-14,6,2601.72,Overdue,Software
M-01865,E-01005,U-059,Corrective,2025-07-09,2025-07-14,4,23858.91,In Progress,Software
M-01866,E-00163,U-044,Inspection,2025-12-25,2026-01-02,17,18818.99,Overdue,No Failure
M-01867,E-00765,U-030,Corrective,2025-12-14,2025-12-16,18,8143.65,In Progress,Mechanical
M-01868,E-00343,U-050,Corrective,2026-03-11,2026-03-15,11,3943.74,Completed,Electrical
M-01869,E-00407,U-038,Inspection,2025-05-12,2025-05-17,5,6979.98,Overdue,Electrical
M-01870,E-01318,U-012,Inspection,2025-06-25,2025-07-04,2,16747.29,Completed,Power
M-01871,E-01265,U-010,Inspection,2025-03-19,2025-03-27,6,9906.98,Completed,Power
M-01872,E-01473,U-020,Preventive,2025-09-27,2025-09-28,10,15815.44,In Progress,Software
M-01873,E-01544,U-028,Preventive,2025-04-24,2025-04-26,10,9390.99,In Progress,Power
M-01874,E-01478,U-032,Preventive,2026-01-17,2026-01-18,7,1981.33,Completed,Mechanical
M-01875,E-01741,U-039,Preventive,2025-03-08,2025-03-09,1,3331.41,Completed,No Failure
M-01876,E-00577,U-009,Corrective,2026-03-11,2026-03-16,6,2549.41,Completed,Electrical
M-01877,E-01316,U-058,Inspection,2026-05-05,2026-05-16,1,24130.84,In Progress,Mechanical
M-01878,E-01360,U-036,Inspection,2025-05-22,2025-05-25,16,24161.58,Completed,Power
M-01879,E-00876,U-006,Inspection,2025-02-24,2025-03-01,15,10287.78,Overdue,Electrical
M-01880,E-01255,U-019,Corrective,2026-06-15,2026-06-27,6,9112.65,Overdue,Software
M-01881,E-00894,U-035,Preventive,2025-11-10,2025-11-12,7,9017.7,In Progress,Electrical
M-01882,E-01611,U-032,Inspection,2025-10-24,2025-11-03,13,11566.65,Overdue,Electrical
M-01883,E-01448,U-032,Preventive,2026-02-17,2026-02-21,14,12897.72,Completed,Electrical
M-01884,E-00232,U-037,Inspection,2025-04-19,2025-04-24,16,8197.36,Overdue,Mechanical
M-01885,E-01301,U-002,Preventive,2025-07-08,2025-07-09,4,2118.22,In Progress,No Failure
M-01886,E-01500,U-058,Preventive,2025-10-16,2025-10-19,12,23332.42,Overdue,Power
M-01887,E-00483,U-054,Preventive,2025-05-22,2025-05-31,3,20300.82,Completed,Power
M-01888,E-00229,U-023,Preventive,2026-02-21,2026-02-28,13,18596.89,Overdue,Electrical
M-01889,E-00630,U-018,Corrective,2025-11-11,2025-11-21,16,1471.87,Completed,No Failure
M-01890,E-01237,U-030,Inspection,2026-06-24,2026-07-04,11,22489.2,Completed,No Failure
M-01891,E-00758,U-024,Inspection,2026-05-21,2026-05-29,5,6376.98,Completed,Power
M-01892,E-01014,U-002,Corrective,2025-05-01,2025-05-12,12,23426.64,Overdue,Electrical
M-01893,E-00022,U-028,Corrective,2025-07-06,2025-07-11,5,5650.73,Completed,Mechanical
M-01894,E-00695,U-057,Inspection,2026-06-06,2026-06-18,10,17925.89,Overdue,Software
M-01895,E-01743,U-046,Corrective,2025-07-31,2025-08-02,9,11811.32,Overdue,Electrical
M-01896,E-00710,U-053,Inspection,2025-01-27,2025-02-07,1,9245.91,Overdue,Electrical
M-01897,E-01285,U-010,Preventive,2025-03-09,2025-03-17,17,6825.15,In Progress,Mechanical
M-01898,E-00101,U-015,Preventive,2025-03-03,2025-03-15,16,20719.85,Overdue,Software
M-01899,E-00524,U-038,Corrective,2025-06-24,2025-06-29,8,11318.23,Completed,Electrical
M-01900,E-00799,U-025,Preventive,2026-03-15,2026-03-20,10,13698.96,In Progress,Electrical
M-01901,E-00240,U-057,Inspection,2025-05-03,2025-05-12,3,10474.38,Overdue,Power
M-01902,E-01516,U-020,Inspection,2026-05-17,2026-05-25,8,7748.26,In Progress,Electrical
M-01903,E-00591,U-048,Corrective,2026-03-04,2026-03-13,10,9684.99,Completed,Electrical
M-01904,E-00482,U-051,Inspection,2025-09-06,2025-09-17,4,16194.4,Overdue,No Failure
M-01905,E-00651,U-023,Corrective,2026-03-02,2026-03-08,10,3462.25,Completed,Mechanical
M-01906,E-00568,U-004,Corrective,2025-12-27,2026-01-07,15,15130.72,Overdue,No Failure
M-01907,E-01483,U-046,Inspection,2026-04-17,2026-04-29,2,12166.56,In Progress,No Failure
M-01908,E-01705,U-060,Inspection,2025-11-13,2025-11-24,12,8766.06,Completed,No Failure
M-01909,E-00041,U-029,Corrective,2025-03-14,2025-03-18,4,19517.47,In Progress,No Failure
M-01910,E-00310,U-002,Preventive,2026-04-28,2026-05-04,6,3156.86,Completed,Software
M-01911,E-01283,U-025,Corrective,2026-07-22,2026-07-29,15,17420.98,In Progress,No Failure
M-01912,E-00752,U-041,Corrective,2026-01-10,2026-01-21,6,8499.63,Completed,Electrical
M-01913,E-00961,U-008,Inspection,2025-10-23,2025-11-01,12,11061.22,Completed,Electrical
M-01914,E-00631,U-060,Inspection,2025-06-09,2025-06-14,7,11225.27,Completed,Software
M-01915,E-01525,U-003,Preventive,2025-05-19,2025-05-20,6,3616.01,In Progress,No Failure
M-01916,E-00008,U-025,Corrective,2026-03-05,2026-03-15,13,1528.09,Completed,Electrical
M-01917,E-00698,U-013,Inspection,2025-06-10,2025-06-11,4,18242.41,Overdue,Electrical
M-01918,E-00859,U-018,Inspection,2025-02-18,2025-02-25,15,23789.61,In Progress,Power
M-01919,E-00766,U-037,Preventive,2025-02-04,2025-02-14,8,24787.24,Completed,Software
M-01920,E-00702,U-023,Inspection,2026-02-04,2026-02-14,7,19835.88,Completed,Mechanical
M-01921,E-01501,U-043,Corrective,2025-01-02,2025-01-14,12,1521.07,Overdue,Electrical
M-01922,E-01287,U-051,Inspection,2025-04-27,2025-05-09,11,22924.19,Overdue,Mechanical
M-01923,E-00559,U-059,Preventive,2025-12-26,2025-12-30,13,6626.1,In Progress,No Failure
M-01924,E-00212,U-040,Preventive,2025-01-28,2025-02-08,6,1313.09,Overdue,Electrical
M-01925,E-01007,U-013,Inspection,2026-02-18,2026-02-19,10,1932.67,In Progress,Power
M-01926,E-00502,U-058,Preventive,2025-07-10,2025-07-16,4,17564.9,In Progress,Mechanical
M-01927,E-00256,U-031,Corrective,2026-01-21,2026-01-31,6,22319.06,In Progress,No Failure
M-01928,E-00691,U-047,Corrective,2026-06-20,2026-06-26,8,2475.07,In Progress,Power
M-01929,E-00554,U-027,Preventive,2025-07-02,2025-07-03,16,20756.81,In Progress,Power
M-01930,E-00162,U-047,Corrective,2025-02-16,2025-02-24,6,4566.25,Overdue,Electrical
M-01931,E-00520,U-053,Inspection,2025-12-07,2025-12-17,7,18479.87,In Progress,Mechanical
M-01932,E-00337,U-038,Inspection,2026-07-08,2026-07-15,2,2510.02,In Progress,Electrical
M-01933,E-01368,U-044,Corrective,2026-06-27,2026-07-01,17,19193.01,Overdue,No Failure
M-01934,E-00242,U-017,Preventive,2025-04-17,2025-04-21,2,16496.43,Completed,Software
M-01935,E-00309,U-015,Inspection,2025-08-01,2025-08-05,12,23133.81,Completed,Power
M-01936,E-00431,U-033,Corrective,2026-04-22,2026-04-28,2,7109.1,Overdue,No Failure
M-01937,E-00815,U-058,Inspection,2025-09-05,2025-09-08,9,7327.1,Overdue,Software
M-01938,E-00818,U-059,Corrective,2026-07-17,2026-07-24,2,7329.13,Completed,Power
M-01939,E-00857,U-037,Corrective,2025-04-18,2025-04-30,12,8459.62,In Progress,Power
M-01940,E-00957,U-023,Preventive,2025-09-11,2025-09-22,16,1864.45,Completed,Mechanical
M-01941,E-01373,U-054,Preventive,2026-01-26,2026-02-07,13,15510.1,Overdue,No Failure
M-01942,E-00639,U-060,Inspection,2026-04-30,2026-05-07,3,1736.19,Overdue,Electrical
M-01943,E-01356,U-008,Corrective,2026-01-11,2026-01-16,3,14881.52,Completed,Mechanical
M-01944,E-00407,U-038,Corrective,2026-05-17,2026-05-18,6,15639.65,In Progress,Electrical
M-01945,E-01800,U-011,Corrective,2025-02-03,2025-02-04,7,8373.98,Completed,Power
M-01946,E-00924,U-060,Corrective,2025-07-11,2025-07-18,9,19404.73,In Progress,No Failure
M-01947,E-00603,U-049,Corrective,2026-07-05,2026-07-07,3,14836.13,Completed,Electrical
M-01948,E-00656,U-054,Inspection,2026-02-07,2026-02-11,6,21606.06,Overdue,Electrical
M-01949,E-00994,U-004,Preventive,2025-03-14,2025-03-16,16,12962.66,Completed,Power
M-01950,E-00712,U-009,Inspection,2025-06-25,2025-07-03,6,20014.64,Overdue,No Failure
M-01951,E-00831,U-015,Preventive,2025-10-26,2025-10-29,5,22068.28,Overdue,Power
M-01952,E-00714,U-057,Inspection,2025-09-10,2025-09-15,3,14023.0,In Progress,Electrical
M-01953,E-00800,U-011,Corrective,2025-03-30,2025-04-06,12,17151.09,Completed,Power
M-01954,E-01372,U-026,Corrective,2025-09-22,2025-10-01,17,24433.08,Completed,Electrical
M-01955,E-00887,U-053,Corrective,2025-01-15,2025-01-25,18,5799.06,Overdue,Mechanical
M-01956,E-00098,U-021,Preventive,2026-06-11,2026-06-23,7,12061.66,Completed,Electrical
M-01957,E-01742,U-054,Corrective,2025-04-26,2025-05-07,6,21371.54,In Progress,Software
M-01958,E-00832,U-010,Inspection,2026-01-27,2026-02-05,1,13781.31,Completed,Electrical
M-01959,E-01206,U-042,Corrective,2026-01-14,2026-01-20,8,1745.86,Completed,Power
M-01960,E-01663,U-059,Corrective,2025-05-27,2025-06-02,1,15589.87,Overdue,Electrical
M-01961,E-01350,U-024,Corrective,2025-01-17,2025-01-25,1,15660.4,Overdue,No Failure
M-01962,E-00481,U-006,Corrective,2025-08-16,2025-08-18,9,3979.31,Completed,Power
M-01963,E-01648,U-046,Corrective,2026-04-29,2026-05-07,6,12721.12,Overdue,Power
M-01964,E-01186,U-007,Inspection,2025-06-29,2025-07-02,14,24739.34,Overdue,Software
M-01965,E-01275,U-024,Inspection,2025-10-13,2025-10-19,9,4366.17,In Progress,Power
M-01966,E-01251,U-046,Inspection,2025-09-10,2025-09-22,8,23527.27,Overdue,Software
M-01967,E-01787,U-016,Preventive,2026-06-08,2026-06-11,10,1229.59,In Progress,Power
M-01968,E-01635,U-029,Preventive,2026-06-12,2026-06-22,12,15487.1,Completed,Electrical
M-01969,E-00155,U-020,Preventive,2026-05-29,2026-06-08,17,20562.05,Completed,Software
M-01970,E-01095,U-058,Inspection,2026-07-29,2026-07-30,9,975.62,Completed,Power
M-01971,E-00807,U-023,Corrective,2025-07-01,2025-07-04,9,19553.89,In Progress,Power
M-01972,E-00381,U-056,Corrective,2026-05-11,2026-05-21,9,3834.1,In Progress,Power
M-01973,E-01633,U-032,Inspection,2025-05-18,2025-05-30,16,4896.5,Completed,No Failure
M-01974,E-01640,U-029,Corrective,2025-11-19,2025-11-23,5,8342.11,Completed,Electrical
M-01975,E-01267,U-018,Preventive,2025-07-12,2025-07-22,15,6713.26,Completed,No Failure
M-01976,E-01444,U-022,Corrective,2026-02-09,2026-02-21,3,10841.03,Overdue,Electrical
M-01977,E-00356,U-055,Inspection,2025-10-31,2025-11-06,4,6006.08,Overdue,Electrical
M-01978,E-00873,U-049,Inspection,2025-01-05,2025-01-11,15,8430.83,Completed,Software
M-01979,E-00832,U-010,Inspection,2026-02-09,2026-02-14,16,2109.58,Overdue,No Failure
M-01980,E-01049,U-038,Preventive,2025-03-29,2025-04-01,1,11610.12,Completed,Software
M-01981,E-00244,U-036,Inspection,2025-03-31,2025-04-05,13,8575.6,In Progress,No Failure
M-01982,E-01588,U-043,Preventive,2026-02-25,2026-03-04,17,8835.38,Completed,Electrical
M-01983,E-00939,U-051,Inspection,2026-03-07,2026-03-13,12,15691.28,Overdue,No Failure
M-01984,E-01223,U-032,Corrective,2026-01-24,2026-02-03,15,10446.34,Overdue,Power
M-01985,E-00283,U-056,Corrective,2025-07-22,2025-07-27,10,14516.47,Overdue,Mechanical
M-01986,E-01406,U-018,Corrective,2025-04-17,2025-04-21,15,16832.41,Overdue,Mechanical
M-01987,E-00404,U-050,Preventive,2025-09-15,2025-09-20,4,21363.3,Completed,Electrical
M-01988,E-00405,U-056,Corrective,2025-05-03,2025-05-11,16,19216.78,Overdue,Mechanical
M-01989,E-00303,U-021,Preventive,2025-07-05,2025-07-07,6,17153.31,Completed,No Failure
M-01990,E-01660,U-053,Preventive,2026-05-07,2026-05-16,3,16869.75,Overdue,Software
M-01991,E-00058,U-040,Corrective,2025-08-27,2025-09-04,7,3046.95,In Progress,No Failure
M-01992,E-00065,U-047,Inspection,2025-06-30,2025-07-06,18,6292.05,Overdue,Mechanical
M-01993,E-00031,U-035,Inspection,2026-06-03,2026-06-07,8,4623.14,Completed,No Failure
M-01994,E-00612,U-060,Preventive,2025-11-18,2025-11-30,11,2645.63,Completed,Mechanical
M-01995,E-01332,U-034,Inspection,2026-03-13,2026-03-17,10,24907.55,Completed,Electrical
M-01996,E-00160,U-023,Corrective,2025-03-08,2025-03-12,7,19112.66,In Progress,Electrical
M-01997,E-01287,U-051,Inspection,2025-03-29,2025-04-04,9,21701.1,Completed,Power
M-01998,E-01309,U-026,Preventive,2026-06-03,2026-06-09,10,3139.93,In Progress,Software
M-01999,E-01171,U-041,Inspection,2025-05-25,2025-06-05,5,1298.84,Overdue,Power
M-02000,E-01167,U-005,Corrective,2025-09-18,2025-09-27,2,4756.24,Overdue,Mechanical
M-02001,E-00710,U-053,Preventive,2026-04-17,2026-04-28,18,10731.68,Overdue,No Failure
M-02002,E-01550,U-033,Inspection,2026-08-01,2026-08-12,17,24310.48,In Progress,Power
M-02003,E-00757,U-043,Inspection,2025-10-28,2025-11-07,7,3116.07,In Progress,Mechanical
M-02004,E-00510,U-037,Corrective,2026-03-05,2026-03-07,7,5816.13,Overdue,Electrical
M-02005,E-00228,U-010,Corrective,2025-08-17,2025-08-25,10,21293.22,Completed,Electrical
M-02006,E-00206,U-051,Preventive,2026-03-16,2026-03-22,9,6404.69,In Progress,No Failure
M-02007,E-00992,U-016,Corrective,2025-08-31,2025-09-08,3,3612.82,Overdue,Mechanical
M-02008,E-00991,U-030,Corrective,2025-01-05,2025-01-15,12,24099.88,Completed,Power
M-02009,E-00222,U-057,Inspection,2026-04-10,2026-04-20,10,21478.48,Overdue,Electrical
M-02010,E-01274,U-051,Preventive,2026-04-07,2026-04-17,14,11434.46,Completed,No Failure
M-02011,E-00559,U-059,Inspection,2025-04-02,2025-04-09,6,15515.0,Completed,Software
M-02012,E-01549,U-029,Inspection,2025-04-19,2025-04-26,15,14022.87,Overdue,Electrical
M-02013,E-00643,U-024,Corrective,2026-07-26,2026-08-07,9,12539.28,In Progress,No Failure
M-02014,E-01596,U-055,Inspection,2025-04-30,2025-05-03,12,8940.74,Completed,Electrical
M-02015,E-00686,U-013,Preventive,2025-12-01,2025-12-06,13,21029.23,In Progress,No Failure
M-02016,E-00605,U-047,Inspection,2025-08-28,2025-09-09,9,1697.14,Overdue,Electrical
M-02017,E-00258,U-020,Corrective,2026-01-23,2026-01-29,10,8969.51,In Progress,Software
M-02018,E-01295,U-007,Inspection,2025-02-28,2025-03-05,3,6820.97,In Progress,No Failure
M-02019,E-01263,U-053,Corrective,2025-12-28,2026-01-01,14,17091.98,Completed,Power
M-02020,E-01044,U-051,Inspection,2025-12-05,2025-12-11,6,12923.74,Overdue,Power
M-02021,E-00389,U-047,Preventive,2025-04-29,2025-05-02,14,12411.7,Completed,Mechanical
M-02022,E-00416,U-021,Inspection,2026-01-03,2026-01-15,12,15631.02,Completed,Software
M-02023,E-00949,U-060,Corrective,2026-04-23,2026-04-27,17,9368.32,In Progress,Software
M-02024,E-00304,U-046,Corrective,2025-05-26,2025-06-07,9,6051.26,Overdue,Electrical
M-02025,E-00402,U-040,Corrective,2026-03-08,2026-03-11,17,12684.44,Completed,Electrical
M-02026,E-01664,U-058,Corrective,2025-04-29,2025-05-05,7,24147.48,In Progress,Software
M-02027,E-01552,U-014,Corrective,2025-12-07,2025-12-11,9,23168.52,Completed,Electrical
M-02028,E-01363,U-025,Inspection,2026-08-05,2026-08-15,11,12812.54,Overdue,Power
M-02029,E-01243,U-041,Inspection,2025-09-27,2025-10-04,8,19653.99,Completed,Software
M-02030,E-01176,U-022,Inspection,2026-04-18,2026-04-21,17,8671.37,Overdue,Mechanical
M-02031,E-00249,U-048,Inspection,2026-04-03,2026-04-07,10,22853.13,Completed,Mechanical
M-02032,E-01160,U-049,Corrective,2025-05-02,2025-05-05,3,9227.47,In Progress,No Failure
M-02033,E-01188,U-059,Corrective,2026-02-16,2026-02-23,5,8126.4,Completed,Software
M-02034,E-00739,U-039,Corrective,2026-05-22,2026-05-23,10,1053.46,In Progress,Power
M-02035,E-01525,U-003,Inspection,2026-05-12,2026-05-24,15,24799.48,Completed,Power
M-02036,E-00755,U-051,Corrective,2025-09-15,2025-09-22,13,23381.05,Completed,No Failure
M-02037,E-00928,U-047,Inspection,2026-03-29,2026-04-08,16,8351.55,Overdue,No Failure
M-02038,E-01194,U-029,Corrective,2025-01-29,2025-02-10,12,19280.56,Completed,Software
M-02039,E-01743,U-046,Preventive,2025-10-17,2025-10-25,6,20750.82,Completed,Mechanical
M-02040,E-01649,U-054,Preventive,2026-02-22,2026-02-28,2,7162.68,Overdue,No Failure
M-02041,E-01023,U-043,Inspection,2025-02-21,2025-02-24,5,3909.38,Overdue,Power
M-02042,E-01686,U-032,Preventive,2025-11-22,2025-12-04,7,15645.52,Completed,Power
M-02043,E-01199,U-041,Preventive,2025-12-31,2026-01-02,3,7944.33,In Progress,Electrical
M-02044,E-00362,U-036,Preventive,2026-08-09,2026-08-21,12,24980.83,In Progress,Power
M-02045,E-00493,U-004,Inspection,2026-05-09,2026-05-13,1,6685.13,In Progress,Mechanical
M-02046,E-00984,U-052,Corrective,2025-10-27,2025-11-03,18,7438.36,Completed,Electrical
M-02047,E-00475,U-010,Preventive,2025-07-20,2025-07-24,18,13828.9,In Progress,Electrical
M-02048,E-00702,U-023,Inspection,2025-03-09,2025-03-10,7,17967.14,Overdue,Power
M-02049,E-01622,U-020,Inspection,2025-02-24,2025-02-27,10,2685.29,Completed,No Failure
M-02050,E-00865,U-014,Corrective,2025-02-20,2025-03-03,9,16706.28,Overdue,Mechanical
M-02051,E-01648,U-046,Preventive,2025-02-12,2025-02-18,8,21923.43,In Progress,No Failure
M-02052,E-00994,U-004,Inspection,2026-05-11,2026-05-22,7,5495.31,Overdue,Power
M-02053,E-01538,U-002,Inspection,2025-02-13,2025-02-21,4,13902.68,Completed,No Failure
M-02054,E-01282,U-034,Preventive,2026-06-29,2026-07-01,13,16928.19,In Progress,Power
M-02055,E-01166,U-030,Preventive,2025-06-18,2025-06-20,17,23251.06,In Progress,Software
M-02056,E-00233,U-048,Inspection,2025-03-28,2025-03-29,18,20159.35,Completed,Power
M-02057,E-01782,U-051,Inspection,2025-08-30,2025-09-08,8,22239.42,Overdue,Electrical
M-02058,E-00013,U-057,Inspection,2025-05-24,2025-05-30,15,15399.65,In Progress,Power
M-02059,E-01603,U-015,Corrective,2026-01-02,2026-01-07,9,16654.22,Completed,Software
M-02060,E-01343,U-046,Corrective,2025-07-13,2025-07-18,15,17502.13,Overdue,Electrical
M-02061,E-00510,U-037,Inspection,2026-08-03,2026-08-10,6,8001.04,Completed,Power
M-02062,E-00475,U-010,Inspection,2026-05-30,2026-06-04,5,1910.72,Completed,Electrical
M-02063,E-01298,U-019,Inspection,2025-12-20,2025-12-22,9,8359.03,Overdue,No Failure
M-02064,E-01232,U-050,Inspection,2025-01-25,2025-01-29,12,19294.07,Completed,Software
M-02065,E-00771,U-037,Inspection,2025-09-05,2025-09-11,8,14619.78,Overdue,No Failure
M-02066,E-00051,U-020,Inspection,2026-01-28,2026-02-05,8,5894.38,Overdue,Power
M-02067,E-00911,U-010,Corrective,2026-01-29,2026-02-02,10,13735.89,Completed,Power
M-02068,E-01418,U-003,Inspection,2025-11-04,2025-11-11,13,13267.8,Overdue,Power
M-02069,E-00483,U-054,Corrective,2026-07-25,2026-08-03,12,18251.57,Overdue,Power
M-02070,E-00056,U-006,Preventive,2025-03-17,2025-03-28,4,24558.9,Overdue,Mechanical
M-02071,E-01390,U-049,Corrective,2025-11-14,2025-11-19,18,21305.84,In Progress,Software
M-02072,E-00290,U-007,Corrective,2025-01-05,2025-01-10,2,9477.73,Overdue,Software
M-02073,E-01753,U-046,Preventive,2026-04-23,2026-04-27,5,4666.5,Overdue,Electrical
M-02074,E-00935,U-018,Inspection,2025-12-03,2025-12-13,2,3781.72,In Progress,Software
M-02075,E-01085,U-002,Inspection,2025-09-04,2025-09-06,1,24048.49,Completed,Power
M-02076,E-00013,U-057,Preventive,2025-10-08,2025-10-20,2,6124.02,In Progress,Power
M-02077,E-01041,U-023,Preventive,2025-03-11,2025-03-14,15,4721.91,In Progress,Electrical
M-02078,E-00670,U-013,Preventive,2026-01-01,2026-01-04,14,5757.83,Completed,No Failure
M-02079,E-01012,U-048,Inspection,2026-03-13,2026-03-25,7,5592.28,Completed,Power
M-02080,E-00325,U-040,Preventive,2025-12-24,2026-01-01,13,11020.71,Overdue,Software
M-02081,E-01252,U-058,Preventive,2025-06-28,2025-07-01,16,7498.95,Completed,No Failure
M-02082,E-01748,U-044,Preventive,2025-08-01,2025-08-06,12,14639.04,Overdue,Mechanical
M-02083,E-01151,U-009,Inspection,2025-07-01,2025-07-11,12,24067.92,In Progress,Electrical
M-02084,E-00327,U-055,Inspection,2025-03-07,2025-03-10,11,21202.0,Completed,Software
M-02085,E-01504,U-043,Corrective,2026-08-04,2026-08-09,3,18892.29,In Progress,Mechanical
M-02086,E-00427,U-050,Corrective,2026-03-26,2026-03-30,15,19140.67,Overdue,Power
M-02087,E-00715,U-044,Corrective,2026-03-04,2026-03-13,12,13813.24,In Progress,Electrical
M-02088,E-00895,U-038,Inspection,2026-03-04,2026-03-10,11,17086.09,In Progress,No Failure
M-02089,E-00659,U-028,Inspection,2025-05-01,2025-05-08,12,23556.03,Completed,Electrical
M-02090,E-00951,U-016,Corrective,2026-02-28,2026-03-06,3,2936.17,Overdue,No Failure
M-02091,E-00642,U-001,Corrective,2025-05-21,2025-05-28,17,11681.02,In Progress,Power
M-02092,E-00870,U-042,Corrective,2025-09-26,2025-10-06,16,15624.58,Completed,Software
M-02093,E-00097,U-041,Inspection,2025-11-03,2025-11-10,14,21061.92,Overdue,Electrical
M-02094,E-00452,U-024,Inspection,2026-06-04,2026-06-07,17,9596.37,Overdue,Mechanical
M-02095,E-00210,U-013,Preventive,2026-03-04,2026-03-12,11,501.43,Overdue,Power
M-02096,E-00057,U-016,Preventive,2025-06-11,2025-06-17,6,3192.65,Completed,Software
M-02097,E-00026,U-045,Inspection,2025-06-28,2025-07-09,10,7003.63,In Progress,Power
M-02098,E-01009,U-014,Preventive,2026-01-23,2026-01-29,4,22228.13,In Progress,Software
M-02099,E-00951,U-016,Inspection,2025-09-27,2025-10-05,3,8220.31,Completed,Power
M-02100,E-01379,U-020,Corrective,2025-12-03,2025-12-09,18,15158.2,Overdue,Software
M-02101,E-00642,U-001,Inspection,2025-08-17,2025-08-21,11,12755.46,Overdue,Mechanical
M-02102,E-01169,U-007,Corrective,2025-03-10,2025-03-20,12,5959.6,In Progress,Software
M-02103,E-01459,U-018,Preventive,2025-12-14,2025-12-17,18,18029.61,Overdue,Mechanical
M-02104,E-00163,U-044,Preventive,2025-05-13,2025-05-23,2,2110.69,Completed,Electrical
M-02105,E-01367,U-014,Inspection,2025-11-06,2025-11-14,8,19270.59,Completed,No Failure
M-02106,E-00589,U-049,Preventive,2026-03-10,2026-03-14,14,21339.96,Overdue,Software
M-02107,E-01250,U-001,Preventive,2025-04-09,2025-04-15,1,7404.93,In Progress,Software
M-02108,E-01540,U-006,Inspection,2026-02-03,2026-02-05,15,22546.82,In Progress,No Failure
M-02109,E-00058,U-040,Inspection,2026-01-06,2026-01-14,12,19525.29,Completed,Mechanical
M-02110,E-01378,U-011,Corrective,2025-10-25,2025-11-04,9,4616.73,Completed,Mechanical
M-02111,E-00334,U-007,Inspection,2025-01-18,2025-01-27,10,20434.28,Overdue,Power
M-02112,E-01117,U-047,Corrective,2026-02-21,2026-02-26,2,20912.4,Overdue,Electrical
M-02113,E-00357,U-019,Corrective,2025-11-29,2025-11-30,12,8115.39,In Progress,No Failure
M-02114,E-01242,U-033,Inspection,2025-02-19,2025-02-23,15,9556.92,In Progress,Electrical
M-02115,E-00005,U-005,Inspection,2026-03-30,2026-04-06,1,24680.26,Overdue,Electrical
M-02116,E-00190,U-022,Inspection,2026-03-10,2026-03-15,4,5675.73,In Progress,No Failure
M-02117,E-00352,U-038,Corrective,2026-07-09,2026-07-18,7,9806.99,Overdue,Mechanical
M-02118,E-01591,U-002,Inspection,2026-01-04,2026-01-10,18,24250.33,In Progress,Electrical
M-02119,E-01510,U-052,Inspection,2025-03-05,2025-03-12,5,22211.81,In Progress,Software
M-02120,E-01718,U-016,Corrective,2025-04-24,2025-05-01,9,15151.76,In Progress,No Failure
M-02121,E-01743,U-046,Inspection,2026-06-21,2026-06-24,16,10905.58,Completed,No Failure
M-02122,E-00348,U-039,Corrective,2025-08-19,2025-08-21,5,1164.57,Overdue,Mechanical
M-02123,E-00749,U-034,Inspection,2026-01-28,2026-01-30,11,23811.29,In Progress,Power
M-02124,E-01442,U-052,Inspection,2025-09-25,2025-09-30,7,14280.49,Overdue,Electrical
M-02125,E-00411,U-033,Corrective,2025-07-29,2025-08-04,17,17527.26,In Progress,Software
M-02126,E-01419,U-027,Preventive,2025-03-29,2025-04-10,18,18519.04,Overdue,Software
M-02127,E-01020,U-005,Preventive,2025-01-03,2025-01-12,17,2669.9,Overdue,No Failure
M-02128,E-00246,U-017,Preventive,2025-08-25,2025-09-02,11,21996.61,Completed,Power
M-02129,E-00414,U-020,Corrective,2025-04-07,2025-04-11,6,7249.39,Overdue,Electrical
M-02130,E-00026,U-045,Preventive,2026-04-22,2026-04-25,16,12828.99,Overdue,Electrical
M-02131,E-00492,U-055,Inspection,2025-09-09,2025-09-18,16,19106.83,Overdue,No Failure
M-02132,E-01724,U-002,Inspection,2026-06-09,2026-06-11,7,17039.12,Completed,Power
M-02133,E-01509,U-025,Inspection,2025-02-21,2025-02-24,6,22040.15,In Progress,Mechanical
M-02134,E-01064,U-044,Inspection,2025-10-28,2025-11-09,8,21607.37,Completed,Software
M-02135,E-01006,U-037,Inspection,2026-06-12,2026-06-14,14,22077.33,Overdue,Mechanical
M-02136,E-00975,U-032,Preventive,2025-04-25,2025-04-30,5,16881.09,In Progress,Software
M-02137,E-01211,U-021,Preventive,2025-01-18,2025-01-30,6,13024.66,Completed,Power
M-02138,E-00564,U-037,Corrective,2025-04-10,2025-04-11,4,13709.79,Overdue,Power
M-02139,E-01745,U-018,Preventive,2025-04-08,2025-04-16,16,17061.13,Completed,Mechanical
M-02140,E-00072,U-051,Preventive,2025-08-18,2025-08-24,16,14562.34,In Progress,No Failure
M-02141,E-01020,U-005,Preventive,2025-08-17,2025-08-21,12,13253.62,Completed,Electrical
M-02142,E-01026,U-054,Preventive,2025-06-17,2025-06-18,3,15890.18,In Progress,Power
M-02143,E-01256,U-051,Inspection,2026-05-14,2026-05-21,18,9516.43,In Progress,Electrical
M-02144,E-00360,U-057,Preventive,2025-03-25,2025-04-01,15,712.94,Completed,Electrical
M-02145,E-00337,U-038,Inspection,2025-02-14,2025-02-17,4,20674.44,In Progress,No Failure
M-02146,E-00937,U-044,Corrective,2026-01-22,2026-01-27,11,16861.55,Completed,Electrical
M-02147,E-00313,U-038,Preventive,2026-08-12,2026-08-14,8,22271.57,In Progress,No Failure
M-02148,E-01297,U-043,Preventive,2025-04-13,2025-04-17,9,6779.02,Overdue,Electrical
M-02149,E-01110,U-052,Preventive,2025-12-01,2025-12-11,5,20586.33,Completed,Software
M-02150,E-00585,U-045,Inspection,2026-06-05,2026-06-15,9,9221.3,Overdue,Software
M-02151,E-00570,U-035,Preventive,2026-03-26,2026-04-01,10,11921.77,Completed,No Failure
M-02152,E-00592,U-048,Corrective,2026-05-17,2026-05-22,5,17132.75,In Progress,Mechanical
M-02153,E-00844,U-045,Inspection,2025-08-25,2025-08-30,1,23562.34,In Progress,Mechanical
M-02154,E-00207,U-007,Corrective,2025-10-18,2025-10-23,10,10805.79,In Progress,Electrical
M-02155,E-00634,U-058,Preventive,2026-06-14,2026-06-19,11,4421.25,Completed,Software
M-02156,E-01549,U-029,Inspection,2026-06-08,2026-06-19,13,7800.78,In Progress,No Failure
M-02157,E-01148,U-005,Preventive,2025-08-23,2025-08-28,8,24539.44,In Progress,Software
M-02158,E-00602,U-011,Preventive,2025-06-08,2025-06-12,4,5983.34,In Progress,Software
M-02159,E-01265,U-010,Corrective,2026-05-27,2026-06-01,17,5860.33,Completed,Electrical
M-02160,E-00994,U-004,Preventive,2026-05-11,2026-05-23,15,18576.41,In Progress,Mechanical
M-02161,E-01712,U-030,Preventive,2025-06-05,2025-06-10,4,4522.12,In Progress,No Failure
M-02162,E-01468,U-025,Inspection,2025-07-28,2025-08-08,7,7238.83,Completed,Power
M-02163,E-00590,U-060,Preventive,2026-05-02,2026-05-05,8,24379.09,In Progress,Power
M-02164,E-00090,U-023,Corrective,2026-04-01,2026-04-03,16,8965.67,In Progress,No Failure
M-02165,E-01382,U-018,Corrective,2025-02-23,2025-02-27,6,6251.15,Overdue,Software
M-02166,E-01360,U-036,Corrective,2026-07-23,2026-07-31,7,6039.79,In Progress,Power
M-02167,E-00199,U-015,Inspection,2025-01-01,2025-01-07,17,5135.15,Overdue,Electrical
M-02168,E-00749,U-034,Inspection,2025-12-31,2026-01-09,6,24248.9,Completed,Power
M-02169,E-00180,U-009,Inspection,2026-06-25,2026-06-30,12,22035.98,Overdue,No Failure
M-02170,E-01141,U-037,Corrective,2026-06-20,2026-06-29,17,24344.35,Overdue,No Failure
M-02171,E-01081,U-028,Preventive,2025-05-06,2025-05-16,9,4942.93,Completed,Electrical
M-02172,E-01676,U-012,Preventive,2026-07-28,2026-08-02,5,19610.68,Completed,Electrical
M-02173,E-00523,U-003,Preventive,2025-07-14,2025-07-25,11,8815.35,In Progress,Power
M-02174,E-00385,U-011,Inspection,2025-10-18,2025-10-29,15,17951.03,Overdue,Electrical
M-02175,E-00262,U-022,Corrective,2025-01-13,2025-01-14,7,5038.48,Completed,Mechanical
M-02176,E-01588,U-043,Inspection,2025-07-20,2025-07-21,1,15516.26,Completed,Electrical
M-02177,E-00461,U-033,Corrective,2025-04-25,2025-04-29,8,3777.55,Overdue,Power
M-02178,E-00008,U-025,Inspection,2026-06-13,2026-06-24,16,19240.09,Completed,Mechanical
M-02179,E-00522,U-040,Inspection,2026-05-07,2026-05-11,1,23108.39,Completed,Power
M-02180,E-00172,U-060,Corrective,2025-06-21,2025-06-29,18,23589.64,In Progress,Software
M-02181,E-00160,U-023,Preventive,2025-02-21,2025-02-26,4,14438.09,Overdue,Power
M-02182,E-00965,U-056,Corrective,2025-06-16,2025-06-21,12,4823.81,Completed,Electrical
M-02183,E-00787,U-015,Inspection,2026-08-08,2026-08-19,3,9213.73,Overdue,Power
M-02184,E-00175,U-006,Inspection,2025-04-03,2025-04-11,16,12914.93,In Progress,No Failure
M-02185,E-00873,U-049,Corrective,2026-02-20,2026-02-21,4,22041.08,Completed,No Failure
M-02186,E-00763,U-014,Corrective,2025-10-10,2025-10-11,5,11935.88,In Progress,No Failure
M-02187,E-00240,U-057,Preventive,2025-05-10,2025-05-12,13,3871.59,In Progress,Mechanical
M-02188,E-00189,U-005,Preventive,2025-01-26,2025-01-27,7,9955.42,In Progress,Software
M-02189,E-00715,U-044,Corrective,2026-04-28,2026-05-02,16,24846.32,Completed,Software
M-02190,E-00554,U-027,Inspection,2026-04-07,2026-04-09,18,7102.34,In Progress,Software
M-02191,E-00153,U-009,Preventive,2026-02-02,2026-02-03,6,3125.3,Overdue,No Failure
M-02192,E-01098,U-050,Preventive,2025-06-12,2025-06-19,7,24567.05,In Progress,Power
M-02193,E-00677,U-054,Preventive,2025-04-26,2025-04-29,17,23388.68,Overdue,Power
M-02194,E-01546,U-008,Preventive,2025-03-30,2025-04-02,13,4245.69,In Progress,No Failure
M-02195,E-00744,U-039,Corrective,2025-02-07,2025-02-15,10,14146.35,Completed,Mechanical
M-02196,E-00328,U-042,Inspection,2025-06-06,2025-06-09,11,7393.1,In Progress,Mechanical
M-02197,E-01673,U-028,Corrective,2025-10-13,2025-10-20,8,20387.75,In Progress,Software
M-02198,E-00189,U-005,Corrective,2025-11-01,2025-11-07,2,5554.41,In Progress,Power
M-02199,E-00728,U-035,Preventive,2025-10-16,2025-10-20,15,4400.58,In Progress,Electrical
M-02200,E-00869,U-021,Corrective,2026-04-08,2026-04-20,5,4600.41,Overdue,Electrical
