personnel_id,unit_id,rank,role,specialization,training_status,training_completion_percentage,deployment_status,joining_date
P-00001,U-016,Senior,Analyst,Planning,In Progress,67.0,Deployed,2018-10-25
P-00002,U-001,Junior,Operator,Maintenance,In Progress,75.6,Training,2020-12-22
P-00003,U-009,Junior,Engineer,Operations,Complete,97.0,Deployed,2019-10-09
P-00004,U-029,Lead,Logistics,Systems,Complete,92.5,Training,2024-03-21
P-00005,U-020,Junior,Engineer,Operations,Complete,96.9,Available,2019-03-15
P-00006,U-048,Lead,Analyst,Maintenance,In Progress,79.9,Training,2021-11-05
P-00007,U-014,Lead,Logistics,Planning,In Progress,85.9,Deployed,2018-07-28
P-00008,U-006,Lead,Operator,Systems,In Progress,83.5,Deployed,2019-06-20
P-00009,U-041,Senior,Medic,Planning,Complete,99.1,Training,2018-02-09
P-00010,U-008,Senior,Logistics,Systems,In Progress,58.4,Deployed,2024-07-13
P-00011,U-036,Senior,Operator,Operations,In Progress,61.7,Deployed,2018-06-13
P-00012,U-058,Senior,Operator,Operations,In Progress,71.1,Training,2022-07-23
P-00013,U-040,Senior,Engineer,Maintenance,In Progress,88.7,Deployed,2018-04-12
P-00014,U-012,Lead,Medic,Maintenance,In Progress,88.1,Deployed,2019-10-15
P-00015,U-051,Officer,Operator,Planning,In Progress,86.6,Available,2020-03-28
P-00016,U-053,Lead,Analyst,Maintenance,Complete,96.3,Available,2018-04-07
P-00017,U-043,Lead,Analyst,Systems,In Progress,63.7,Deployed,2021-12-09
P-00018,U-042,Lead,Operator,Systems,In Progress,77.9,Deployed,2020-01-02
P-00019,U-038,Lead,Operator,Systems,Complete,98.3,Training,2022-11-15
P-00020,U-023,Lead,Medic,Systems,In Progress,87.8,Deployed,2024-06-19
P-00021,U-013,Officer,Operator,Maintenance,In Progress,66.5,Deployed,2022-11-02
P-00022,U-005,Lead,Logistics,Operations,Complete,97.7,Training,2019-05-26
P-00023,U-047,Lead,Medic,Operations,Complete,95.5,Deployed,2025-10-26
P-00024,U-019,Senior,Medic,Planning,In Progress,79.9,Training,2019-12-14
P-00025,U-040,Officer,Logistics,Systems,In Progress,80.6,Deployed,2021-03-21
P-00026,U-014,Lead,Medic,Planning,In Progress,74.3,Deployed,2025-07-30
P-00027,U-014,Senior,Operator,Operations,In Progress,78.0,Training,2025-06-12
P-00028,U-041,Junior,Engineer,Operations,In Progress,82.9,Available,2020-03-26
P-00029,U-010,Senior,Medic,Systems,In Progress,56.1,Deployed,2022-08-25
P-00030,U-057,Senior,Medic,Planning,In Progress,83.3,Deployed,2020-09-26
P-00031,U-010,Junior,Operator,Planning,In Progress,84.5,Available,2019-12-22
P-00032,U-052,Officer,Operator,Maintenance,Complete,98.1,Available,2023-02-13
P-00033,U-009,Lead,Medic,Planning,Complete,91.1,Training,2023-01-01
P-00034,U-058,Officer,Medic,Operations,In Progress,62.2,Available,2025-02-24
P-00035,U-018,Officer,Engineer,Operations,In Progress,89.5,Deployed,2018-11-14
P-00036,U-046,Lead,Analyst,Operations,In Progress,67.9,Training,2018-11-27
P-00037,U-009,Officer,Engineer,Maintenance,In Progress,61.8,Available,2022-08-27
P-00038,U-027,Officer,Medic,Systems,In Progress,69.9,Available,2022-09-17
P-00039,U-025,Junior,Logistics,Planning,Complete,95.7,Deployed,2018-01-25
P-00040,U-023,Officer,Medic,Maintenance,In Progress,68.4,Deployed,2020-06-17
P-00041,U-018,Junior,Medic,Operations,In Progress,74.6,Training,2025-08-13
P-00042,U-052,Senior,Medic,Maintenance,In Progress,73.2,Training,2023-12-28
P-00043,U-002,Junior,Operator,Planning,Complete,95.8,Available,2023-03-07
P-00044,U-012,Officer,Analyst,Maintenance,In Progress,57.3,Deployed,2021-08-31
P-00045,U-022,Officer,Analyst,Planning,In Progress,89.3,Deployed,2018-12-02
P-00046,U-031,Junior,Analyst,Maintenance,In Progress,55.9,Training,2018-10-09
P-00047,U-050,Junior,Operator,Maintenance,Complete,98.1,Available,2018-03-25
P-00048,U-040,Senior,Medic,Systems,In Progress,61.9,Training,2020-06-11
P-00049,U-030,Lead,Engineer,Systems,In Progress,86.5,Available,2021-06-28
P-00050,U-007,Lead,Logistics,Planning,In Progress,81.0,Deployed,2026-01-07
P-00051,U-013,Senior,Operator,Operations,In Progress,58.4,Training,2024-09-25
P-00052,U-052,Junior,Analyst,Planning,In Progress,60.4,Training,2022-02-26
P-00053,U-005,Lead,Operator,Planning,In Progress,77.8,Deployed,2019-03-09
P-00054,U-028,Officer,Engineer,Planning,Complete,98.2,Available,2023-11-08
P-00055,U-042,Officer,Medic,Planning,In Progress,67.2,Training,2024-08-23
P-00056,U-018,Senior,Operator,Operations,In Progress,69.5,Deployed,2020-09-25
P-00057,U-049,Officer,Analyst,Systems,In Progress,75.9,Deployed,2021-08-24
P-00058,U-012,Lead,Analyst,Operations,In Progress,76.9,Deployed,2024-09-07
P-00059,U-045,Junior,Logistics,Maintenance,Complete,94.6,Available,2020-09-15
P-00060,U-047,Senior,Medic,Planning,In Progress,73.3,Deployed,2018-03-12
P-00061,U-006,Officer,Engineer,Operations,In Progress,68.2,Training,2024-07-10
P-00062,U-024,Lead,Medic,Operations,In Progress,76.3,Deployed,2025-11-18
P-00063,U-030,Lead,Engineer,Systems,In Progress,67.2,Training,2020-02-28
P-00064,U-021,Senior,Engineer,Maintenance,In Progress,60.4,Training,2023-06-07
P-00065,U-018,Lead,Operator,Maintenance,In Progress,87.6,Deployed,2020-07-20
P-00066,U-024,Junior,Logistics,Maintenance,In Progress,63.1,Deployed,2018-07-06
P-00067,U-004,Senior,Medic,Systems,In Progress,79.9,Available,2024-06-09
P-00068,U-019,Officer,Analyst,Maintenance,In Progress,76.1,Available,2020-10-31
P-00069,U-056,Junior,Medic,Planning,In Progress,76.5,Available,2024-06-21
P-00070,U-041,Senior,Engineer,Operations,In Progress,85.9,Available,2020-10-13
P-00071,U-008,Officer,Logistics,Maintenance,In Progress,80.1,Training,2022-04-08
P-00072,U-029,Lead,Logistics,Planning,Complete,95.9,Deployed,2024-05-18
P-00073,U-040,Junior,Engineer,Maintenance,In Progress,57.7,Deployed,2025-05-29
P-00074,U-006,Senior,Logistics,Systems,In Progress,62.1,Available,2018-01-11
P-00075,U-027,Officer,Analyst,Systems,In Progress,75.3,Available,2021-03-26
P-00076,U-046,Officer,Operator,Maintenance,In Progress,67.7,Deployed,2025-01-04
P-00077,U-038,Senior,Medic,Systems,In Progress,84.8,Training,2020-07-09
P-00078,U-042,Lead,Engineer,Systems,In Progress,61.7,Available,2019-11-11
P-00079,U-051,Lead,Medic,Systems,In Progress,68.8,Deployed,2025-09-21
P-00080,U-020,Lead,Logistics,Planning,In Progress,86.5,Deployed,2018-11-26
P-00081,U-039,Officer,Analyst,Operations,In Progress,56.8,Available,2019-01-10
P-00082,U-015,Junior,Analyst,Systems,Complete,98.3,Available,2023-04-12
P-00083,U-034,Lead,Engineer,Planning,In Progress,84.3,Training,2023-07-08
P-00084,U-006,Officer,Analyst,Operations,In Progress,76.2,Training,2019-03-05
P-00085,U-055,Officer,Medic,Operations,In Progress,62.2,Training,2022-06-29
P-00086,U-053,Junior,Medic,Systems,In Progress,89.2,Deployed,2020-10-30
P-00087,U-021,Officer,Logistics,Systems,In Progress,60.2,Training,2024-02-01
P-00088,U-030,Senior,Logistics,Operations,In Progress,73.6,Training,2023-08-04
P-00089,U-041,Junior,Engineer,Operations,In Progress,74.9,Training,2019-06-21
P-00090,U-060,Officer,Operator,Systems,In Progress,68.0,Training,2024-10-29
P-00091,U-052,Senior,Analyst,Systems,In Progress,65.8,Training,2022-07-30
P-00092,U-006,Junior,Medic,Systems,In Progress,65.1,Training,2019-09-23
P-00093,U-032,Lead,Logistics,Operations,Complete,97.0,Deployed,2023-05-31
P-00094,U-031,Senior,Medic,Maintenance,In Progress,66.0,Training,2023-09-13
P-00095,U-048,Junior,Analyst,Planning,Complete,94.6,Deployed,2023-09-11
P-00096,U-018,Lead,Analyst,Planning,Complete,91.9,Available,2023-01-04
P-00097,U-035,Lead,Logistics,Planning,In Progress,76.8,Deployed,2021-08-11
P-00098,U-056,Senior,Logistics,Planning,In Progress,63.5,Available,2022-08-10
P-00099,U-003,Officer,Medic,Planning,In Progress,69.3,Training,2025-04-24
P-00100,U-010,Junior,Engineer,Operations,In Progress,77.3,Available,2022-12-09
P-00101,U-007,Officer,Operator,Maintenance,In Progress,78.7,Deployed,2025-05-05
P-00102,U-010,Lead,Analyst,Planning,In Progress,58.4,Training,2018-11-25
P-00103,U-055,Officer,Analyst,Planning,In Progress,69.8,Training,2018-05-28
P-00104,U-040,Lead,Engineer,Systems,In Progress,58.1,Deployed,2019-02-08
P-00105,U-049,Junior,Medic,Maintenance,In Progress,83.5,Training,2021-05-11
P-00106,U-058,Lead,Operator,Operations,In Progress,56.3,Deployed,2022-03-16
P-00107,U-028,Officer,Logistics,Maintenance,In Progress,61.6,Available,2019-12-19
P-00108,U-006,Officer,Logistics,Maintenance,In Progress,82.4,Deployed,2024-07-16
P-00109,U-010,Lead,Medic,Operations,In Progress,65.4,Training,2018-02-08
P-00110,U-058,Lead,Logistics,Maintenance,Complete,91.2,Available,2022-12-15
P-00111,U-023,Lead,Medic,Operations,Complete,99.4,Deployed,2021-05-22
P-00112,U-013,Officer,Operator,Maintenance,Complete,100.0,Deployed,2024-05-31
P-00113,U-023,Lead,Operator,Planning,In Progress,80.9,Deployed,2018-02-03
P-00114,U-037,Junior,Logistics,Planning,Complete,93.9,Deployed,2020-07-31
P-00115,U-039,Senior,Engineer,Operations,Complete,91.1,Training,2026-01-31
P-00116,U-050,Senior,Operator,Systems,In Progress,84.7,Deployed,2022-12-11
P-00117,U-003,Senior,Operator,Operations,In Progress,81.1,Deployed,2022-08-29
P-00118,U-012,Lead,Logistics,Operations,In Progress,64.0,Available,2020-11-18
P-00119,U-059,Officer,Analyst,Operations,Complete,92.1,Available,2023-04-03
P-00120,U-005,Senior,Medic,Operations,In Progress,61.3,Available,2022-06-05
P-00121,U-001,Junior,Medic,Operations,In Progress,66.9,Training,2025-07-16
P-00122,U-017,Lead,Operator,Maintenance,In Progress,81.3,Deployed,2018-04-13
P-00123,U-040,Lead,Logistics,Maintenance,Complete,94.8,Training,2018-09-16
P-00124,U-041,Lead,Medic,Systems,Complete,92.1,Available,2018-07-05
P-00125,U-003,Officer,Operator,Systems,In Progress,68.7,Available,2024-01-11
P-00126,U-009,Lead,Logistics,Planning,In Progress,72.5,Training,2026-02-24
P-00127,U-010,Junior,Medic,Planning,Complete,94.8,Deployed,2018-05-15
P-00128,U-045,Officer,Medic,Maintenance,In Progress,71.7,Deployed,2019-02-11
P-00129,U-044,Lead,Operator,Planning,In Progress,71.5,Deployed,2020-02-17
P-00130,U-008,Officer,Operator,Maintenance,Complete,97.7,Training,2025-03-04
P-00131,U-039,Junior,Analyst,Maintenance,Complete,98.7,Available,2024-05-01
P-00132,U-014,Senior,Logistics,Maintenance,In Progress,58.1,Available,2021-09-07
P-00133,U-050,Junior,Analyst,Maintenance,In Progress,61.6,Available,2024-01-22
P-00134,U-017,Junior,Operator,Maintenance,Complete,90.9,Available,2022-01-07
P-00135,U-051,Lead,Operator,Maintenance,Complete,90.5,Deployed,2018-08-03
P-00136,U-009,Junior,Operator,Planning,In Progress,88.4,Deployed,2022-01-22
P-00137,U-033,Officer,Logistics,Maintenance,In Progress,81.7,Training,2018-06-27
P-00138,U-047,Lead,Medic,Systems,Complete,90.2,Available,2023-05-16
P-00139,U-055,Junior,Medic,Planning,In Progress,73.1,Available,2018-11-27
P-00140,U-021,Junior,Engineer,Operations,In Progress,82.4,Training,2025-02-06
P-00141,U-038,Lead,Medic,Operations,In Progress,79.7,Deployed,2023-09-02
P-00142,U-039,Junior,Logistics,Maintenance,In Progress,74.4,Deployed,2023-01-24
P-00143,U-057,Lead,Medic,Planning,In Progress,65.3,Deployed,2026-03-08
P-00144,U-007,Lead,Analyst,Operations,In Progress,69.1,Available,2025-09-14
P-00145,U-060,Junior,Operator,Systems,In Progress,76.3,Deployed,2019-01-31
P-00146,U-048,Senior,Logistics,Systems,In Progress,88.2,Training,2024-04-19
P-00147,U-036,Junior,Medic,Operations,In Progress,69.8,Training,2022-09-29
P-00148,U-056,Junior,Analyst,Operations,Complete,96.2,Deployed,2019-03-01
P-00149,U-037,Senior,Medic,Maintenance,In Progress,77.8,Available,2021-12-05
P-00150,U-055,Junior,Analyst,Maintenance,In Progress,80.0,Deployed,2024-04-16
P-00151,U-050,Junior,Logistics,Operations,Complete,91.8,Available,2020-01-09
P-00152,U-018,Lead,Analyst,Operations,In Progress,86.6,Available,2020-01-14
P-00153,U-056,Officer,Operator,Maintenance,In Progress,61.4,Training,2025-02-06
P-00154,U-002,Senior,Medic,Planning,In Progress,59.1,Deployed,2021-10-28
P-00155,U-011,Lead,Logistics,Systems,In Progress,71.7,Available,2019-09-30
P-00156,U-011,Junior,Operator,Operations,In Progress,88.9,Deployed,2025-06-04
P-00157,U-028,Officer,Medic,Operations,In Progress,76.9,Available,2023-09-30
P-00158,U-008,Junior,Analyst,Planning,In Progress,70.5,Training,2025-06-25
P-00159,U-020,Officer,Logistics,Systems,In Progress,57.0,Available,2020-04-17
P-00160,U-020,Senior,Analyst,Operations,Complete,97.5,Deployed,2019-05-07
P-00161,U-001,Officer,Engineer,Maintenance,In Progress,77.4,Deployed,2023-12-22
P-00162,U-046,Lead,Operator,Planning,In Progress,65.4,Training,2018-06-23
P-00163,U-028,Junior,Analyst,Planning,In Progress,55.8,Training,2022-07-15
P-00164,U-046,Lead,Operator,Planning,In Progress,83.8,Available,2021-08-23
P-00165,U-011,Officer,Analyst,Systems,Complete,91.1,Deployed,2019-03-10
P-00166,U-016,Officer,Logistics,Systems,In Progress,74.6,Deployed,2021-06-24
P-00167,U-048,Lead,Engineer,Systems,In Progress,70.3,Training,2025-02-06
P-00168,U-008,Senior,Analyst,Operations,In Progress,78.9,Training,2025-03-28
P-00169,U-053,Junior,Engineer,Operations,In Progress,61.6,Available,2019-12-12
P-00170,U-039,Junior,Engineer,Planning,In Progress,61.9,Deployed,2024-04-28
P-00171,U-049,Lead,Analyst,Maintenance,In Progress,81.1,Deployed,2018-10-07
P-00172,U-031,Lead,Analyst,Systems,In Progress,74.9,Deployed,2023-09-10
P-00173,U-005,Officer,Operator,Systems,In Progress,69.0,Deployed,2021-03-21
P-00174,U-005,Junior,Logistics,Planning,In Progress,84.0,Deployed,2024-07-05
P-00175,U-036,Junior,Medic,Maintenance,Complete,97.9,Deployed,2024-10-14
P-00176,U-031,Junior,Medic,Systems,In Progress,77.6,Deployed,2026-01-04
P-00177,U-006,Senior,Operator,Maintenance,In Progress,77.7,Training,2022-11-29
P-00178,U-029,Senior,Analyst,Operations,In Progress,78.6,Deployed,2022-05-06
P-00179,U-027,Junior,Analyst,Systems,In Progress,89.9,Deployed,2019-01-23
P-00180,U-036,Lead,Analyst,Maintenance,In Progress,85.5,Deployed,2018-11-30
P-00181,U-038,Lead,Analyst,Planning,In Progress,84.9,Available,2024-09-03
P-00182,U-046,Lead,Logistics,Planning,Complete,97.2,Training,2021-09-07
P-00183,U-053,Junior,Medic,Operations,In Progress,60.8,Available,2022-01-25
P-00184,U-020,Senior,Analyst,Planning,In Progress,63.1,Available,2020-07-16
P-00185,U-009,Lead,Operator,Systems,In Progress,62.0,Training,2021-10-11
P-00186,U-057,Senior,Logistics,Planning,In Progress,89.5,Available,2019-10-27
P-00187,U-012,Senior,Medic,Systems,Complete,92.4,Deployed,2022-02-01
P-00188,U-044,Officer,Logistics,Operations,In Progress,87.4,Training,2023-01-13
P-00189,U-015,Lead,Medic,Maintenance,In Progress,79.0,Deployed,2025-08-10
P-00190,U-037,Officer,Analyst,Planning,Complete,99.3,Training,2023-12-01
P-00191,U-027,Senior,Logistics,Maintenance,Complete,98.5,Deployed,2018-08-02
P-00192,U-042,Lead,Logistics,Systems,In Progress,76.6,Training,2023-10-15
P-00193,U-055,Junior,Engineer,Operations,In Progress,60.6,Deployed,2023-10-04
P-00194,U-010,Junior,Engineer,Planning,Complete,92.4,Deployed,2018-04-20
P-00195,U-027,Lead,Engineer,Planning,In Progress,57.4,Available,2022-03-16
P-00196,U-015,Junior,Analyst,Maintenance,In Progress,56.3,Available,2018-06-06
P-00197,U-019,Officer,Engineer,Planning,Complete,96.3,Deployed,2024-11-25
P-00198,U-001,Junior,Analyst,Maintenance,Complete,95.8,Available,2024-02-26
P-00199,U-047,Officer,Operator,Operations,In Progress,82.4,Available,2021-05-18
P-00200,U-008,Officer,Logistics,Planning,In Progress,57.1,Available,2019-03-31
P-00201,U-054,Junior,Logistics,Maintenance,Complete,95.7,Training,2019-08-12
P-00202,U-019,Lead,Engineer,Planning,In Progress,74.3,Available,2025-06-14
P-00203,U-043,Lead,Operator,Systems,In Progress,58.9,Deployed,2023-04-10
P-00204,U-003,Lead,Analyst,Systems,In Progress,83.6,Deployed,2018-10-04
P-00205,U-023,Junior,Logistics,Operations,In Progress,65.9,Available,2018-07-01
P-00206,U-023,Senior,Medic,Planning,In Progress,79.6,Training,2020-01-17
P-00207,U-052,Officer,Operator,Operations,In Progress,61.1,Available,2018-06-29
P-00208,U-051,Junior,Analyst,Operations,In Progress,64.0,Training,2022-06-20
P-00209,U-053,Lead,Operator,Maintenance,In Progress,79.4,Deployed,2022-01-02
P-00210,U-056,Lead,Analyst,Systems,Complete,90.1,Deployed,2022-11-25
P-00211,U-057,Officer,Medic,Operations,In Progress,73.0,Available,2023-07-26
P-00212,U-045,Lead,Operator,Planning,In Progress,77.4,Available,2022-10-30
P-00213,U-039,Senior,Logistics,Operations,Complete,99.8,Deployed,2019-02-25
P-00214,U-006,Lead,Analyst,Planning,In Progress,69.8,Training,2026-01-18
P-00215,U-028,Officer,Analyst,Planning,In Progress,62.5,Available,2026-02-25
P-00216,U-056,Officer,Analyst,Systems,Complete,96.0,Available,2025-07-12
P-00217,U-041,Senior,Operator,Maintenance,In Progress,73.3,Training,2025-08-09
P-00218,U-051,Senior,Operator,Maintenance,In Progress,74.7,Training,2022-02-09
P-00219,U-024,Junior,Logistics,Maintenance,In Progress,72.2,Training,2023-01-17
P-00220,U-024,Junior,Logistics,Maintenance,In Progress,71.7,Training,2022-02-12
P-00221,U-026,Lead,Engineer,Systems,In Progress,69.1,Available,2020-02-02
P-00222,U-032,Junior,Analyst,Operations,In Progress,78.3,Training,2023-01-02
P-00223,U-014,Lead,Medic,Maintenance,Complete,99.8,Available,2019-07-10
P-00224,U-055,Senior,Medic,Systems,In Progress,58.3,Training,2021-08-02
P-00225,U-043,Junior,Logistics,Operations,In Progress,70.6,Deployed,2019-10-08
P-00226,U-046,Senior,Analyst,Maintenance,In Progress,86.9,Available,2020-04-03
P-00227,U-051,Officer,Operator,Operations,In Progress,61.2,Training,2024-06-02
P-00228,U-024,Senior,Logistics,Systems,In Progress,76.0,Available,2021-06-20
P-00229,U-026,Officer,Logistics,Planning,Complete,100.0,Deployed,2024-06-12
P-00230,U-005,Lead,Operator,Planning,In Progress,60.6,Deployed,2025-08-17
P-00231,U-034,Senior,Engineer,Planning,In Progress,70.5,Training,2018-08-15
P-00232,U-054,Senior,Analyst,Maintenance,In Progress,60.6,Available,2021-08-14
P-00233,U-060,Lead,Logistics,Operations,In Progress,86.9,Available,2020-10-23
P-00234,U-013,Lead,Engineer,Operations,In Progress,83.6,Training,2023-12-26
P-00235,U-006,Senior,Logistics,Maintenance,In Progress,77.6,Available,2025-05-22
P-00236,U-040,Lead,Logistics,Systems,In Progress,87.4,Available,2018-11-29
P-00237,U-003,Lead,Engineer,Planning,Complete,97.7,Training,2025-03-02
P-00238,U-002,Lead,Analyst,Planning,In Progress,77.4,Available,2025-09-06
P-00239,U-026,Junior,Operator,Maintenance,In Progress,68.4,Deployed,2022-08-30
P-00240,U-031,Lead,Logistics,Maintenance,In Progress,75.9,Deployed,2026-01-21
P-00241,U-021,Lead,Medic,Maintenance,In Progress,88.0,Deployed,2023-10-11
P-00242,U-036,Senior,Medic,Systems,In Progress,59.8,Deployed,2023-01-16
P-00243,U-016,Junior,Analyst,Planning,In Progress,61.3,Training,2022-09-09
P-00244,U-016,Senior,Analyst,Operations,Complete,98.3,Available,2019-10-15
P-00245,U-032,Officer,Medic,Operations,Complete,99.8,Deployed,2018-04-05
P-00246,U-006,Officer,Engineer,Maintenance,Complete,97.5,Training,2021-12-16
P-00247,U-004,Officer,Logistics,Planning,In Progress,57.3,Deployed,2024-01-08
P-00248,U-001,Officer,Engineer,Operations,Complete,93.1,Training,2022-02-07
P-00249,U-049,Junior,Medic,Systems,In Progress,73.1,Training,2024-04-20
P-00250,U-013,Lead,Operator,Planning,In Progress,71.3,Training,2023-01-19
P-00251,U-049,Junior,Engineer,Systems,In Progress,79.7,Deployed,2022-03-09
P-00252,U-051,Lead,Engineer,Maintenance,Complete,99.4,Training,2023-09-17
P-00253,U-026,Junior,Operator,Maintenance,In Progress,77.5,Training,2021-09-26
P-00254,U-052,Officer,Engineer,Maintenance,In Progress,76.3,Deployed,2024-11-16
P-00255,U-021,Lead,Logistics,Operations,In Progress,62.3,Training,2023-09-19
P-00256,U-035,Lead,Medic,Systems,In Progress,77.0,Deployed,2021-09-18
P-00257,U-044,Officer,Logistics,Operations,In Progress,59.9,Training,2025-09-19
P-00258,U-041,Officer,Analyst,Maintenance,In Progress,56.2,Training,2018-07-30
P-00259,U-038,Officer,Engineer,Maintenance,In Progress,76.6,Available,2024-06-03
P-00260,U-045,Junior,Medic,Operations,In Progress,59.9,Deployed,2019-09-13
P-00261,U-027,Officer,Logistics,Planning,In Progress,86.1,Training,2026-02-27
P-00262,U-004,Senior,Logistics,Operations,In Progress,86.8,Training,2023-05-14
P-00263,U-034,Senior,Medic,Operations,In Progress,72.0,Training,2021-12-22
P-00264,U-044,Lead,Logistics,Planning,In Progress,89.7,Available,2020-10-06
P-00265,U-018,Senior,Analyst,Operations,In Progress,80.1,Training,2020-04-29
P-00266,U-045,Lead,Medic,Operations,In Progress,86.7,Training,2026-02-03
P-00267,U-018,Officer,Medic,Operations,In Progress,68.0,Available,2021-04-04
P-00268,U-003,Junior,Analyst,Planning,In Progress,67.9,Training,2020-11-16
P-00269,U-048,Senior,Logistics,Operations,In Progress,76.6,Training,2025-10-22
P-00270,U-018,Senior,Engineer,Systems,In Progress,61.2,Training,2023-12-16
P-00271,U-015,Junior,Operator,Planning,In Progress,83.7,Deployed,2026-01-17
P-00272,U-031,Senior,Operator,Maintenance,In Progress,59.5,Deployed,2025-04-28
P-00273,U-060,Officer,Medic,Maintenance,Complete,94.6,Deployed,2021-08-08
P-00274,U-019,Junior,Logistics,Maintenance,In Progress,84.1,Training,2026-02-09
P-00275,U-055,Senior,Medic,Maintenance,Complete,97.2,Available,2022-06-15
P-00276,U-051,Lead,Operator,Systems,In Progress,77.3,Deployed,2024-05-15
P-00277,U-039,Lead,Analyst,Planning,In Progress,59.8,Training,2024-02-04
P-00278,U-034,Senior,Logistics,Planning,In Progress,77.2,Deployed,2020-02-29
P-00279,U-052,Senior,Medic,Operations,In Progress,60.1,Training,2020-02-02
P-00280,U-001,Lead,Logistics,Maintenance,In Progress,88.1,Available,2024-11-07
P-00281,U-055,Officer,Medic,Operations,In Progress,83.7,Available,2022-06-30
P-00282,U-043,Senior,Medic,Operations,In Progress,59.3,Available,2018-01-28
P-00283,U-017,Officer,Analyst,Operations,In Progress,72.3,Deployed,2024-07-13
P-00284,U-047,Lead,Analyst,Maintenance,In Progress,80.8,Available,2025-06-28
P-00285,U-008,Senior,Medic,Operations,In Progress,75.9,Training,2019-04-26
P-00286,U-041,Lead,Analyst,Maintenance,Complete,96.2,Available,2019-07-02
P-00287,U-031,Lead,Medic,Planning,In Progress,61.9,Training,2025-06-13
P-00288,U-053,Senior,Logistics,Systems,In Progress,64.8,Training,2023-01-04
P-00289,U-034,Junior,Logistics,Systems,In Progress,86.7,Available,2024-02-22
P-00290,U-058,Senior,Engineer,Operations,In Progress,77.7,Training,2022-12-15
P-00291,U-008,Officer,Operator,Planning,In Progress,85.6,Available,2023-02-01
P-00292,U-009,Officer,Logistics,Systems,In Progress,78.1,Training,2023-03-09
P-00293,U-044,Junior,Medic,Operations,Complete,91.3,Available,2020-06-11
P-00294,U-038,Officer,Analyst,Systems,In Progress,58.3,Training,2018-09-04
P-00295,U-060,Officer,Operator,Operations,Complete,95.2,Deployed,2020-01-08
P-00296,U-050,Officer,Analyst,Planning,In Progress,61.1,Deployed,2022-03-27
P-00297,U-025,Senior,Analyst,Systems,In Progress,58.6,Available,2024-01-10
P-00298,U-026,Senior,Operator,Systems,In Progress,78.8,Deployed,2023-03-12
P-00299,U-044,Officer,Logistics,Planning,In Progress,87.4,Available,2020-10-10
P-00300,U-030,Lead,Engineer,Systems,In Progress,70.6,Available,2025-05-28
P-00301,U-027,Junior,Engineer,Maintenance,In Progress,82.7,Available,2019-02-18
P-00302,U-039,Junior,Engineer,Systems,In Progress,56.5,Deployed,2022-12-03
P-00303,U-015,Junior,Engineer,Operations,In Progress,79.3,Available,2026-03-16
P-00304,U-037,Lead,Engineer,Operations,In Progress,69.4,Available,2025-05-28
P-00305,U-034,Lead,Analyst,Systems,In Progress,64.9,Training,2024-08-20
P-00306,U-057,Senior,Medic,Planning,In Progress,88.1,Available,2021-11-11
P-00307,U-042,Lead,Medic,Planning,In Progress,85.2,Available,2021-05-13
P-00308,U-025,Officer,Engineer,Maintenance,In Progress,63.3,Deployed,2025-12-08
P-00309,U-010,Junior,Logistics,Planning,Complete,91.3,Deployed,2024-04-01
P-00310,U-034,Senior,Analyst,Maintenance,In Progress,61.0,Deployed,2025-04-02
P-00311,U-006,Lead,Operator,Maintenance,Complete,96.5,Available,2021-01-04
P-00312,U-025,Junior,Operator,Maintenance,In Progress,85.3,Training,2026-02-14
P-00313,U-043,Officer,Engineer,Operations,In Progress,80.1,Deployed,2018-03-04
P-00314,U-014,Junior,Medic,Maintenance,Complete,97.2,Training,2024-10-11
P-00315,U-046,Senior,Logistics,Operations,In Progress,64.2,Deployed,2022-04-09
P-00316,U-030,Lead,Analyst,Operations,In Progress,79.0,Deployed,2023-10-02
P-00317,U-057,Junior,Medic,Operations,In Progress,77.4,Available,2022-02-27
P-00318,U-021,Senior,Engineer,Systems,In Progress,73.6,Deployed,2024-03-16
P-00319,U-060,Officer,Analyst,Maintenance,In Progress,81.3,Available,2021-09-13
P-00320,U-015,Senior,Medic,Operations,In Progress,72.1,Deployed,2023-06-25
P-00321,U-047,Officer,Medic,Maintenance,In Progress,83.9,Training,2021-12-13
P-00322,U-011,Officer,Engineer,Systems,In Progress,61.3,Training,2018-05-19
P-00323,U-054,Junior,Operator,Planning,Complete,93.1,Available,2025-01-27
P-00324,U-015,Senior,Operator,Maintenance,In Progress,58.1,Training,2023-02-11
P-00325,U-024,Officer,Medic,Systems,In Progress,57.7,Available,2023-12-20
P-00326,U-036,Junior,Logistics,Operations,In Progress,73.5,Training,2021-03-20
P-00327,U-002,Officer,Engineer,Systems,In Progress,77.6,Available,2023-11-18
P-00328,U-010,Lead,Analyst,Operations,In Progress,65.8,Deployed,2018-11-20
P-00329,U-024,Officer,Logistics,Maintenance,Complete,98.2,Training,2020-07-14
P-00330,U-020,Junior,Operator,Systems,In Progress,85.8,Deployed,2022-04-03
P-00331,U-025,Junior,Operator,Maintenance,In Progress,79.9,Available,2023-08-10
P-00332,U-055,Lead,Logistics,Systems,In Progress,74.5,Training,2018-06-24
P-00333,U-015,Officer,Analyst,Systems,In Progress,64.5,Available,2025-09-04
P-00334,U-060,Junior,Engineer,Operations,In Progress,67.6,Available,2020-04-28
P-00335,U-038,Officer,Operator,Operations,In Progress,61.5,Available,2024-04-28
P-00336,U-016,Officer,Logistics,Operations,In Progress,80.5,Deployed,2019-07-28
P-00337,U-051,Junior,Logistics,Operations,Complete,99.5,Available,2019-02-05
P-00338,U-028,Junior,Analyst,Planning,In Progress,65.4,Deployed,2018-05-02
P-00339,U-041,Officer,Medic,Maintenance,In Progress,67.3,Deployed,2024-03-15
P-00340,U-025,Officer,Operator,Operations,In Progress,74.4,Available,2025-12-30
P-00341,U-005,Senior,Medic,Maintenance,In Progress,58.7,Training,2022-05-15
P-00342,U-021,Junior,Operator,Operations,In Progress,71.2,Deployed,2022-01-14
P-00343,U-049,Senior,Operator,Maintenance,In Progress,67.1,Deployed,2023-01-13
P-00344,U-036,Officer,Operator,Systems,In Progress,80.0,Available,2021-12-20
P-00345,U-036,Lead,Medic,Systems,In Progress,59.2,Deployed,2022-08-22
P-00346,U-025,Senior,Logistics,Maintenance,Complete,90.1,Training,2022-04-09
P-00347,U-011,Lead,Analyst,Planning,In Progress,61.2,Available,2018-09-17
P-00348,U-011,Officer,Analyst,Planning,In Progress,74.6,Available,2022-01-19
P-00349,U-017,Officer,Logistics,Maintenance,Complete,97.5,Deployed,2019-03-15
P-00350,U-009,Officer,Analyst,Planning,In Progress,68.7,Deployed,2022-12-09
P-00351,U-022,Senior,Analyst,Operations,In Progress,74.4,Training,2025-10-18
P-00352,U-013,Senior,Medic,Operations,In Progress,76.6,Deployed,2025-10-17
P-00353,U-041,Senior,Analyst,Planning,In Progress,77.1,Deployed,2022-05-29
P-00354,U-024,Senior,Logistics,Maintenance,In Progress,60.1,Training,2024-03-03
P-00355,U-002,Officer,Engineer,Planning,Complete,97.9,Deployed,2025-10-08
P-00356,U-005,Officer,Medic,Maintenance,Complete,91.9,Training,2021-05-25
P-00357,U-016,Senior,Medic,Planning,In Progress,66.4,Available,2023-01-14
P-00358,U-039,Officer,Logistics,Planning,In Progress,76.6,Training,2018-05-31
P-00359,U-051,Junior,Operator,Maintenance,Complete,98.6,Training,2025-06-15
P-00360,U-023,Junior,Logistics,Planning,In Progress,62.5,Deployed,2022-10-30
P-00361,U-007,Lead,Engineer,Maintenance,In Progress,55.5,Deployed,2022-03-13
P-00362,U-026,Senior,Analyst,Systems,In Progress,75.8,Deployed,2019-03-05
P-00363,U-019,Junior,Operator,Maintenance,In Progress,73.7,Deployed,2021-07-01
P-00364,U-022,Senior,Logistics,Planning,In Progress,75.5,Deployed,2023-05-05
P-00365,U-007,Officer,Analyst,Systems,In Progress,74.7,Deployed,2018-07-03
P-00366,U-052,Junior,Analyst,Systems,In Progress,87.0,Training,2019-11-05
P-00367,U-060,Senior,Logistics,Maintenance,Complete,99.3,Training,2019-10-18
P-00368,U-022,Officer,Engineer,Planning,In Progress,80.2,Training,2020-01-26
P-00369,U-012,Officer,Medic,Systems,In Progress,83.8,Training,2024-11-20
P-00370,U-057,Officer,Medic,Systems,In Progress,63.9,Training,2020-05-29
P-00371,U-014,Junior,Logistics,Systems,In Progress,67.5,Training,2020-02-05
P-00372,U-024,Officer,Operator,Operations,In Progress,69.7,Training,2023-06-28
P-00373,U-034,Lead,Logistics,Planning,Complete,98.5,Training,2022-05-27
P-00374,U-038,Lead,Medic,Maintenance,In Progress,60.1,Training,2025-12-01
P-00375,U-052,Junior,Engineer,Operations,In Progress,68.4,Available,2020-09-04
P-00376,U-020,Lead,Engineer,Planning,In Progress,60.3,Deployed,2024-09-08
P-00377,U-009,Officer,Engineer,Planning,In Progress,80.9,Training,2024-01-11
P-00378,U-045,Senior,Logistics,Maintenance,Complete,96.4,Deployed,2021-03-29
P-00379,U-009,Officer,Logistics,Systems,In Progress,63.4,Deployed,2018-02-09
P-00380,U-032,Officer,Logistics,Planning,In Progress,61.1,Deployed,2025-09-05
P-00381,U-032,Officer,Medic,Maintenance,In Progress,73.7,Available,2024-05-04
P-00382,U-002,Senior,Analyst,Systems,Complete,90.8,Deployed,2020-07-09
P-00383,U-035,Officer,Logistics,Planning,In Progress,68.0,Training,2023-09-24
P-00384,U-008,Lead,Logistics,Operations,In Progress,80.8,Training,2018-06-20
P-00385,U-049,Senior,Medic,Systems,In Progress,87.4,Training,2025-05-01
P-00386,U-049,Junior,Medic,Operations,In Progress,66.1,Deployed,2018-12-23
P-00387,U-029,Junior,Engineer,Maintenance,Complete,93.9,Training,2024-08-05
P-00388,U-045,Officer,Engineer,Maintenance,In Progress,70.8,Available,2020-04-27
P-00389,U-052,Lead,Logistics,Operations,In Progress,57.7,Training,2024-01-16
P-00390,U-011,Lead,Analyst,Operations,In Progress,69.6,Training,2025-08-14
P-00391,U-053,Officer,Operator,Operations,In Progress,59.3,Training,2019-06-04
P-00392,U-045,Senior,Engineer,Operations,Complete,94.0,Available,2025-08-01
P-00393,U-026,Lead,Medic,Planning,In Progress,77.0,Deployed,2018-11-06
P-00394,U-041,Junior,Medic,Operations,Complete,90.8,Training,2022-02-20
P-00395,U-030,Lead,Logistics,Systems,Complete,97.8,Training,2019-01-17
P-00396,U-047,Lead,Operator,Planning,Complete,98.7,Available,2022-10-26
P-00397,U-053,Lead,Analyst,Operations,In Progress,64.5,Deployed,2024-02-20
P-00398,U-037,Officer,Analyst,Systems,In Progress,60.9,Available,2019-02-12
P-00399,U-041,Officer,Operator,Systems,Complete,90.3,Available,2022-12-13
P-00400,U-030,Officer,Engineer,Maintenance,In Progress,55.0,Training,2021-05-21
P-00401,U-011,Lead,Operator,Operations,Complete,94.3,Deployed,2018-12-04
P-00402,U-024,Senior,Operator,Planning,In Progress,84.9,Training,2021-06-05
P-00403,U-047,Senior,Medic,Systems,In Progress,86.5,Training,2019-01-25
P-00404,U-001,Junior,Engineer,Maintenance,In Progress,64.6,Training,2025-08-17
P-00405,U-029,Lead,Operator,Planning,In Progress,55.4,Training,2019-06-26
P-00406,U-031,Officer,Operator,Systems,In Progress,58.2,Available,2021-07-07
P-00407,U-024,Senior,Medic,Maintenance,Complete,94.6,Training,2025-08-05
P-00408,U-010,Junior,Logistics,Maintenance,In Progress,58.1,Deployed,2021-12-09
P-00409,U-047,Senior,Medic,Planning,In Progress,64.6,Available,2018-12-22
P-00410,U-058,Junior,Logistics,Planning,In Progress,59.5,Deployed,2022-10-25
P-00411,U-021,Senior,Analyst,Systems,Complete,90.6,Available,2024-03-16
P-00412,U-039,Lead,Operator,Operations,In Progress,82.0,Available,2023-10-22
P-00413,U-039,Officer,Analyst,Systems,In Progress,77.9,Available,2023-07-21
P-00414,U-025,Officer,Logistics,Systems,In Progress,60.1,Training,2018-02-19
P-00415,U-024,Senior,Medic,Planning,Complete,97.0,Deployed,2024-02-16
P-00416,U-044,Officer,Operator,Systems,In Progress,62.8,Training,2018-10-04
P-00417,U-001,Junior,Operator,Planning,In Progress,66.8,Training,2021-03-19
P-00418,U-041,Officer,Medic,Planning,In Progress,87.1,Available,2025-03-08
P-00419,U-035,Senior,Analyst,Systems,In Progress,79.2,Deployed,2018-11-20
P-00420,U-033,Senior,Logistics,Operations,Complete,96.4,Deployed,2024-07-30
P-00421,U-041,Junior,Analyst,Planning,In Progress,89.3,Training,2020-09-04
P-00422,U-004,Officer,Operator,Planning,In Progress,66.0,Training,2024-10-29
P-00423,U-004,Senior,Operator,Systems,In Progress,68.9,Training,2019-07-17
P-00424,U-045,Officer,Analyst,Operations,In Progress,55.5,Available,2022-03-04
P-00425,U-009,Lead,Operator,Systems,In Progress,88.7,Deployed,2022-10-25
P-00426,U-018,Lead,Logistics,Systems,In Progress,78.6,Deployed,2023-02-08
P-00427,U-033,Officer,Logistics,Maintenance,In Progress,71.2,Deployed,2019-10-07
P-00428,U-017,Junior,Engineer,Systems,In Progress,89.8,Available,2018-02-20
P-00429,U-016,Lead,Medic,Maintenance,In Progress,57.1,Available,2018-05-25
P-00430,U-036,Officer,Engineer,Operations,Complete,91.1,Available,2022-09-01
P-00431,U-059,Lead,Operator,Operations,In Progress,87.4,Available,2023-08-19
P-00432,U-044,Senior,Engineer,Systems,Complete,95.6,Deployed,2018-10-10
P-00433,U-057,Lead,Analyst,Operations,In Progress,75.9,Available,2024-03-15
P-00434,U-030,Senior,Analyst,Operations,In Progress,55.4,Training,2024-12-25
P-00435,U-016,Officer,Engineer,Maintenance,In Progress,75.9,Available,2018-01-27
P-00436,U-060,Senior,Logistics,Operations,In Progress,73.5,Training,2025-10-11
P-00437,U-057,Lead,Operator,Planning,In Progress,55.4,Training,2026-02-26
P-00438,U-020,Senior,Medic,Planning,In Progress,59.7,Available,2019-08-07
P-00439,U-046,Junior,Engineer,Planning,In Progress,67.6,Training,2022-03-06
P-00440,U-030,Junior,Logistics,Systems,Complete,98.9,Training,2019-07-01
P-00441,U-041,Junior,Logistics,Systems,Complete,91.9,Deployed,2025-06-06
P-00442,U-009,Lead,Analyst,Planning,In Progress,65.7,Training,2021-08-29
P-00443,U-021,Senior,Operator,Maintenance,In Progress,75.4,Available,2024-07-22
P-00444,U-007,Senior,Medic,Planning,In Progress,62.0,Deployed,2022-07-24
P-00445,U-008,Senior,Medic,Operations,In Progress,79.1,Deployed,2020-12-21
P-00446,U-055,Senior,Analyst,Systems,In Progress,60.4,Available,2021-09-04
P-00447,U-010,Senior,Analyst,Planning,In Progress,59.1,Training,2018-07-20
P-00448,U-044,Senior,Operator,Planning,In Progress,68.4,Deployed,2024-03-27
P-00449,U-048,Junior,Medic,Systems,In Progress,79.8,Available,2019-05-13
P-00450,U-001,Senior,Engineer,Maintenance,In Progress,57.8,Deployed,2022-03-05
P-00451,U-044,Junior,Logistics,Operations,In Progress,83.4,Available,2018-03-31
P-00452,U-005,Officer,Engineer,Systems,In Progress,63.9,Deployed,2019-05-17
P-00453,U-003,Junior,Engineer,Planning,Complete,97.4,Training,2022-06-06
P-00454,U-032,Officer,Engineer,Operations,In Progress,56.3,Available,2020-02-06
P-00455,U-018,Senior,Operator,Maintenance,In Progress,67.6,Training,2021-04-23
P-00456,U-032,Officer,Operator,Systems,In Progress,73.5,Deployed,2022-04-18
P-00457,U-009,Senior,Logistics,Systems,In Progress,73.9,Deployed,2025-12-31
P-00458,U-023,Officer,Analyst,Operations,In Progress,76.6,Deployed,2021-01-12
P-00459,U-012,Senior,Operator,Operations,In Progress,56.2,Available,2023-04-17
P-00460,U-034,Senior,Engineer,Systems,In Progress,71.1,Available,2025-05-14
P-00461,U-016,Junior,Engineer,Planning,In Progress,67.0,Deployed,2019-12-13
P-00462,U-012,Lead,Analyst,Systems,In Progress,65.6,Training,2025-11-09
P-00463,U-023,Senior,Logistics,Maintenance,Complete,97.6,Deployed,2024-01-30
P-00464,U-020,Junior,Operator,Systems,In Progress,62.9,Available,2024-09-30
P-00465,U-015,Officer,Operator,Operations,In Progress,55.9,Training,2020-04-05
P-00466,U-052,Senior,Analyst,Systems,In Progress,60.9,Available,2019-08-29
P-00467,U-038,Senior,Operator,Operations,In Progress,86.7,Available,2022-03-11
P-00468,U-046,Officer,Logistics,Systems,Complete,97.4,Deployed,2021-05-21
P-00469,U-021,Senior,Medic,Planning,In Progress,61.1,Training,2021-07-23
P-00470,U-012,Lead,Engineer,Maintenance,In Progress,86.8,Deployed,2021-06-10
P-00471,U-047,Senior,Engineer,Systems,In Progress,86.0,Training,2024-06-04
P-00472,U-026,Junior,Engineer,Operations,Complete,93.3,Training,2020-06-23
P-00473,U-041,Officer,Engineer,Operations,In Progress,80.4,Training,2018-11-15
P-00474,U-016,Lead,Engineer,Systems,In Progress,70.6,Training,2025-07-07
P-00475,U-041,Lead,Medic,Systems,In Progress,87.8,Deployed,2020-05-08
P-00476,U-016,Lead,Analyst,Systems,In Progress,86.2,Training,2018-01-06
P-00477,U-004,Officer,Engineer,Planning,In Progress,72.4,Deployed,2022-04-01
P-00478,U-023,Junior,Medic,Maintenance,In Progress,79.6,Available,2023-01-23
P-00479,U-005,Junior,Analyst,Systems,Complete,91.0,Deployed,2020-12-05
P-00480,U-007,Senior,Medic,Maintenance,In Progress,58.3,Training,2018-11-04
P-00481,U-036,Junior,Analyst,Planning,Complete,97.4,Training,2018-05-07
P-00482,U-028,Senior,Logistics,Planning,Complete,97.4,Available,2018-08-08
P-00483,U-007,Senior,Medic,Operations,In Progress,69.9,Training,2021-02-27
P-00484,U-020,Junior,Medic,Planning,In Progress,65.7,Available,2018-08-12
P-00485,U-024,Junior,Analyst,Planning,In Progress,55.2,Available,2019-02-02
P-00486,U-002,Lead,Operator,Planning,In Progress,64.3,Available,2021-06-17
P-00487,U-051,Officer,Analyst,Systems,In Progress,72.9,Training,2024-02-07
P-00488,U-025,Officer,Analyst,Maintenance,In Progress,63.3,Deployed,2018-07-02
P-00489,U-017,Lead,Engineer,Operations,In Progress,74.8,Training,2018-09-10
P-00490,U-010,Junior,Operator,Operations,In Progress,88.9,Training,2022-08-23
P-00491,U-049,Junior,Medic,Planning,In Progress,81.5,Training,2025-09-15
P-00492,U-056,Senior,Medic,Operations,Complete,97.1,Available,2022-06-06
P-00493,U-058,Junior,Logistics,Maintenance,Complete,93.4,Available,2023-01-14
P-00494,U-012,Senior,Engineer,Maintenance,Complete,97.7,Available,2018-06-24
P-00495,U-028,Officer,Engineer,Maintenance,In Progress,58.5,Training,2020-11-22
P-00496,U-021,Junior,Operator,Planning,Complete,96.0,Training,2022-06-16
P-00497,U-036,Lead,Logistics,Planning,In Progress,69.7,Available,2025-11-08
P-00498,U-040,Officer,Operator,Planning,In Progress,81.4,Available,2019-08-31
P-00499,U-037,Junior,Operator,Systems,In Progress,81.5,Deployed,2024-01-03
P-00500,U-057,Officer,Analyst,Planning,In Progress,70.5,Training,2023-06-12
P-00501,U-037,Junior,Engineer,Operations,In Progress,82.4,Deployed,2019-08-13
P-00502,U-040,Officer,Operator,Planning,In Progress,82.4,Deployed,2025-09-29
P-00503,U-016,Officer,Analyst,Operations,In Progress,57.2,Available,2021-10-15
P-00504,U-053,Lead,Analyst,Planning,Complete,90.7,Training,2025-09-06
P-00505,U-007,Senior,Engineer,Operations,Complete,98.8,Training,2022-12-20
P-00506,U-050,Lead,Medic,Systems,Complete,92.2,Available,2022-12-15
P-00507,U-014,Officer,Medic,Operations,Complete,96.1,Available,2023-10-12
P-00508,U-051,Lead,Logistics,Planning,In Progress,62.2,Available,2023-11-18
P-00509,U-057,Senior,Engineer,Maintenance,In Progress,80.6,Available,2020-10-18
P-00510,U-003,Lead,Engineer,Operations,In Progress,75.5,Deployed,2023-03-17
P-00511,U-033,Junior,Operator,Maintenance,In Progress,72.9,Deployed,2023-06-26
P-00512,U-039,Officer,Logistics,Operations,In Progress,75.1,Deployed,2019-11-01
P-00513,U-054,Junior,Analyst,Systems,Complete,95.3,Deployed,2018-07-23
P-00514,U-011,Senior,Engineer,Maintenance,Complete,93.4,Training,2020-04-26
P-00515,U-018,Junior,Operator,Planning,In Progress,84.3,Available,2025-04-05
P-00516,U-012,Junior,Engineer,Operations,In Progress,82.1,Training,2021-06-05
P-00517,U-046,Lead,Medic,Planning,Complete,98.5,Deployed,2023-02-24
P-00518,U-017,Lead,Logistics,Planning,In Progress,64.8,Training,2019-02-24
P-00519,U-001,Lead,Logistics,Operations,In Progress,78.0,Deployed,2025-09-04
P-00520,U-007,Lead,Analyst,Operations,In Progress,76.7,Deployed,2020-12-05
P-00521,U-042,Lead,Engineer,Maintenance,In Progress,87.0,Training,2020-09-11
P-00522,U-058,Officer,Analyst,Maintenance,In Progress,57.6,Training,2018-04-15
P-00523,U-042,Lead,Analyst,Planning,In Progress,77.4,Deployed,2022-05-10
P-00524,U-048,Senior,Analyst,Maintenance,In Progress,56.6,Training,2023-12-30
P-00525,U-041,Lead,Logistics,Operations,Complete,90.3,Available,2025-05-17
P-00526,U-057,Lead,Operator,Planning,In Progress,80.1,Available,2020-11-25
P-00527,U-047,Senior,Analyst,Systems,Complete,91.4,Available,2021-12-26
P-00528,U-015,Lead,Medic,Operations,In Progress,88.5,Deployed,2020-12-03
P-00529,U-038,Junior,Medic,Systems,In Progress,68.2,Training,2024-07-18
P-00530,U-038,Junior,Medic,Maintenance,Complete,97.5,Training,2019-05-06
P-00531,U-056,Lead,Medic,Systems,In Progress,85.6,Available,2019-07-17
P-00532,U-013,Officer,Engineer,Operations,In Progress,70.4,Training,2020-01-09
P-00533,U-050,Lead,Engineer,Operations,In Progress,58.6,Training,2018-08-26
P-00534,U-001,Senior,Engineer,Maintenance,In Progress,75.3,Deployed,2018-12-27
P-00535,U-009,Officer,Medic,Planning,In Progress,82.7,Deployed,2022-04-20
P-00536,U-001,Senior,Analyst,Systems,In Progress,56.7,Deployed,2023-12-16
P-00537,U-013,Junior,Engineer,Maintenance,In Progress,55.8,Training,2021-11-11
P-00538,U-020,Officer,Logistics,Operations,In Progress,60.8,Available,2018-09-25
P-00539,U-053,Lead,Medic,Operations,In Progress,57.1,Deployed,2025-09-14
P-00540,U-009,Officer,Analyst,Maintenance,In Progress,70.4,Available,2022-07-11
P-00541,U-002,Senior,Engineer,Systems,In Progress,65.3,Training,2023-08-29
P-00542,U-011,Junior,Medic,Operations,In Progress,60.5,Training,2024-12-27
P-00543,U-004,Junior,Operator,Systems,In Progress,81.7,Available,2025-09-26
P-00544,U-008,Officer,Operator,Operations,In Progress,73.8,Deployed,2025-11-14
P-00545,U-010,Junior,Analyst,Planning,In Progress,64.2,Training,2019-02-18
P-00546,U-043,Senior,Medic,Systems,In Progress,78.4,Training,2026-01-23
P-00547,U-040,Junior,Operator,Planning,In Progress,60.3,Available,2024-10-30
P-00548,U-013,Senior,Analyst,Planning,Complete,90.0,Deployed,2019-10-19
P-00549,U-003,Senior,Medic,Operations,In Progress,79.7,Available,2018-01-12
P-00550,U-001,Junior,Logistics,Planning,In Progress,85.2,Available,2019-01-04
P-00551,U-050,Junior,Analyst,Maintenance,In Progress,78.0,Deployed,2021-04-27
P-00552,U-017,Junior,Engineer,Systems,In Progress,75.9,Deployed,2022-01-15
P-00553,U-052,Officer,Operator,Systems,In Progress,85.5,Available,2018-02-09
P-00554,U-055,Senior,Analyst,Operations,In Progress,61.2,Deployed,2024-12-21
P-00555,U-018,Junior,Analyst,Operations,Complete,94.5,Available,2019-04-12
P-00556,U-026,Officer,Analyst,Planning,In Progress,73.0,Training,2023-05-13
P-00557,U-052,Senior,Operator,Maintenance,In Progress,74.0,Training,2026-02-23
P-00558,U-004,Senior,Operator,Planning,Complete,99.2,Training,2023-06-01
P-00559,U-052,Officer,Engineer,Planning,In Progress,80.6,Deployed,2024-11-09
P-00560,U-002,Senior,Medic,Planning,Complete,93.8,Available,2022-08-12
P-00561,U-029,Lead,Analyst,Systems,In Progress,57.1,Training,2025-08-08
P-00562,U-034,Senior,Analyst,Systems,In Progress,89.5,Deployed,2025-06-03
P-00563,U-047,Lead,Medic,Maintenance,In Progress,66.2,Training,2024-11-15
P-00564,U-004,Senior,Logistics,Planning,In Progress,55.5,Deployed,2019-11-09
P-00565,U-005,Lead,Engineer,Operations,In Progress,88.8,Deployed,2018-07-26
P-00566,U-033,Officer,Medic,Maintenance,In Progress,65.0,Available,2023-02-24
P-00567,U-029,Officer,Operator,Planning,Complete,91.1,Deployed,2021-07-18
P-00568,U-008,Junior,Operator,Planning,Complete,99.1,Deployed,2018-05-27
P-00569,U-036,Junior,Logistics,Operations,In Progress,79.7,Training,2024-04-22
P-00570,U-014,Officer,Analyst,Operations,In Progress,84.5,Available,2020-07-02
P-00571,U-055,Officer,Analyst,Planning,In Progress,75.5,Available,2019-02-04
P-00572,U-049,Junior,Analyst,Operations,In Progress,84.7,Training,2021-04-10
P-00573,U-036,Junior,Operator,Maintenance,In Progress,78.5,Deployed,2019-07-30
P-00574,U-053,Officer,Operator,Operations,In Progress,87.3,Training,2020-03-13
P-00575,U-013,Officer,Engineer,Planning,In Progress,60.4,Available,2026-01-14
P-00576,U-022,Officer,Operator,Systems,In Progress,59.8,Deployed,2023-02-17
P-00577,U-043,Senior,Medic,Systems,In Progress,81.5,Training,2018-07-18
P-00578,U-036,Officer,Logistics,Maintenance,Complete,97.1,Training,2024-06-27
P-00579,U-012,Senior,Operator,Planning,In Progress,87.9,Training,2024-09-25
P-00580,U-039,Officer,Medic,Maintenance,Complete,94.7,Deployed,2022-06-18
P-00581,U-022,Officer,Engineer,Maintenance,Complete,98.7,Deployed,2024-10-03
P-00582,U-045,Lead,Logistics,Operations,Complete,94.9,Training,2024-03-17
P-00583,U-041,Senior,Logistics,Operations,In Progress,64.8,Training,2021-11-15
P-00584,U-059,Senior,Logistics,Operations,In Progress,85.3,Training,2019-04-18
P-00585,U-049,Officer,Logistics,Planning,In Progress,70.9,Training,2023-12-27
P-00586,U-019,Officer,Operator,Systems,Complete,94.5,Available,2022-04-10
P-00587,U-010,Junior,Engineer,Operations,In Progress,57.4,Available,2021-03-19
P-00588,U-044,Junior,Analyst,Maintenance,In Progress,66.3,Training,2018-05-13
P-00589,U-023,Junior,Logistics,Maintenance,Complete,91.6,Training,2025-04-04
P-00590,U-036,Lead,Operator,Planning,In Progress,72.5,Deployed,2022-09-03
P-00591,U-051,Lead,Logistics,Systems,Complete,98.9,Available,2020-10-26
P-00592,U-013,Officer,Engineer,Operations,In Progress,82.9,Training,2024-02-17
P-00593,U-048,Senior,Analyst,Planning,In Progress,82.2,Available,2025-08-28
P-00594,U-005,Senior,Logistics,Systems,In Progress,63.4,Deployed,2018-06-16
P-00595,U-028,Lead,Engineer,Maintenance,In Progress,67.6,Training,2020-11-10
P-00596,U-001,Senior,Operator,Maintenance,In Progress,69.9,Deployed,2024-09-10
P-00597,U-004,Lead,Medic,Operations,In Progress,89.8,Available,2025-12-08
P-00598,U-021,Senior,Logistics,Systems,In Progress,78.6,Training,2019-10-15
P-00599,U-027,Officer,Operator,Operations,In Progress,79.4,Available,2020-05-23
P-00600,U-043,Lead,Analyst,Maintenance,In Progress,69.9,Training,2023-12-13
P-00601,U-031,Junior,Operator,Operations,Complete,99.8,Deployed,2020-09-11
P-00602,U-058,Senior,Operator,Operations,In Progress,83.9,Deployed,2019-04-10
P-00603,U-025,Lead,Operator,Operations,In Progress,66.5,Training,2023-09-15
P-00604,U-029,Lead,Engineer,Operations,In Progress,76.9,Training,2018-12-04
P-00605,U-007,Junior,Operator,Maintenance,In Progress,62.5,Training,2025-01-22
P-00606,U-050,Officer,Operator,Maintenance,In Progress,64.6,Training,2025-11-18
P-00607,U-057,Officer,Operator,Maintenance,Complete,98.9,Available,2023-02-24
P-00608,U-046,Junior,Operator,Systems,In Progress,69.9,Available,2020-10-28
P-00609,U-036,Senior,Analyst,Planning,In Progress,58.2,Deployed,2023-01-22
P-00610,U-041,Lead,Operator,Planning,In Progress,73.2,Training,2019-04-30
P-00611,U-035,Junior,Logistics,Systems,In Progress,55.3,Training,2018-10-25
P-00612,U-023,Junior,Analyst,Operations,Complete,96.8,Training,2018-12-21
P-00613,U-019,Officer,Medic,Planning,In Progress,89.4,Training,2018-05-07
P-00614,U-031,Senior,Engineer,Planning,In Progress,62.0,Training,2021-04-23
P-00615,U-041,Lead,Operator,Maintenance,In Progress,61.5,Available,2018-06-21
P-00616,U-001,Officer,Logistics,Systems,In Progress,80.8,Deployed,2020-05-10
P-00617,U-048,Lead,Engineer,Planning,In Progress,88.4,Training,2023-10-01
P-00618,U-010,Senior,Logistics,Operations,In Progress,62.2,Available,2019-04-15
P-00619,U-012,Junior,Logistics,Planning,In Progress,85.2,Training,2024-03-01
P-00620,U-005,Junior,Analyst,Systems,In Progress,68.1,Available,2026-02-20
P-00621,U-038,Lead,Analyst,Maintenance,In Progress,76.9,Training,2025-05-08
P-00622,U-016,Junior,Engineer,Operations,In Progress,59.5,Deployed,2023-01-20
P-00623,U-022,Lead,Logistics,Maintenance,In Progress,82.7,Training,2024-05-10
P-00624,U-024,Officer,Engineer,Systems,Complete,91.3,Deployed,2020-10-05
P-00625,U-051,Officer,Analyst,Operations,In Progress,65.0,Available,2025-08-15
P-00626,U-047,Officer,Medic,Planning,In Progress,69.9,Deployed,2021-06-05
P-00627,U-032,Senior,Logistics,Systems,In Progress,79.8,Deployed,2019-07-28
P-00628,U-058,Lead,Operator,Systems,In Progress,79.2,Available,2023-09-09
P-00629,U-041,Officer,Logistics,Maintenance,In Progress,56.4,Available,2024-03-09
P-00630,U-017,Officer,Engineer,Operations,In Progress,79.5,Deployed,2020-07-03
P-00631,U-058,Lead,Engineer,Planning,In Progress,89.7,Training,2023-09-22
P-00632,U-006,Junior,Engineer,Maintenance,In Progress,72.9,Training,2019-07-29
P-00633,U-029,Senior,Medic,Operations,In Progress,62.2,Available,2020-06-15
P-00634,U-049,Junior,Analyst,Operations,In Progress,76.9,Available,2018-06-25
P-00635,U-043,Lead,Medic,Planning,In Progress,64.3,Deployed,2018-07-10
P-00636,U-003,Lead,Operator,Operations,Complete,99.1,Training,2020-12-14
P-00637,U-038,Senior,Medic,Planning,In Progress,79.5,Deployed,2024-08-04
P-00638,U-042,Junior,Logistics,Operations,Complete,95.4,Deployed,2020-07-01
P-00639,U-034,Lead,Medic,Planning,In Progress,73.3,Training,2018-01-28
P-00640,U-033,Officer,Engineer,Maintenance,Complete,94.7,Available,2023-10-09
P-00641,U-042,Senior,Engineer,Maintenance,In Progress,67.6,Deployed,2024-10-01
P-00642,U-046,Senior,Medic,Operations,Complete,91.8,Training,2019-04-10
P-00643,U-031,Officer,Engineer,Maintenance,In Progress,85.4,Training,2022-08-11
P-00644,U-002,Senior,Logistics,Maintenance,In Progress,66.0,Available,2025-01-22
P-00645,U-033,Senior,Operator,Maintenance,In Progress,56.8,Deployed,2020-01-08
P-00646,U-034,Junior,Analyst,Systems,Complete,98.1,Available,2023-01-14
P-00647,U-039,Officer,Engineer,Maintenance,Complete,99.7,Deployed,2024-09-27
P-00648,U-010,Senior,Logistics,Operations,Complete,90.8,Available,2026-02-14
P-00649,U-044,Officer,Logistics,Systems,In Progress,70.4,Available,2022-03-30
P-00650,U-025,Junior,Engineer,Planning,In Progress,60.9,Available,2024-10-16
P-00651,U-007,Junior,Logistics,Systems,In Progress,63.0,Available,2023-05-30
P-00652,U-043,Junior,Medic,Planning,In Progress,60.9,Deployed,2018-06-27
P-00653,U-045,Senior,Medic,Planning,In Progress,78.8,Deployed,2024-08-09
P-00654,U-052,Junior,Medic,Maintenance,In Progress,88.4,Deployed,2023-05-09
P-00655,U-050,Junior,Analyst,Planning,In Progress,65.5,Deployed,2020-02-14
P-00656,U-001,Junior,Logistics,Systems,In Progress,86.9,Training,2018-01-30
P-00657,U-025,Lead,Medic,Operations,In Progress,84.5,Available,2019-09-26
P-00658,U-028,Lead,Analyst,Planning,In Progress,84.3,Training,2022-02-06
P-00659,U-040,Officer,Engineer,Planning,In Progress,67.4,Training,2024-04-02
P-00660,U-031,Officer,Analyst,Operations,In Progress,63.0,Training,2021-11-11
P-00661,U-050,Senior,Operator,Maintenance,In Progress,86.7,Deployed,2025-11-04
P-00662,U-011,Officer,Analyst,Systems,In Progress,59.5,Available,2022-05-13
P-00663,U-041,Junior,Engineer,Planning,In Progress,55.2,Training,2022-11-19
P-00664,U-006,Senior,Analyst,Systems,In Progress,57.9,Training,2018-06-04
P-00665,U-047,Officer,Logistics,Operations,In Progress,72.3,Training,2024-09-13
P-00666,U-004,Senior,Medic,Planning,Complete,97.6,Available,2020-04-06
P-00667,U-055,Lead,Engineer,Systems,In Progress,84.6,Training,2023-09-23
P-00668,U-034,Senior,Operator,Operations,In Progress,86.4,Available,2025-05-06
P-00669,U-001,Junior,Analyst,Planning,Complete,98.9,Deployed,2025-07-05
P-00670,U-026,Senior,Logistics,Systems,In Progress,73.2,Training,2025-11-22
P-00671,U-005,Lead,Logistics,Operations,Complete,96.4,Deployed,2021-02-06
P-00672,U-015,Senior,Medic,Planning,In Progress,82.3,Training,2018-01-20
P-00673,U-017,Junior,Logistics,Systems,In Progress,62.9,Training,2021-04-20
P-00674,U-022,Lead,Logistics,Operations,Complete,97.6,Training,2022-12-19
P-00675,U-025,Senior,Analyst,Planning,In Progress,80.3,Training,2023-03-03
P-00676,U-058,Junior,Medic,Systems,In Progress,81.4,Deployed,2018-10-04
P-00677,U-025,Senior,Engineer,Operations,In Progress,83.5,Deployed,2021-12-17
P-00678,U-034,Lead,Engineer,Operations,In Progress,79.1,Available,2022-06-23
P-00679,U-044,Lead,Operator,Maintenance,In Progress,88.7,Deployed,2021-07-09
P-00680,U-023,Lead,Engineer,Maintenance,In Progress,64.8,Deployed,2020-03-28
P-00681,U-016,Lead,Engineer,Maintenance,In Progress,88.1,Available,2020-10-19
P-00682,U-054,Senior,Operator,Systems,In Progress,82.8,Available,2025-07-31
P-00683,U-043,Junior,Logistics,Systems,In Progress,77.2,Deployed,2022-03-01
P-00684,U-040,Lead,Medic,Maintenance,In Progress,69.2,Training,2021-02-21
P-00685,U-026,Senior,Operator,Planning,In Progress,65.0,Deployed,2024-01-24
P-00686,U-003,Officer,Engineer,Planning,In Progress,77.6,Available,2025-10-31
P-00687,U-034,Junior,Operator,Maintenance,In Progress,75.7,Deployed,2024-07-07
P-00688,U-007,Lead,Engineer,Operations,In Progress,69.6,Available,2021-01-08
P-00689,U-031,Lead,Analyst,Maintenance,Complete,98.1,Deployed,2022-10-03
P-00690,U-014,Lead,Analyst,Planning,In Progress,73.9,Deployed,2023-01-21
P-00691,U-012,Senior,Operator,Operations,In Progress,80.7,Available,2024-03-24
P-00692,U-028,Senior,Engineer,Maintenance,Complete,93.5,Deployed,2018-02-09
P-00693,U-012,Senior,Logistics,Operations,In Progress,74.0,Deployed,2021-05-13
P-00694,U-017,Junior,Medic,Systems,In Progress,80.3,Training,2019-11-01
P-00695,U-004,Lead,Medic,Systems,In Progress,64.7,Deployed,2021-10-02
P-00696,U-017,Lead,Analyst,Systems,In Progress,71.2,Deployed,2019-05-12
P-00697,U-023,Senior,Logistics,Maintenance,Complete,94.0,Deployed,2021-12-25
P-00698,U-021,Officer,Medic,Systems,In Progress,85.3,Deployed,2024-11-18
P-00699,U-019,Senior,Engineer,Operations,In Progress,75.9,Deployed,2025-01-29
P-00700,U-040,Junior,Operator,Maintenance,In Progress,80.7,Deployed,2020-07-23
P-00701,U-021,Lead,Analyst,Planning,In Progress,69.3,Deployed,2022-12-28
P-00702,U-050,Lead,Logistics,Planning,Complete,93.8,Deployed,2019-11-17
P-00703,U-012,Senior,Engineer,Operations,Complete,93.4,Training,2025-11-10
P-00704,U-048,Senior,Medic,Systems,In Progress,58.6,Available,2018-09-19
P-00705,U-060,Junior,Operator,Planning,Complete,94.5,Training,2018-12-07
P-00706,U-007,Senior,Operator,Planning,In Progress,66.8,Deployed,2020-07-28
P-00707,U-016,Officer,Engineer,Maintenance,In Progress,88.2,Training,2019-11-30
P-00708,U-002,Lead,Analyst,Planning,In Progress,56.6,Deployed,2024-01-24
P-00709,U-060,Officer,Engineer,Maintenance,In Progress,67.3,Training,2024-09-13
P-00710,U-030,Officer,Logistics,Operations,In Progress,83.4,Deployed,2023-05-27
P-00711,U-035,Junior,Medic,Operations,In Progress,65.2,Deployed,2022-08-16
P-00712,U-017,Junior,Operator,Maintenance,In Progress,62.0,Deployed,2021-03-20
P-00713,U-031,Officer,Medic,Operations,In Progress,79.1,Available,2022-10-30
P-00714,U-052,Senior,Operator,Operations,In Progress,68.2,Available,2022-08-14
P-00715,U-057,Officer,Engineer,Maintenance,In Progress,80.2,Training,2025-03-30
P-00716,U-025,Senior,Analyst,Systems,Complete,92.3,Deployed,2025-01-05
P-00717,U-016,Lead,Analyst,Operations,In Progress,78.2,Deployed,2020-02-10
P-00718,U-055,Senior,Analyst,Systems,In Progress,58.1,Training,2023-02-09
P-00719,U-040,Officer,Engineer,Operations,In Progress,75.4,Available,2019-09-16
P-00720,U-004,Junior,Engineer,Systems,Complete,98.6,Deployed,2021-01-07
P-00721,U-009,Junior,Engineer,Systems,In Progress,87.2,Available,2018-03-02
P-00722,U-032,Officer,Analyst,Planning,In Progress,64.8,Deployed,2023-03-15
P-00723,U-045,Lead,Operator,Maintenance,Complete,90.6,Available,2020-12-27
P-00724,U-050,Officer,Engineer,Maintenance,In Progress,72.7,Deployed,2022-04-12
P-00725,U-054,Senior,Medic,Planning,In Progress,55.6,Available,2018-05-18
P-00726,U-013,Junior,Logistics,Maintenance,In Progress,75.7,Deployed,2022-05-13
P-00727,U-044,Lead,Engineer,Systems,Complete,98.3,Training,2024-03-01
P-00728,U-034,Officer,Analyst,Maintenance,In Progress,60.5,Deployed,2018-08-02
P-00729,U-056,Junior,Engineer,Planning,In Progress,85.0,Deployed,2018-03-03
P-00730,U-011,Junior,Medic,Maintenance,Complete,90.7,Available,2018-06-22
P-00731,U-038,Officer,Logistics,Maintenance,Complete,90.3,Deployed,2019-01-02
P-00732,U-016,Junior,Logistics,Operations,In Progress,62.1,Training,2018-09-03
P-00733,U-004,Senior,Logistics,Systems,In Progress,71.0,Available,2023-06-22
P-00734,U-015,Lead,Medic,Maintenance,In Progress,69.3,Available,2025-09-24
P-00735,U-025,Senior,Analyst,Systems,In Progress,71.1,Deployed,2025-12-04
P-00736,U-029,Officer,Engineer,Maintenance,In Progress,80.2,Training,2021-11-25
P-00737,U-021,Lead,Logistics,Maintenance,In Progress,88.0,Available,2023-12-16
P-00738,U-010,Lead,Logistics,Operations,In Progress,75.2,Deployed,2018-01-03
P-00739,U-050,Officer,Engineer,Systems,In Progress,83.7,Training,2022-01-31
P-00740,U-050,Lead,Operator,Planning,In Progress,82.9,Available,2023-11-17
P-00741,U-044,Senior,Logistics,Operations,In Progress,77.4,Deployed,2022-08-06
P-00742,U-042,Junior,Logistics,Systems,In Progress,69.5,Available,2019-06-16
P-00743,U-012,Senior,Operator,Planning,Complete,94.3,Available,2019-02-09
P-00744,U-003,Officer,Medic,Operations,In Progress,80.7,Available,2022-02-09
P-00745,U-015,Junior,Operator,Maintenance,In Progress,82.3,Training,2023-07-06
P-00746,U-060,Junior,Medic,Systems,Complete,95.0,Deployed,2024-04-04
P-00747,U-048,Officer,Analyst,Systems,Complete,97.2,Training,2020-12-24
P-00748,U-034,Junior,Analyst,Systems,In Progress,56.8,Available,2023-10-29
P-00749,U-007,Senior,Logistics,Planning,In Progress,59.6,Available,2020-03-02
P-00750,U-034,Senior,Logistics,Planning,In Progress,84.6,Training,2019-03-09
P-00751,U-050,Lead,Medic,Planning,In Progress,83.7,Available,2019-11-15
P-00752,U-051,Officer,Logistics,Operations,In Progress,63.1,Training,2019-10-10
P-00753,U-035,Officer,Analyst,Operations,Complete,99.9,Training,2021-08-22
P-00754,U-055,Officer,Analyst,Maintenance,In Progress,71.7,Training,2024-02-13
P-00755,U-014,Lead,Analyst,Planning,In Progress,71.9,Deployed,2022-06-15
P-00756,U-001,Lead,Logistics,Systems,In Progress,87.7,Training,2019-07-08
P-00757,U-057,Lead,Engineer,Maintenance,In Progress,68.6,Deployed,2018-03-30
P-00758,U-050,Lead,Logistics,Maintenance,Complete,92.0,Available,2018-06-04
P-00759,U-030,Senior,Analyst,Operations,In Progress,71.0,Training,2020-10-20
P-00760,U-015,Lead,Operator,Planning,In Progress,66.5,Training,2020-06-09
P-00761,U-047,Lead,Medic,Maintenance,In Progress,58.5,Deployed,2025-09-25
P-00762,U-045,Junior,Logistics,Operations,In Progress,80.9,Available,2026-03-13
P-00763,U-052,Junior,Operator,Operations,In Progress,80.9,Deployed,2022-11-14
P-00764,U-027,Junior,Engineer,Systems,Complete,96.9,Training,2025-02-02
P-00765,U-025,Junior,Analyst,Maintenance,In Progress,57.4,Deployed,2023-08-20
P-00766,U-045,Junior,Medic,Planning,In Progress,64.9,Training,2024-06-14
P-00767,U-033,Officer,Analyst,Planning,In Progress,59.1,Available,2019-06-26
P-00768,U-022,Junior,Logistics,Planning,In Progress,58.7,Deployed,2018-12-15
P-00769,U-026,Senior,Engineer,Planning,In Progress,77.6,Training,2020-03-22
P-00770,U-032,Senior,Logistics,Maintenance,In Progress,72.8,Available,2018-10-21
P-00771,U-018,Lead,Logistics,Systems,Complete,90.0,Available,2025-07-14
P-00772,U-027,Lead,Engineer,Operations,In Progress,74.1,Deployed,2024-08-29
P-00773,U-042,Lead,Engineer,Operations,In Progress,56.1,Training,2022-12-17
P-00774,U-040,Junior,Engineer,Maintenance,In Progress,61.6,Training,2022-03-12
P-00775,U-010,Junior,Operator,Systems,In Progress,89.1,Available,2024-12-18
P-00776,U-060,Lead,Operator,Operations,In Progress,61.6,Training,2019-04-01
P-00777,U-020,Junior,Analyst,Maintenance,In Progress,75.3,Training,2024-01-13
P-00778,U-014,Lead,Logistics,Planning,In Progress,64.2,Training,2026-03-09
P-00779,U-010,Junior,Medic,Systems,In Progress,86.3,Deployed,2019-11-29
P-00780,U-004,Lead,Operator,Planning,In Progress,67.8,Training,2018-02-04
P-00781,U-005,Lead,Analyst,Systems,In Progress,72.5,Available,2021-04-13
P-00782,U-056,Officer,Engineer,Planning,Complete,94.8,Training,2025-12-16
P-00783,U-007,Officer,Logistics,Systems,Complete,95.7,Available,2020-03-25
P-00784,U-033,Junior,Operator,Maintenance,Complete,98.5,Training,2021-06-02
P-00785,U-022,Senior,Operator,Operations,In Progress,77.0,Training,2021-12-12
P-00786,U-023,Senior,Logistics,Operations,In Progress,83.1,Available,2025-01-07
P-00787,U-017,Junior,Logistics,Operations,Complete,94.5,Available,2019-09-14
P-00788,U-022,Senior,Operator,Planning,Complete,95.4,Training,2025-08-09
P-00789,U-040,Senior,Medic,Maintenance,Complete,94.3,Training,2019-09-18
P-00790,U-028,Lead,Medic,Maintenance,Complete,98.7,Available,2025-04-26
P-00791,U-009,Senior,Engineer,Operations,In Progress,81.1,Training,2025-11-28
P-00792,U-058,Senior,Medic,Maintenance,In Progress,78.6,Training,2024-05-02
P-00793,U-059,Junior,Logistics,Systems,In Progress,62.1,Available,2021-07-24
P-00794,U-054,Junior,Analyst,Planning,Complete,94.6,Deployed,2021-05-27
P-00795,U-029,Lead,Engineer,Maintenance,In Progress,88.6,Available,2019-06-23
P-00796,U-012,Lead,Logistics,Maintenance,In Progress,56.2,Training,2020-08-09
P-00797,U-015,Lead,Operator,Planning,In Progress,85.9,Available,2023-08-20
P-00798,U-055,Lead,Engineer,Planning,In Progress,82.2,Deployed,2023-04-25
P-00799,U-009,Senior,Operator,Planning,In Progress,62.4,Available,2021-01-10
P-00800,U-027,Senior,Engineer,Systems,In Progress,65.0,Available,2022-12-05
P-00801,U-056,Lead,Medic,Maintenance,In Progress,82.8,Deployed,2022-07-17
P-00802,U-050,Officer,Analyst,Planning,In Progress,56.9,Training,2024-05-31
P-00803,U-039,Junior,Logistics,Systems,In Progress,79.1,Deployed,2023-02-15
P-00804,U-053,Senior,Logistics,Planning,Complete,94.5,Training,2018-06-10
P-00805,U-036,Junior,Engineer,Operations,In Progress,72.4,Deployed,2022-06-19
P-00806,U-057,Lead,Medic,Maintenance,In Progress,68.7,Deployed,2021-04-20
P-00807,U-040,Senior,Medic,Planning,Complete,96.4,Available,2026-02-07
P-00808,U-033,Senior,Medic,Planning,In Progress,60.1,Deployed,2023-01-21
P-00809,U-002,Senior,Medic,Systems,In Progress,63.0,Deployed,2021-08-20
P-00810,U-045,Senior,Operator,Systems,In Progress,84.2,Available,2025-12-02
P-00811,U-029,Junior,Logistics,Planning,In Progress,83.5,Training,2023-09-27
P-00812,U-040,Officer,Logistics,Planning,Complete,97.7,Available,2019-12-01
P-00813,U-059,Senior,Engineer,Maintenance,In Progress,70.1,Available,2025-12-26
P-00814,U-004,Lead,Medic,Operations,In Progress,73.9,Training,2020-01-11
P-00815,U-008,Senior,Operator,Operations,Complete,95.4,Available,2023-02-22
P-00816,U-032,Junior,Logistics,Planning,Complete,93.5,Available,2020-06-07
P-00817,U-038,Officer,Medic,Planning,In Progress,84.7,Available,2024-09-28
P-00818,U-039,Lead,Logistics,Maintenance,In Progress,55.3,Available,2020-01-28
P-00819,U-010,Lead,Operator,Maintenance,In Progress,57.5,Available,2025-06-25
P-00820,U-037,Lead,Analyst,Systems,Complete,92.7,Available,2019-03-23
P-00821,U-027,Senior,Analyst,Maintenance,Complete,99.7,Deployed,2024-06-29
P-00822,U-024,Junior,Analyst,Operations,Complete,96.9,Deployed,2022-04-02
P-00823,U-053,Officer,Logistics,Systems,In Progress,58.0,Deployed,2023-04-13
P-00824,U-009,Lead,Analyst,Planning,In Progress,60.5,Training,2020-05-09
P-00825,U-045,Junior,Operator,Systems,In Progress,64.4,Deployed,2026-02-13
P-00826,U-045,Lead,Medic,Operations,In Progress,82.2,Deployed,2023-11-23
P-00827,U-037,Lead,Engineer,Planning,Complete,99.8,Training,2026-03-06
P-00828,U-041,Senior,Logistics,Maintenance,In Progress,77.4,Training,2021-04-04
P-00829,U-013,Junior,Medic,Systems,In Progress,55.1,Training,2020-04-29
P-00830,U-052,Officer,Medic,Systems,In Progress,82.7,Deployed,2021-12-03
P-00831,U-036,Senior,Operator,Maintenance,Complete,91.3,Training,2021-02-27
P-00832,U-017,Lead,Analyst,Operations,Complete,90.6,Available,2019-04-12
P-00833,U-044,Officer,Logistics,Systems,In Progress,70.0,Available,2020-03-05
P-00834,U-022,Officer,Medic,Systems,Complete,92.5,Training,2019-07-11
P-00835,U-031,Officer,Logistics,Operations,In Progress,62.0,Deployed,2022-08-23
P-00836,U-060,Lead,Logistics,Operations,In Progress,88.4,Training,2024-01-04
P-00837,U-002,Lead,Analyst,Systems,In Progress,64.4,Available,2021-02-22
P-00838,U-054,Officer,Logistics,Maintenance,In Progress,56.4,Training,2024-10-16
P-00839,U-025,Junior,Analyst,Operations,In Progress,63.4,Training,2018-05-10
P-00840,U-018,Officer,Engineer,Operations,In Progress,73.6,Deployed,2021-05-24
P-00841,U-014,Senior,Operator,Operations,In Progress,78.6,Available,2020-04-07
P-00842,U-059,Junior,Medic,Maintenance,In Progress,59.2,Available,2021-10-25
P-00843,U-060,Lead,Analyst,Maintenance,In Progress,76.8,Available,2023-10-16
P-00844,U-044,Senior,Operator,Planning,Complete,99.7,Deployed,2026-01-02
P-00845,U-056,Junior,Analyst,Systems,In Progress,78.5,Training,2024-08-31
P-00846,U-056,Officer,Operator,Systems,In Progress,58.9,Training,2025-05-23
P-00847,U-048,Lead,Engineer,Operations,In Progress,69.1,Available,2020-02-28
P-00848,U-019,Lead,Medic,Systems,In Progress,67.4,Deployed,2019-09-04
P-00849,U-011,Junior,Logistics,Systems,In Progress,67.3,Available,2024-02-01
P-00850,U-023,Lead,Engineer,Operations,In Progress,79.7,Training,2020-09-29
P-00851,U-011,Lead,Logistics,Planning,In Progress,58.2,Available,2019-06-17
P-00852,U-002,Junior,Operator,Planning,In Progress,76.2,Available,2018-12-19
P-00853,U-028,Officer,Logistics,Operations,In Progress,72.6,Deployed,2021-09-23
P-00854,U-053,Junior,Medic,Maintenance,In Progress,63.9,Available,2025-11-01
P-00855,U-030,Lead,Medic,Planning,In Progress,59.4,Available,2020-07-05
P-00856,U-010,Lead,Analyst,Planning,Complete,93.7,Available,2025-11-05
P-00857,U-059,Lead,Medic,Planning,In Progress,84.9,Available,2018-09-25
P-00858,U-031,Officer,Medic,Maintenance,In Progress,60.1,Deployed,2021-11-28
P-00859,U-039,Junior,Medic,Systems,In Progress,80.9,Deployed,2024-03-27
P-00860,U-042,Lead,Logistics,Planning,In Progress,58.2,Deployed,2024-08-15
P-00861,U-027,Senior,Logistics,Maintenance,In Progress,65.7,Deployed,2022-04-22
P-00862,U-005,Officer,Medic,Operations,In Progress,70.3,Training,2025-10-14
P-00863,U-016,Junior,Logistics,Planning,In Progress,62.8,Available,2024-08-22
P-00864,U-039,Junior,Medic,Maintenance,In Progress,75.8,Deployed,2022-07-21
P-00865,U-005,Officer,Analyst,Planning,In Progress,81.9,Training,2025-05-28
P-00866,U-004,Senior,Logistics,Systems,In Progress,59.1,Available,2025-05-30
P-00867,U-010,Lead,Medic,Planning,In Progress,75.4,Available,2020-04-22
P-00868,U-044,Lead,Logistics,Operations,Complete,94.5,Deployed,2026-01-19
P-00869,U-059,Junior,Logistics,Systems,In Progress,70.5,Training,2023-09-22
P-00870,U-026,Lead,Operator,Operations,Complete,93.1,Training,2018-08-06
P-00871,U-001,Lead,Operator,Operations,In Progress,86.7,Available,2020-08-21
P-00872,U-028,Officer,Analyst,Planning,In Progress,86.6,Deployed,2022-04-12
P-00873,U-028,Senior,Medic,Maintenance,In Progress,79.5,Available,2024-03-25
P-00874,U-025,Lead,Medic,Maintenance,Complete,92.9,Deployed,2025-07-07
P-00875,U-009,Junior,Operator,Maintenance,In Progress,61.0,Training,2023-06-17
P-00876,U-043,Senior,Operator,Maintenance,In Progress,74.7,Training,2022-08-31
P-00877,U-056,Officer,Logistics,Maintenance,In Progress,75.5,Deployed,2023-09-18
P-00878,U-028,Officer,Medic,Operations,In Progress,79.8,Available,2020-02-01
P-00879,U-028,Officer,Engineer,Operations,In Progress,82.2,Deployed,2024-02-16
P-00880,U-037,Junior,Logistics,Planning,In Progress,71.5,Training,2022-02-18
P-00881,U-008,Junior,Engineer,Operations,In Progress,81.1,Deployed,2023-10-19
P-00882,U-006,Junior,Engineer,Planning,In Progress,78.6,Training,2025-06-11
P-00883,U-043,Lead,Logistics,Systems,In Progress,58.5,Deployed,2024-01-01
P-00884,U-050,Officer,Logistics,Planning,In Progress,55.5,Training,2021-09-19
P-00885,U-027,Lead,Analyst,Maintenance,In Progress,70.9,Available,2025-10-17
P-00886,U-060,Lead,Logistics,Operations,In Progress,81.9,Available,2025-01-21
P-00887,U-031,Junior,Analyst,Systems,In Progress,81.0,Deployed,2023-06-09
P-00888,U-006,Junior,Analyst,Operations,In Progress,60.7,Available,2024-11-27
P-00889,U-018,Lead,Operator,Systems,In Progress,67.4,Training,2019-12-17
P-00890,U-059,Senior,Medic,Operations,In Progress,81.6,Available,2020-12-06
P-00891,U-051,Officer,Engineer,Systems,In Progress,86.5,Deployed,2018-12-12
P-00892,U-010,Senior,Medic,Planning,In Progress,81.8,Deployed,2020-09-01
P-00893,U-043,Senior,Engineer,Operations,In Progress,74.8,Available,2025-03-15
P-00894,U-017,Junior,Operator,Maintenance,In Progress,89.0,Deployed,2022-06-22
P-00895,U-031,Senior,Medic,Planning,In Progress,68.6,Deployed,2020-12-11
P-00896,U-010,Officer,Operator,Operations,In Progress,78.9,Deployed,2022-04-14
P-00897,U-044,Junior,Operator,Operations,In Progress,69.2,Deployed,2024-11-05
P-00898,U-059,Lead,Analyst,Operations,In Progress,84.3,Deployed,2019-02-07
P-00899,U-017,Officer,Medic,Maintenance,In Progress,84.4,Training,2025-07-15
P-00900,U-038,Lead,Engineer,Operations,In Progress,89.7,Training,2018-02-13
P-00901,U-044,Junior,Operator,Planning,In Progress,55.4,Available,2023-11-22
P-00902,U-007,Lead,Engineer,Operations,In Progress,85.8,Deployed,2020-03-01
P-00903,U-003,Junior,Operator,Maintenance,In Progress,56.1,Training,2025-02-26
P-00904,U-008,Junior,Operator,Maintenance,In Progress,86.9,Deployed,2025-05-12
P-00905,U-049,Senior,Operator,Maintenance,Complete,95.5,Deployed,2021-04-21
P-00906,U-030,Junior,Medic,Operations,In Progress,84.7,Deployed,2025-10-06
P-00907,U-058,Lead,Analyst,Maintenance,In Progress,85.0,Available,2021-02-09
P-00908,U-050,Officer,Analyst,Systems,In Progress,57.8,Deployed,2020-12-20
P-00909,U-012,Officer,Engineer,Planning,In Progress,74.8,Available,2025-03-28
P-00910,U-032,Officer,Engineer,Systems,In Progress,59.9,Deployed,2026-01-09
P-00911,U-017,Junior,Operator,Operations,In Progress,59.6,Deployed,2018-03-18
P-00912,U-058,Junior,Operator,Planning,In Progress,77.4,Deployed,2019-09-13
P-00913,U-045,Officer,Logistics,Systems,In Progress,69.8,Training,2025-12-08
P-00914,U-050,Officer,Medic,Systems,In Progress,77.1,Training,2020-07-14
P-00915,U-001,Officer,Operator,Operations,In Progress,72.3,Deployed,2025-08-24
P-00916,U-020,Junior,Analyst,Operations,In Progress,73.0,Available,2023-02-26
P-00917,U-049,Senior,Engineer,Systems,In Progress,89.5,Deployed,2025-05-30
P-00918,U-013,Officer,Operator,Operations,In Progress,68.4,Deployed,2018-12-14
P-00919,U-057,Senior,Engineer,Systems,In Progress,83.5,Available,2018-04-14
P-00920,U-047,Senior,Medic,Planning,Complete,99.8,Available,2024-01-24
P-00921,U-042,Officer,Operator,Systems,In Progress,68.8,Deployed,2018-08-18
P-00922,U-022,Junior,Medic,Systems,Complete,90.5,Available,2025-05-02
P-00923,U-043,Senior,Logistics,Maintenance,In Progress,78.5,Available,2018-06-01
P-00924,U-048,Junior,Medic,Systems,In Progress,61.4,Available,2025-11-12
P-00925,U-042,Senior,Operator,Operations,In Progress,60.9,Available,2023-02-12
P-00926,U-040,Junior,Operator,Systems,In Progress,62.7,Deployed,2024-09-03
P-00927,U-052,Junior,Engineer,Planning,In Progress,82.7,Deployed,2025-08-10
P-00928,U-026,Senior,Analyst,Maintenance,In Progress,69.6,Available,2024-08-26
P-00929,U-012,Junior,Analyst,Maintenance,In Progress,70.1,Deployed,2019-11-20
P-00930,U-045,Senior,Medic,Maintenance,In Progress,71.6,Training,2018-06-16
P-00931,U-009,Officer,Engineer,Systems,In Progress,59.5,Deployed,2018-11-27
P-00932,U-001,Junior,Logistics,Operations,In Progress,55.3,Deployed,2025-10-11
P-00933,U-052,Officer,Engineer,Maintenance,Complete,90.7,Available,2025-03-05
P-00934,U-018,Officer,Engineer,Maintenance,In Progress,78.5,Training,2025-10-04
P-00935,U-003,Officer,Logistics,Systems,In Progress,81.8,Training,2021-05-18
P-00936,U-023,Senior,Engineer,Systems,In Progress,73.8,Training,2019-01-27
P-00937,U-040,Senior,Medic,Maintenance,In Progress,71.3,Deployed,2018-08-06
P-00938,U-013,Senior,Medic,Planning,In Progress,60.1,Available,2019-10-17
P-00939,U-043,Junior,Analyst,Operations,Complete,96.5,Available,2022-11-16
P-00940,U-017,Officer,Operator,Systems,In Progress,70.0,Training,2018-08-03
P-00941,U-060,Senior,Operator,Planning,In Progress,79.2,Training,2019-04-21
P-00942,U-005,Officer,Logistics,Operations,Complete,95.3,Deployed,2020-03-25
P-00943,U-048,Lead,Engineer,Systems,In Progress,85.5,Deployed,2020-07-21
P-00944,U-007,Officer,Engineer,Planning,In Progress,65.7,Available,2018-10-29
P-00945,U-031,Junior,Medic,Maintenance,In Progress,81.3,Available,2024-11-01
P-00946,U-030,Lead,Engineer,Planning,In Progress,63.0,Training,2020-03-06
P-00947,U-041,Lead,Engineer,Operations,In Progress,71.1,Available,2018-05-12
P-00948,U-045,Lead,Engineer,Systems,In Progress,80.6,Deployed,2023-02-22
P-00949,U-027,Lead,Engineer,Operations,In Progress,62.7,Training,2019-10-05
P-00950,U-051,Senior,Logistics,Maintenance,Complete,90.8,Available,2022-08-14
P-00951,U-055,Senior,Logistics,Planning,In Progress,78.5,Deployed,2021-02-17
P-00952,U-001,Senior,Engineer,Operations,In Progress,87.9,Deployed,2024-07-01
P-00953,U-015,Senior,Logistics,Systems,Complete,95.1,Deployed,2018-07-01
P-00954,U-003,Junior,Medic,Planning,Complete,99.6,Deployed,2025-10-24
P-00955,U-053,Officer,Engineer,Systems,In Progress,59.4,Training,2018-02-20
P-00956,U-045,Senior,Engineer,Operations,In Progress,87.9,Deployed,2020-09-06
P-00957,U-042,Junior,Medic,Operations,Complete,100.0,Available,2025-11-20
P-00958,U-030,Junior,Medic,Planning,Complete,93.6,Available,2025-11-20
P-00959,U-026,Lead,Medic,Systems,In Progress,63.3,Training,2018-10-17
P-00960,U-025,Lead,Logistics,Systems,Complete,95.2,Deployed,2022-10-11
P-00961,U-049,Senior,Operator,Operations,In Progress,67.1,Training,2018-08-13
P-00962,U-033,Lead,Operator,Systems,Complete,97.5,Deployed,2022-02-06
P-00963,U-030,Lead,Analyst,Maintenance,In Progress,82.9,Training,2024-04-07
P-00964,U-046,Senior,Engineer,Operations,In Progress,58.0,Available,2024-01-20
P-00965,U-008,Senior,Engineer,Operations,In Progress,84.2,Deployed,2020-12-31
P-00966,U-033,Lead,Operator,Systems,In Progress,85.6,Deployed,2021-11-15
P-00967,U-029,Junior,Medic,Operations,In Progress,76.9,Deployed,2024-12-18
P-00968,U-024,Junior,Engineer,Planning,Complete,91.0,Available,2018-11-25
P-00969,U-026,Lead,Operator,Systems,Complete,95.4,Available,2021-02-04
P-00970,U-008,Officer,Engineer,Maintenance,In Progress,86.4,Training,2025-01-13
P-00971,U-002,Senior,Medic,Operations,In Progress,68.2,Deployed,2022-12-24
P-00972,U-048,Lead,Engineer,Systems,In Progress,84.0,Available,2020-08-09
P-00973,U-054,Lead,Medic,Operations,Complete,97.6,Training,2025-03-31
P-00974,U-051,Officer,Medic,Operations,In Progress,69.7,Training,2019-06-25
P-00975,U-058,Senior,Analyst,Maintenance,Complete,90.5,Deployed,2022-03-04
P-00976,U-019,Junior,Engineer,Operations,In Progress,89.6,Deployed,2023-02-11
P-00977,U-011,Senior,Logistics,Operations,In Progress,82.8,Available,2019-12-20
P-00978,U-054,Senior,Engineer,Maintenance,In Progress,86.9,Available,2018-06-18
P-00979,U-021,Officer,Analyst,Operations,In Progress,80.9,Available,2020-04-20
P-00980,U-036,Lead,Analyst,Maintenance,In Progress,86.8,Deployed,2023-01-11
P-00981,U-035,Lead,Operator,Systems,Complete,98.9,Deployed,2023-08-08
P-00982,U-050,Officer,Analyst,Maintenance,In Progress,61.5,Available,2024-02-16
P-00983,U-033,Lead,Medic,Operations,In Progress,69.9,Training,2025-06-24
P-00984,U-010,Officer,Analyst,Systems,Complete,91.0,Training,2023-05-16
P-00985,U-058,Junior,Analyst,Systems,In Progress,56.8,Deployed,2024-12-04
P-00986,U-054,Lead,Operator,Operations,In Progress,64.9,Available,2024-10-26
P-00987,U-042,Senior,Analyst,Maintenance,In Progress,63.8,Available,2018-12-09
P-00988,U-035,Junior,Logistics,Planning,Complete,93.2,Available,2023-07-02
P-00989,U-021,Junior,Analyst,Planning,In Progress,82.1,Available,2026-01-11
P-00990,U-055,Officer,Analyst,Systems,In Progress,74.2,Deployed,2021-11-13
P-00991,U-023,Officer,Logistics,Systems,In Progress,68.9,Available,2026-03-01
P-00992,U-057,Officer,Medic,Operations,In Progress,75.0,Available,2026-03-01
P-00993,U-058,Officer,Engineer,Systems,In Progress,74.1,Available,2020-05-01
P-00994,U-020,Lead,Operator,Planning,In Progress,76.4,Available,2018-01-28
P-00995,U-027,Lead,Medic,Maintenance,In Progress,83.7,Training,2023-03-08
P-00996,U-046,Senior,Engineer,Maintenance,In Progress,80.6,Deployed,2021-03-31
P-00997,U-036,Lead,Logistics,Operations,In Progress,77.1,Deployed,2024-04-09
P-00998,U-048,Junior,Operator,Maintenance,In Progress,75.9,Deployed,2021-05-14
P-00999,U-041,Officer,Operator,Operations,Complete,92.5,Deployed,2020-01-05
P-01000,U-032,Senior,Operator,Systems,Complete,95.8,Deployed,2023-07-13
P-01001,U-005,Lead,Logistics,Planning,In Progress,82.0,Training,2022-11-22
P-01002,U-056,Officer,Operator,Operations,In Progress,66.6,Training,2024-06-14
P-01003,U-002,Senior,Logistics,Systems,Complete,93.0,Available,2021-08-02
P-01004,U-030,Senior,Analyst,Maintenance,Complete,94.5,Available,2021-01-21
P-01005,U-024,Lead,Operator,Operations,In Progress,73.9,Deployed,2023-12-10
P-01006,U-041,Senior,Engineer,Systems,Complete,97.1,Training,2019-11-16
P-01007,U-035,Lead,Analyst,Operations,In Progress,69.5,Training,2025-10-29
P-01008,U-045,Lead,Engineer,Systems,In Progress,71.3,Available,2023-10-24
P-01009,U-019,Officer,Medic,Operations,In Progress,71.8,Available,2019-02-24
P-01010,U-014,Senior,Engineer,Systems,In Progress,62.0,Deployed,2023-03-02
P-01011,U-059,Senior,Operator,Planning,In Progress,58.4,Deployed,2021-06-30
P-01012,U-045,Officer,Logistics,Operations,In Progress,71.3,Available,2025-12-17
P-01013,U-020,Junior,Engineer,Maintenance,In Progress,56.3,Training,2019-08-07
P-01014,U-045,Senior,Engineer,Maintenance,In Progress,65.2,Available,2022-10-07
P-01015,U-045,Junior,Operator,Systems,In Progress,89.3,Deployed,2022-11-02
P-01016,U-003,Junior,Logistics,Systems,In Progress,63.8,Deployed,2019-05-03
P-01017,U-059,Junior,Analyst,Systems,In Progress,66.4,Available,2019-05-23
P-01018,U-059,Senior,Engineer,Operations,In Progress,82.1,Available,2019-01-07
P-01019,U-010,Lead,Logistics,Operations,Complete,93.1,Deployed,2019-10-20
P-01020,U-055,Senior,Logistics,Systems,In Progress,77.5,Available,2024-06-26
P-01021,U-049,Senior,Engineer,Operations,In Progress,55.6,Available,2024-01-10
P-01022,U-001,Junior,Engineer,Planning,Complete,98.8,Deployed,2025-10-30
P-01023,U-038,Junior,Engineer,Operations,In Progress,63.3,Deployed,2022-10-04
P-01024,U-014,Officer,Operator,Operations,In Progress,78.1,Available,2023-03-24
P-01025,U-008,Officer,Analyst,Operations,In Progress,78.4,Training,2026-02-05
P-01026,U-003,Officer,Operator,Planning,In Progress,58.7,Deployed,2023-02-15
P-01027,U-039,Officer,Engineer,Planning,In Progress,88.1,Deployed,2022-10-19
P-01028,U-013,Officer,Analyst,Maintenance,Complete,93.6,Available,2025-07-24
P-01029,U-032,Officer,Medic,Systems,In Progress,85.2,Available,2019-08-11
P-01030,U-026,Junior,Engineer,Systems,In Progress,73.0,Deployed,2020-03-26
P-01031,U-022,Officer,Operator,Maintenance,In Progress,64.0,Deployed,2026-02-18
P-01032,U-032,Lead,Medic,Operations,In Progress,67.5,Deployed,2025-06-23
P-01033,U-039,Officer,Logistics,Operations,Complete,97.8,Available,2023-02-06
P-01034,U-007,Officer,Medic,Maintenance,In Progress,60.5,Training,2019-07-06
P-01035,U-002,Junior,Operator,Planning,In Progress,59.5,Training,2018-04-20
P-01036,U-012,Lead,Engineer,Operations,In Progress,72.2,Training,2024-12-27
P-01037,U-007,Officer,Medic,Maintenance,In Progress,89.2,Deployed,2025-06-04
P-01038,U-032,Lead,Logistics,Operations,In Progress,77.1,Training,2024-02-17
P-01039,U-002,Junior,Medic,Systems,Complete,97.9,Deployed,2023-01-18
P-01040,U-021,Officer,Medic,Systems,Complete,93.4,Available,2019-12-26
P-01041,U-036,Lead,Engineer,Planning,In Progress,84.7,Deployed,2019-07-05
P-01042,U-020,Officer,Operator,Planning,In Progress,87.2,Training,2024-03-18
P-01043,U-044,Officer,Medic,Maintenance,In Progress,79.3,Training,2018-08-17
P-01044,U-026,Officer,Logistics,Operations,In Progress,66.9,Deployed,2021-08-05
P-01045,U-004,Junior,Engineer,Operations,In Progress,56.3,Deployed,2024-07-19
P-01046,U-002,Lead,Medic,Systems,In Progress,89.4,Deployed,2021-11-14
P-01047,U-023,Junior,Engineer,Maintenance,In Progress,73.5,Available,2025-04-08
P-01048,U-020,Junior,Analyst,Systems,In Progress,81.7,Deployed,2019-11-27
P-01049,U-002,Junior,Medic,Planning,In Progress,79.2,Training,2023-10-10
P-01050,U-058,Junior,Medic,Systems,In Progress,74.0,Deployed,2022-03-28
P-01051,U-037,Junior,Medic,Systems,In Progress,72.6,Training,2025-07-28
P-01052,U-014,Lead,Engineer,Operations,In Progress,70.1,Deployed,2022-11-21
P-01053,U-013,Junior,Logistics,Maintenance,In Progress,77.4,Deployed,2020-12-22
P-01054,U-004,Officer,Engineer,Systems,In Progress,68.4,Training,2024-06-26
P-01055,U-007,Lead,Operator,Planning,In Progress,81.6,Deployed,2020-05-09
P-01056,U-023,Lead,Logistics,Operations,Complete,90.8,Deployed,2025-06-10
P-01057,U-035,Officer,Medic,Operations,In Progress,69.1,Training,2023-10-12
P-01058,U-030,Senior,Operator,Maintenance,In Progress,85.2,Training,2023-08-07
P-01059,U-014,Officer,Analyst,Planning,In Progress,84.7,Training,2026-02-24
P-01060,U-041,Senior,Analyst,Planning,In Progress,57.7,Available,2020-09-11
P-01061,U-010,Lead,Medic,Planning,In Progress,88.6,Deployed,2018-09-21
P-01062,U-041,Officer,Analyst,Operations,In Progress,64.2,Training,2019-10-20
P-01063,U-017,Senior,Medic,Maintenance,In Progress,85.9,Available,2019-09-07
P-01064,U-013,Lead,Medic,Planning,In Progress,56.2,Training,2022-11-22
P-01065,U-028,Junior,Engineer,Maintenance,In Progress,84.1,Deployed,2019-07-13
P-01066,U-002,Lead,Logistics,Maintenance,In Progress,66.6,Training,2018-06-22
P-01067,U-047,Junior,Operator,Systems,In Progress,76.9,Deployed,2024-09-30
P-01068,U-020,Officer,Analyst,Systems,Complete,94.0,Deployed,2026-02-14
P-01069,U-054,Junior,Logistics,Systems,In Progress,61.3,Training,2025-06-13
P-01070,U-054,Lead,Medic,Systems,In Progress,81.1,Available,2024-09-22
P-01071,U-008,Lead,Analyst,Planning,In Progress,89.8,Training,2020-08-24
P-01072,U-060,Senior,Operator,Maintenance,In Progress,74.0,Available,2021-01-29
P-01073,U-029,Junior,Medic,Operations,In Progress,73.4,Training,2019-04-08
P-01074,U-021,Officer,Engineer,Operations,In Progress,79.6,Available,2022-01-26
P-01075,U-031,Lead,Operator,Systems,In Progress,87.2,Training,2025-06-05
P-01076,U-052,Senior,Analyst,Planning,Complete,97.3,Deployed,2025-03-02
P-01077,U-045,Junior,Logistics,Maintenance,In Progress,71.3,Deployed,2022-05-11
P-01078,U-001,Officer,Analyst,Operations,Complete,95.9,Available,2020-08-22
P-01079,U-020,Senior,Medic,Operations,In Progress,64.5,Training,2022-07-23
P-01080,U-051,Junior,Medic,Planning,In Progress,56.5,Training,2022-08-19
P-01081,U-060,Officer,Operator,Maintenance,Complete,92.9,Training,2020-12-04
P-01082,U-033,Officer,Logistics,Operations,In Progress,58.0,Deployed,2025-10-18
P-01083,U-002,Senior,Medic,Maintenance,In Progress,89.3,Available,2022-06-30
P-01084,U-013,Lead,Logistics,Systems,In Progress,83.3,Available,2019-10-09
P-01085,U-016,Senior,Logistics,Planning,In Progress,78.2,Deployed,2023-01-24
P-01086,U-031,Senior,Analyst,Maintenance,Complete,94.3,Training,2024-08-26
P-01087,U-053,Lead,Engineer,Systems,In Progress,69.7,Deployed,2022-02-14
P-01088,U-012,Officer,Logistics,Maintenance,In Progress,72.7,Available,2018-04-05
P-01089,U-060,Senior,Operator,Planning,In Progress,80.1,Available,2020-12-08
P-01090,U-045,Junior,Medic,Planning,Complete,93.3,Training,2020-12-01
P-01091,U-010,Lead,Engineer,Systems,In Progress,59.0,Available,2026-01-22
P-01092,U-034,Officer,Medic,Systems,In Progress,74.6,Available,2026-01-01
P-01093,U-014,Lead,Analyst,Planning,In Progress,63.6,Deployed,2019-06-18
P-01094,U-028,Senior,Analyst,Maintenance,Complete,93.5,Deployed,2020-01-09
P-01095,U-027,Junior,Analyst,Operations,Complete,90.7,Available,2024-12-05
P-01096,U-029,Lead,Logistics,Planning,Complete,95.8,Available,2018-02-12
P-01097,U-031,Lead,Medic,Maintenance,In Progress,61.0,Training,2022-04-20
P-01098,U-046,Lead,Operator,Systems,In Progress,74.0,Training,2018-08-29
P-01099,U-004,Senior,Medic,Operations,In Progress,70.0,Training,2025-07-10
P-01100,U-052,Junior,Operator,Operations,In Progress,81.9,Training,2024-12-13
P-01101,U-025,Officer,Analyst,Maintenance,In Progress,68.6,Training,2018-06-18
P-01102,U-038,Senior,Logistics,Planning,In Progress,63.1,Deployed,2023-04-02
P-01103,U-009,Officer,Engineer,Operations,In Progress,59.0,Available,2021-07-07
P-01104,U-003,Officer,Analyst,Operations,Complete,99.0,Deployed,2021-03-04
P-01105,U-058,Lead,Logistics,Operations,Complete,94.5,Deployed,2019-11-07
P-01106,U-021,Officer,Engineer,Planning,In Progress,88.2,Available,2020-02-13
P-01107,U-010,Senior,Operator,Planning,In Progress,57.5,Deployed,2019-11-01
P-01108,U-046,Junior,Medic,Systems,In Progress,76.0,Deployed,2021-12-31
P-01109,U-046,Officer,Medic,Systems,In Progress,80.2,Training,2019-08-30
P-01110,U-008,Senior,Analyst,Maintenance,In Progress,70.7,Available,2023-09-15
P-01111,U-053,Senior,Logistics,Systems,In Progress,67.3,Training,2024-05-26
P-01112,U-012,Junior,Engineer,Planning,In Progress,73.7,Training,2019-01-22
P-01113,U-057,Lead,Operator,Planning,In Progress,69.8,Deployed,2024-08-15
P-01114,U-060,Lead,Engineer,Systems,Complete,97.8,Available,2023-03-01
P-01115,U-054,Officer,Medic,Operations,In Progress,86.8,Training,2025-05-19
P-01116,U-001,Junior,Logistics,Planning,In Progress,69.8,Deployed,2026-03-16
P-01117,U-047,Senior,Engineer,Systems,Complete,95.8,Training,2021-03-04
P-01118,U-021,Junior,Logistics,Planning,Complete,90.9,Available,2022-06-22
P-01119,U-017,Officer,Operator,Systems,In Progress,63.0,Available,2019-10-30
P-01120,U-025,Lead,Engineer,Systems,Complete,90.1,Deployed,2023-07-04
P-01121,U-052,Lead,Logistics,Maintenance,In Progress,74.5,Deployed,2025-06-18
P-01122,U-007,Senior,Medic,Planning,Complete,92.4,Deployed,2023-05-06
P-01123,U-018,Officer,Operator,Planning,In Progress,80.3,Deployed,2024-11-19
P-01124,U-012,Officer,Operator,Systems,In Progress,74.5,Training,2021-10-31
P-01125,U-030,Senior,Medic,Systems,In Progress,85.4,Deployed,2023-04-02
P-01126,U-028,Officer,Analyst,Maintenance,In Progress,58.6,Available,2025-09-03
P-01127,U-058,Senior,Logistics,Planning,In Progress,68.5,Deployed,2024-05-17
P-01128,U-004,Junior,Logistics,Systems,In Progress,79.8,Training,2022-10-07
P-01129,U-027,Lead,Analyst,Operations,In Progress,59.3,Training,2018-12-01
P-01130,U-050,Junior,Medic,Maintenance,In Progress,77.7,Available,2022-05-29
P-01131,U-003,Lead,Analyst,Planning,In Progress,58.7,Training,2023-01-17
P-01132,U-040,Lead,Engineer,Maintenance,Complete,91.4,Available,2018-11-17
P-01133,U-048,Lead,Operator,Planning,Complete,99.2,Training,2018-03-15
P-01134,U-001,Junior,Engineer,Planning,In Progress,72.8,Deployed,2025-10-04
P-01135,U-026,Officer,Analyst,Operations,Complete,94.1,Training,2025-07-22
P-01136,U-045,Lead,Operator,Maintenance,In Progress,85.4,Available,2018-02-26
P-01137,U-013,Junior,Engineer,Systems,In Progress,60.0,Available,2023-05-25
P-01138,U-042,Senior,Medic,Maintenance,In Progress,61.5,Available,2021-05-17
P-01139,U-050,Officer,Medic,Systems,In Progress,75.9,Available,2019-11-12
P-01140,U-058,Officer,Medic,Planning,In Progress,61.9,Available,2023-01-16
P-01141,U-038,Lead,Logistics,Planning,In Progress,65.9,Available,2021-09-29
P-01142,U-001,Officer,Medic,Planning,In Progress,59.6,Training,2024-06-28
P-01143,U-039,Lead,Operator,Planning,In Progress,87.9,Deployed,2023-06-15
P-01144,U-033,Officer,Engineer,Systems,In Progress,81.6,Training,2018-03-19
P-01145,U-028,Junior,Analyst,Planning,In Progress,80.9,Deployed,2019-04-24
P-01146,U-032,Lead,Medic,Planning,In Progress,83.0,Available,2019-10-23
P-01147,U-019,Officer,Analyst,Planning,In Progress,87.7,Available,2023-09-11
P-01148,U-015,Lead,Logistics,Planning,In Progress,81.4,Available,2021-04-16
P-01149,U-047,Officer,Analyst,Planning,In Progress,87.0,Available,2024-12-22
P-01150,U-014,Junior,Medic,Maintenance,In Progress,67.7,Available,2020-03-28
P-01151,U-011,Junior,Medic,Planning,In Progress,82.3,Deployed,2020-08-19
P-01152,U-014,Junior,Analyst,Operations,In Progress,80.1,Deployed,2025-08-04
P-01153,U-011,Junior,Operator,Operations,In Progress,62.9,Deployed,2019-04-12
P-01154,U-040,Senior,Medic,Operations,In Progress,65.2,Deployed,2021-12-26
P-01155,U-050,Lead,Engineer,Systems,In Progress,57.1,Training,2018-07-26
P-01156,U-060,Officer,Operator,Systems,Complete,97.6,Training,2024-11-02
P-01157,U-051,Junior,Logistics,Systems,Complete,93.6,Training,2019-03-08
P-01158,U-011,Senior,Analyst,Maintenance,In Progress,83.3,Training,2021-04-11
P-01159,U-046,Officer,Operator,Maintenance,In Progress,74.9,Training,2022-01-29
P-01160,U-022,Junior,Engineer,Planning,Complete,91.9,Deployed,2018-01-27
P-01161,U-016,Officer,Analyst,Operations,Complete,92.6,Training,2019-12-03
P-01162,U-006,Officer,Analyst,Maintenance,In Progress,67.0,Available,2023-12-10
P-01163,U-027,Senior,Medic,Planning,Complete,90.4,Deployed,2023-02-23
P-01164,U-055,Lead,Operator,Planning,In Progress,78.2,Available,2018-02-10
P-01165,U-046,Junior,Operator,Operations,Complete,91.3,Deployed,2022-07-04
P-01166,U-050,Junior,Medic,Systems,In Progress,62.4,Training,2025-03-12
P-01167,U-010,Junior,Logistics,Operations,Complete,95.6,Deployed,2022-07-05
P-01168,U-057,Lead,Analyst,Operations,In Progress,85.6,Available,2021-02-19
P-01169,U-058,Senior,Medic,Planning,In Progress,78.8,Training,2020-04-20
P-01170,U-057,Officer,Analyst,Planning,In Progress,79.5,Available,2021-05-20
P-01171,U-006,Lead,Medic,Maintenance,In Progress,56.7,Training,2024-01-25
P-01172,U-019,Lead,Logistics,Operations,In Progress,64.6,Training,2019-10-18
P-01173,U-002,Lead,Engineer,Operations,In Progress,56.3,Training,2022-09-28
P-01174,U-033,Junior,Analyst,Operations,In Progress,60.0,Training,2023-09-10
P-01175,U-023,Junior,Medic,Operations,In Progress,60.6,Training,2018-01-22
P-01176,U-030,Senior,Logistics,Maintenance,In Progress,70.3,Deployed,2021-05-10
P-01177,U-019,Senior,Medic,Maintenance,In Progress,85.0,Available,2021-09-04
P-01178,U-034,Lead,Medic,Systems,In Progress,81.2,Available,2025-12-24
P-01179,U-028,Junior,Operator,Systems,Complete,92.3,Deployed,2019-06-17
P-01180,U-031,Junior,Analyst,Planning,In Progress,64.7,Training,2024-04-08
P-01181,U-034,Lead,Logistics,Planning,Complete,90.0,Training,2022-10-01
P-01182,U-029,Officer,Medic,Maintenance,In Progress,86.0,Available,2023-09-03
P-01183,U-009,Officer,Engineer,Systems,In Progress,76.8,Training,2020-05-20
P-01184,U-030,Senior,Logistics,Operations,In Progress,76.3,Available,2024-09-30
P-01185,U-055,Junior,Analyst,Operations,In Progress,73.4,Available,2023-11-12
P-01186,U-010,Lead,Analyst,Operations,In Progress,60.3,Deployed,2023-06-14
P-01187,U-002,Senior,Logistics,Planning,Complete,90.6,Available,2021-06-03
P-01188,U-057,Senior,Medic,Systems,In Progress,67.8,Available,2024-02-21
P-01189,U-023,Junior,Medic,Planning,In Progress,58.0,Training,2021-06-22
P-01190,U-037,Lead,Medic,Planning,In Progress,75.4,Training,2024-10-16
P-01191,U-009,Officer,Medic,Planning,In Progress,89.3,Available,2026-03-01
P-01192,U-021,Officer,Medic,Maintenance,In Progress,59.0,Deployed,2021-10-20
P-01193,U-035,Officer,Analyst,Systems,In Progress,57.1,Available,2025-12-06
P-01194,U-002,Lead,Logistics,Systems,In Progress,80.7,Training,2024-04-10
P-01195,U-006,Junior,Logistics,Maintenance,In Progress,63.7,Deployed,2023-08-21
P-01196,U-058,Senior,Operator,Operations,In Progress,55.8,Available,2020-10-01
P-01197,U-054,Officer,Operator,Operations,In Progress,86.8,Deployed,2024-08-09
P-01198,U-003,Junior,Analyst,Planning,In Progress,77.1,Available,2022-08-27
P-01199,U-002,Lead,Medic,Operations,Complete,93.7,Available,2019-04-15
P-01200,U-007,Lead,Engineer,Maintenance,In Progress,79.4,Deployed,2019-01-03
P-01201,U-010,Officer,Engineer,Systems,In Progress,68.8,Training,2021-08-25
P-01202,U-012,Junior,Analyst,Planning,In Progress,56.2,Available,2021-08-03
P-01203,U-010,Lead,Analyst,Planning,In Progress,73.6,Available,2018-08-01
P-01204,U-013,Senior,Medic,Planning,In Progress,65.8,Available,2021-01-08
P-01205,U-004,Officer,Operator,Planning,In Progress,69.3,Available,2022-07-28
P-01206,U-041,Junior,Analyst,Systems,In Progress,65.5,Available,2024-03-22
P-01207,U-042,Lead,Logistics,Planning,Complete,90.3,Deployed,2018-12-10
P-01208,U-055,Senior,Engineer,Operations,In Progress,83.6,Training,2019-11-20
P-01209,U-051,Officer,Logistics,Planning,In Progress,66.0,Available,2018-01-05
P-01210,U-053,Lead,Engineer,Systems,In Progress,75.9,Available,2023-05-30
P-01211,U-018,Officer,Analyst,Maintenance,In Progress,81.9,Training,2023-09-22
P-01212,U-019,Junior,Analyst,Systems,In Progress,57.0,Deployed,2025-10-31
P-01213,U-008,Lead,Medic,Maintenance,Complete,92.4,Training,2023-08-30
P-01214,U-052,Lead,Analyst,Planning,In Progress,69.3,Deployed,2020-10-04
P-01215,U-043,Lead,Engineer,Planning,Complete,99.2,Training,2021-09-07
P-01216,U-002,Senior,Operator,Planning,Complete,96.1,Available,2018-02-09
P-01217,U-044,Officer,Medic,Systems,In Progress,62.8,Training,2025-04-21
P-01218,U-005,Officer,Operator,Operations,In Progress,79.2,Deployed,2024-09-28
P-01219,U-023,Junior,Operator,Planning,In Progress,72.4,Deployed,2020-03-01
P-01220,U-029,Junior,Analyst,Operations,In Progress,55.4,Available,2019-01-04
P-01221,U-053,Lead,Engineer,Maintenance,In Progress,82.6,Deployed,2022-01-26
P-01222,U-003,Senior,Operator,Maintenance,In Progress,67.6,Training,2022-06-11
P-01223,U-008,Officer,Engineer,Maintenance,Complete,94.1,Training,2024-05-06
P-01224,U-044,Senior,Operator,Maintenance,In Progress,85.7,Training,2018-09-24
P-01225,U-009,Senior,Logistics,Operations,In Progress,66.7,Available,2025-08-09
P-01226,U-002,Lead,Logistics,Planning,Complete,99.6,Available,2022-10-16
P-01227,U-042,Junior,Analyst,Planning,In Progress,85.3,Deployed,2021-01-27
P-01228,U-008,Officer,Medic,Operations,In Progress,85.6,Training,2018-06-28
P-01229,U-057,Junior,Analyst,Planning,In Progress,87.5,Training,2023-01-13
P-01230,U-021,Senior,Analyst,Systems,In Progress,55.2,Training,2018-04-14
P-01231,U-048,Officer,Operator,Maintenance,In Progress,65.2,Available,2019-11-05
P-01232,U-022,Junior,Operator,Planning,In Progress,69.0,Deployed,2018-04-09
P-01233,U-038,Lead,Analyst,Maintenance,Complete,90.9,Available,2023-04-24
P-01234,U-016,Junior,Analyst,Maintenance,Complete,98.1,Available,2024-09-23
P-01235,U-040,Junior,Medic,Systems,In Progress,74.7,Available,2018-09-06
P-01236,U-059,Lead,Operator,Maintenance,In Progress,56.5,Available,2022-12-16
P-01237,U-004,Officer,Operator,Systems,In Progress,68.6,Training,2018-08-17
P-01238,U-036,Officer,Medic,Systems,In Progress,57.3,Training,2022-08-11
P-01239,U-015,Junior,Medic,Planning,Complete,93.9,Deployed,2022-10-20
P-01240,U-057,Junior,Analyst,Systems,In Progress,82.9,Deployed,2023-10-20
P-01241,U-022,Junior,Operator,Systems,In Progress,81.5,Training,2025-12-31
P-01242,U-005,Senior,Logistics,Maintenance,In Progress,81.7,Training,2023-09-16
P-01243,U-017,Officer,Logistics,Planning,In Progress,71.0,Available,2020-09-22
P-01244,U-009,Junior,Engineer,Operations,Complete,90.9,Training,2022-11-21
P-01245,U-033,Lead,Analyst,Maintenance,Complete,98.2,Available,2023-04-08
P-01246,U-020,Lead,Analyst,Systems,In Progress,82.1,Training,2024-07-30
P-01247,U-043,Junior,Engineer,Systems,In Progress,85.5,Deployed,2021-11-09
P-01248,U-013,Senior,Operator,Operations,Complete,98.9,Available,2025-06-28
P-01249,U-031,Officer,Logistics,Operations,In Progress,86.3,Training,2024-05-07
P-01250,U-022,Officer,Analyst,Maintenance,In Progress,82.7,Available,2023-02-04
P-01251,U-057,Junior,Medic,Maintenance,Complete,90.5,Available,2025-03-01
P-01252,U-015,Officer,Logistics,Maintenance,In Progress,86.2,Available,2023-05-24
P-01253,U-048,Lead,Medic,Maintenance,In Progress,89.6,Deployed,2020-01-25
P-01254,U-053,Lead,Operator,Systems,Complete,99.5,Deployed,2018-05-03
P-01255,U-036,Lead,Medic,Maintenance,In Progress,60.2,Training,2024-07-26
P-01256,U-059,Junior,Operator,Maintenance,In Progress,89.4,Available,2021-03-09
P-01257,U-012,Lead,Engineer,Operations,In Progress,64.9,Training,2020-10-04
P-01258,U-012,Senior,Analyst,Systems,In Progress,63.8,Available,2025-08-06
P-01259,U-009,Junior,Analyst,Maintenance,In Progress,72.1,Deployed,2023-02-12
P-01260,U-016,Lead,Engineer,Planning,In Progress,71.6,Training,2018-09-25
P-01261,U-008,Senior,Engineer,Maintenance,In Progress,61.5,Training,2022-03-30
P-01262,U-045,Officer,Engineer,Systems,In Progress,71.8,Training,2024-08-02
P-01263,U-013,Lead,Engineer,Operations,Complete,93.4,Available,2018-08-07
P-01264,U-041,Senior,Logistics,Planning,Complete,90.8,Available,2026-02-27
P-01265,U-006,Junior,Engineer,Planning,Complete,90.3,Training,2023-09-17
P-01266,U-024,Officer,Engineer,Operations,In Progress,77.4,Training,2022-03-12
P-01267,U-034,Officer,Medic,Operations,In Progress,86.3,Training,2022-07-01
P-01268,U-041,Junior,Engineer,Maintenance,Complete,96.5,Available,2023-01-26
P-01269,U-056,Senior,Analyst,Planning,In Progress,65.5,Deployed,2024-05-29
P-01270,U-011,Lead,Analyst,Systems,Complete,97.1,Available,2018-12-11
P-01271,U-019,Lead,Engineer,Systems,In Progress,75.0,Deployed,2023-09-30
P-01272,U-040,Officer,Medic,Planning,In Progress,70.1,Deployed,2022-02-14
P-01273,U-052,Lead,Medic,Systems,In Progress,77.4,Available,2022-12-15
P-01274,U-015,Junior,Analyst,Systems,In Progress,67.0,Deployed,2023-08-18
P-01275,U-033,Junior,Analyst,Maintenance,In Progress,79.6,Available,2019-05-01
P-01276,U-005,Senior,Analyst,Maintenance,In Progress,71.2,Training,2021-09-10
P-01277,U-017,Lead,Engineer,Maintenance,In Progress,68.6,Training,2024-02-03
P-01278,U-059,Lead,Analyst,Operations,In Progress,66.8,Deployed,2022-07-20
P-01279,U-053,Junior,Medic,Maintenance,In Progress,81.1,Deployed,2020-07-21
P-01280,U-015,Senior,Medic,Maintenance,In Progress,87.6,Training,2024-08-01
P-01281,U-051,Officer,Medic,Operations,In Progress,79.9,Available,2021-07-06
P-01282,U-055,Officer,Engineer,Planning,In Progress,63.5,Deployed,2024-04-06
P-01283,U-002,Senior,Analyst,Systems,In Progress,71.9,Deployed,2025-05-22
P-01284,U-054,Senior,Medic,Planning,In Progress,71.0,Training,2022-07-11
P-01285,U-049,Lead,Analyst,Systems,Complete,90.0,Training,2018-05-12
P-01286,U-060,Lead,Logistics,Planning,In Progress,61.3,Deployed,2020-04-16
P-01287,U-026,Officer,Engineer,Planning,In Progress,57.9,Available,2021-09-08
P-01288,U-037,Lead,Operator,Maintenance,Complete,98.3,Available,2025-07-27
P-01289,U-036,Officer,Operator,Maintenance,In Progress,63.0,Available,2018-10-12
P-01290,U-059,Lead,Engineer,Maintenance,Complete,98.3,Deployed,2025-05-25
P-01291,U-034,Junior,Analyst,Systems,In Progress,58.1,Available,2021-08-31
P-01292,U-056,Officer,Engineer,Systems,Complete,95.9,Available,2024-01-07
P-01293,U-027,Junior,Medic,Maintenance,In Progress,76.5,Available,2020-04-22
P-01294,U-020,Officer,Engineer,Operations,In Progress,74.4,Training,2020-04-11
P-01295,U-033,Officer,Analyst,Maintenance,In Progress,87.3,Available,2019-08-08
P-01296,U-029,Officer,Logistics,Maintenance,In Progress,57.9,Training,2021-09-09
P-01297,U-059,Officer,Medic,Planning,In Progress,80.6,Training,2018-06-10
P-01298,U-048,Officer,Analyst,Operations,In Progress,59.1,Deployed,2024-11-15
P-01299,U-053,Senior,Medic,Maintenance,Complete,91.4,Available,2024-12-05
P-01300,U-047,Officer,Engineer,Systems,In Progress,74.4,Deployed,2025-11-01
P-01301,U-003,Senior,Analyst,Operations,In Progress,65.8,Training,2018-10-01
P-01302,U-045,Senior,Medic,Planning,In Progress,87.7,Training,2019-05-12
P-01303,U-024,Junior,Logistics,Operations,In Progress,58.4,Deployed,2023-01-22
P-01304,U-011,Junior,Medic,Systems,In Progress,66.4,Available,2025-03-01
P-01305,U-045,Officer,Medic,Operations,In Progress,85.4,Training,2022-06-24
P-01306,U-055,Junior,Operator,Operations,In Progress,63.7,Available,2025-12-14
P-01307,U-059,Officer,Medic,Planning,In Progress,61.1,Available,2018-12-05
P-01308,U-036,Officer,Engineer,Planning,In Progress,84.6,Deployed,2019-10-23
P-01309,U-011,Junior,Engineer,Operations,Complete,92.7,Available,2023-12-30
P-01310,U-048,Junior,Operator,Operations,In Progress,72.6,Available,2022-12-10
P-01311,U-023,Junior,Logistics,Maintenance,In Progress,63.0,Deployed,2025-10-24
P-01312,U-004,Junior,Medic,Operations,Complete,92.6,Deployed,2018-08-03
P-01313,U-039,Officer,Engineer,Maintenance,In Progress,55.2,Deployed,2020-09-04
P-01314,U-013,Officer,Operator,Systems,In Progress,59.1,Deployed,2020-02-27
P-01315,U-044,Senior,Operator,Maintenance,In Progress,85.1,Training,2019-11-16
P-01316,U-003,Junior,Analyst,Operations,In Progress,73.7,Training,2025-01-11
P-01317,U-013,Officer,Medic,Systems,In Progress,83.1,Available,2020-05-25
P-01318,U-007,Senior,Operator,Planning,In Progress,71.0,Training,2021-07-19
P-01319,U-001,Officer,Engineer,Systems,In Progress,72.5,Training,2021-02-14
P-01320,U-042,Junior,Operator,Maintenance,In Progress,83.1,Deployed,2021-05-20
P-01321,U-050,Junior,Logistics,Maintenance,In Progress,81.9,Deployed,2019-01-24
P-01322,U-039,Officer,Engineer,Operations,In Progress,69.6,Available,2025-02-15
P-01323,U-049,Lead,Medic,Systems,Complete,94.8,Deployed,2018-03-14
P-01324,U-039,Officer,Medic,Maintenance,Complete,96.0,Training,2024-08-03
P-01325,U-046,Senior,Operator,Systems,Complete,99.5,Deployed,2020-08-26
P-01326,U-048,Senior,Logistics,Systems,In Progress,74.3,Available,2019-07-18
P-01327,U-024,Senior,Engineer,Planning,In Progress,77.4,Available,2025-03-14
P-01328,U-003,Officer,Analyst,Maintenance,In Progress,65.7,Deployed,2021-07-24
P-01329,U-042,Junior,Logistics,Planning,Complete,90.4,Training,2021-03-27
P-01330,U-049,Lead,Analyst,Maintenance,In Progress,56.1,Available,2024-01-19
P-01331,U-004,Senior,Engineer,Planning,Complete,95.8,Training,2021-08-10
P-01332,U-012,Junior,Operator,Planning,In Progress,74.9,Available,2020-02-28
P-01333,U-004,Senior,Engineer,Maintenance,In Progress,83.5,Available,2019-12-13
P-01334,U-038,Senior,Engineer,Systems,In Progress,79.7,Deployed,2026-02-17
P-01335,U-030,Senior,Engineer,Planning,In Progress,69.0,Available,2024-10-17
P-01336,U-016,Officer,Engineer,Operations,In Progress,68.6,Deployed,2018-11-24
P-01337,U-024,Senior,Medic,Planning,In Progress,72.9,Deployed,2023-09-01
P-01338,U-040,Senior,Medic,Systems,In Progress,88.1,Deployed,2022-10-17
P-01339,U-055,Lead,Logistics,Maintenance,In Progress,58.7,Training,2026-02-24
P-01340,U-012,Officer,Analyst,Planning,In Progress,66.6,Deployed,2022-03-17
P-01341,U-036,Junior,Analyst,Maintenance,In Progress,82.3,Training,2023-04-07
P-01342,U-013,Senior,Operator,Systems,In Progress,62.0,Training,2026-03-11
P-01343,U-047,Officer,Medic,Planning,In Progress,71.8,Training,2022-03-09
P-01344,U-025,Junior,Medic,Systems,In Progress,77.0,Available,2022-04-26
P-01345,U-060,Senior,Medic,Operations,In Progress,80.5,Training,2021-11-28
P-01346,U-033,Lead,Operator,Planning,In Progress,86.9,Deployed,2020-10-07
P-01347,U-016,Lead,Operator,Maintenance,In Progress,76.5,Deployed,2024-10-15
P-01348,U-030,Senior,Analyst,Maintenance,Complete,97.5,Training,2024-06-26
P-01349,U-043,Junior,Operator,Systems,Complete,92.9,Training,2025-12-24
P-01350,U-059,Junior,Logistics,Maintenance,In Progress,72.3,Deployed,2019-11-11
P-01351,U-054,Lead,Logistics,Planning,In Progress,74.2,Training,2021-06-15
P-01352,U-047,Junior,Operator,Operations,In Progress,73.5,Available,2021-01-06
P-01353,U-048,Officer,Analyst,Systems,In Progress,64.4,Available,2023-07-08
P-01354,U-001,Officer,Logistics,Planning,In Progress,59.4,Training,2021-03-27
P-01355,U-047,Senior,Analyst,Maintenance,In Progress,74.4,Training,2019-07-05
P-01356,U-013,Junior,Medic,Maintenance,In Progress,76.9,Available,2020-04-03
P-01357,U-004,Senior,Analyst,Planning,In Progress,88.7,Deployed,2025-01-11
P-01358,U-059,Senior,Operator,Operations,In Progress,83.1,Available,2022-03-28
P-01359,U-008,Lead,Operator,Maintenance,In Progress,67.5,Deployed,2023-06-11
P-01360,U-044,Junior,Operator,Operations,In Progress,89.2,Available,2025-06-18
P-01361,U-038,Junior,Operator,Maintenance,Complete,90.5,Training,2018-01-30
P-01362,U-025,Lead,Medic,Planning,In Progress,82.1,Deployed,2024-10-11
P-01363,U-028,Lead,Analyst,Maintenance,In Progress,70.1,Deployed,2025-06-17
P-01364,U-026,Junior,Analyst,Operations,In Progress,72.0,Available,2018-01-13
P-01365,U-030,Officer,Engineer,Systems,Complete,94.2,Training,2019-05-19
P-01366,U-056,Senior,Analyst,Planning,In Progress,78.9,Training,2025-09-11
P-01367,U-043,Officer,Engineer,Systems,Complete,94.1,Training,2021-08-12
P-01368,U-002,Junior,Analyst,Planning,In Progress,83.5,Available,2024-10-21
P-01369,U-032,Junior,Analyst,Planning,In Progress,73.0,Deployed,2025-05-20
P-01370,U-055,Junior,Medic,Operations,In Progress,86.5,Training,2020-03-10
P-01371,U-046,Junior,Engineer,Planning,In Progress,61.4,Available,2021-05-19
P-01372,U-054,Officer,Engineer,Planning,In Progress,85.3,Available,2023-05-29
P-01373,U-043,Senior,Engineer,Maintenance,In Progress,79.3,Training,2025-11-06
P-01374,U-006,Junior,Engineer,Operations,In Progress,59.7,Deployed,2021-02-22
P-01375,U-015,Officer,Operator,Maintenance,In Progress,87.4,Training,2025-02-08
P-01376,U-047,Lead,Engineer,Systems,In Progress,77.1,Training,2021-11-06
P-01377,U-025,Officer,Logistics,Planning,Complete,96.0,Available,2020-07-04
P-01378,U-017,Junior,Operator,Systems,In Progress,60.2,Deployed,2024-08-22
P-01379,U-060,Junior,Logistics,Operations,In Progress,63.5,Available,2021-07-07
P-01380,U-025,Junior,Analyst,Systems,In Progress,81.0,Training,2024-01-03
P-01381,U-013,Officer,Analyst,Operations,Complete,93.1,Training,2019-06-02
P-01382,U-034,Senior,Operator,Planning,In Progress,84.9,Available,2024-01-14
P-01383,U-055,Senior,Analyst,Maintenance,In Progress,75.7,Deployed,2025-08-17
P-01384,U-030,Lead,Engineer,Systems,In Progress,61.6,Training,2021-08-04
P-01385,U-020,Junior,Analyst,Planning,In Progress,77.6,Training,2020-06-02
P-01386,U-032,Officer,Operator,Operations,In Progress,68.1,Available,2026-01-14
P-01387,U-014,Senior,Operator,Maintenance,Complete,93.2,Deployed,2026-02-27
P-01388,U-026,Senior,Operator,Planning,In Progress,68.5,Deployed,2022-09-27
P-01389,U-044,Lead,Medic,Planning,In Progress,76.3,Available,2023-12-03
P-01390,U-047,Senior,Logistics,Planning,In Progress,67.7,Available,2019-06-21
P-01391,U-021,Junior,Analyst,Planning,In Progress,88.9,Training,2019-11-02
P-01392,U-037,Officer,Analyst,Maintenance,In Progress,61.2,Available,2020-06-12
P-01393,U-052,Junior,Analyst,Systems,In Progress,88.7,Training,2019-08-28
P-01394,U-025,Officer,Engineer,Systems,Complete,97.8,Available,2021-12-27
P-01395,U-031,Junior,Operator,Operations,In Progress,63.1,Training,2022-11-12
P-01396,U-010,Officer,Engineer,Systems,In Progress,83.2,Available,2020-09-13
P-01397,U-026,Senior,Medic,Systems,In Progress,77.0,Deployed,2025-04-17
P-01398,U-025,Officer,Analyst,Systems,In Progress,67.4,Available,2019-04-23
P-01399,U-006,Senior,Operator,Planning,In Progress,60.5,Deployed,2025-10-12
P-01400,U-048,Senior,Medic,Planning,In Progress,59.3,Training,2025-11-18
P-01401,U-028,Senior,Operator,Operations,In Progress,68.4,Available,2026-01-02
P-01402,U-059,Senior,Medic,Systems,Complete,93.8,Deployed,2024-03-27
P-01403,U-053,Officer,Operator,Systems,In Progress,79.1,Available,2025-05-21
P-01404,U-058,Senior,Operator,Planning,In Progress,60.3,Deployed,2019-05-19
P-01405,U-003,Senior,Engineer,Systems,In Progress,60.8,Training,2020-11-17
P-01406,U-055,Junior,Operator,Operations,In Progress,88.9,Deployed,2024-02-08
P-01407,U-011,Junior,Engineer,Operations,In Progress,74.0,Available,2023-10-29
P-01408,U-058,Officer,Engineer,Planning,Complete,90.2,Training,2021-07-05
P-01409,U-034,Lead,Logistics,Maintenance,Complete,96.0,Training,2019-02-10
P-01410,U-043,Senior,Operator,Maintenance,Complete,91.9,Available,2021-05-12
P-01411,U-055,Senior,Logistics,Maintenance,Complete,92.5,Training,2022-01-10
P-01412,U-018,Officer,Operator,Operations,In Progress,60.8,Deployed,2022-04-13
P-01413,U-042,Officer,Medic,Systems,Complete,95.7,Deployed,2025-08-03
P-01414,U-028,Senior,Logistics,Maintenance,Complete,97.3,Available,2025-01-22
P-01415,U-047,Senior,Analyst,Maintenance,In Progress,67.1,Deployed,2019-09-21
P-01416,U-021,Officer,Medic,Systems,Complete,99.7,Training,2020-10-10
P-01417,U-005,Junior,Logistics,Planning,In Progress,67.2,Available,2021-09-11
P-01418,U-041,Lead,Analyst,Maintenance,In Progress,59.0,Available,2021-01-25
P-01419,U-001,Senior,Medic,Systems,In Progress,59.4,Available,2019-12-21
P-01420,U-034,Lead,Logistics,Planning,In Progress,87.8,Available,2023-12-07
P-01421,U-023,Lead,Logistics,Operations,In Progress,86.5,Training,2019-02-10
P-01422,U-058,Lead,Medic,Maintenance,In Progress,57.2,Deployed,2025-08-08
P-01423,U-051,Officer,Medic,Maintenance,In Progress,78.9,Deployed,2018-02-08
P-01424,U-044,Senior,Engineer,Maintenance,In Progress,78.1,Deployed,2024-05-13
P-01425,U-048,Lead,Engineer,Planning,In Progress,67.0,Training,2023-02-19
P-01426,U-012,Lead,Medic,Operations,In Progress,74.8,Deployed,2022-10-19
P-01427,U-034,Senior,Analyst,Systems,Complete,97.4,Deployed,2022-07-24
P-01428,U-050,Junior,Operator,Systems,In Progress,69.1,Training,2020-09-10
P-01429,U-006,Junior,Operator,Operations,In Progress,62.4,Training,2023-07-12
P-01430,U-052,Officer,Logistics,Maintenance,Complete,94.3,Deployed,2023-08-02
P-01431,U-033,Junior,Medic,Systems,In Progress,85.8,Training,2020-02-18
P-01432,U-059,Junior,Medic,Operations,Complete,92.4,Available,2025-06-01
P-01433,U-059,Junior,Logistics,Planning,Complete,92.1,Available,2025-07-25
P-01434,U-060,Senior,Engineer,Systems,Complete,94.7,Deployed,2019-07-01
P-01435,U-033,Junior,Medic,Planning,In Progress,70.9,Deployed,2019-11-30
P-01436,U-024,Lead,Engineer,Systems,Complete,98.6,Deployed,2021-05-10
P-01437,U-031,Senior,Operator,Planning,In Progress,68.2,Available,2021-06-02
P-01438,U-060,Junior,Medic,Planning,Complete,97.0,Available,2021-12-28
P-01439,U-001,Lead,Analyst,Operations,In Progress,82.7,Available,2018-01-22
P-01440,U-023,Senior,Medic,Operations,Complete,95.1,Available,2019-02-20
P-01441,U-028,Junior,Logistics,Maintenance,In Progress,77.1,Deployed,2019-05-23
P-01442,U-059,Senior,Analyst,Maintenance,In Progress,76.9,Deployed,2022-06-08
P-01443,U-024,Officer,Engineer,Operations,In Progress,68.5,Available,2022-12-02
P-01444,U-043,Senior,Engineer,Operations,Complete,92.8,Training,2022-11-13
P-01445,U-001,Senior,Operator,Maintenance,In Progress,71.2,Deployed,2018-06-14
P-01446,U-009,Lead,Operator,Maintenance,In Progress,72.8,Training,2020-03-26
P-01447,U-031,Lead,Operator,Planning,Complete,98.2,Deployed,2024-03-03
P-01448,U-032,Senior,Analyst,Planning,Complete,91.0,Training,2026-02-21
P-01449,U-060,Officer,Engineer,Systems,In Progress,88.4,Available,2018-03-28
P-01450,U-009,Junior,Engineer,Systems,In Progress,62.0,Training,2021-11-02
P-01451,U-028,Junior,Medic,Planning,Complete,98.9,Deployed,2021-03-01
P-01452,U-032,Officer,Engineer,Maintenance,In Progress,58.7,Training,2023-09-26
P-01453,U-012,Junior,Analyst,Maintenance,In Progress,66.2,Training,2022-10-24
P-01454,U-013,Junior,Logistics,Maintenance,In Progress,76.3,Available,2024-08-18
P-01455,U-041,Senior,Operator,Maintenance,In Progress,83.6,Deployed,2018-06-07
P-01456,U-018,Senior,Medic,Systems,Complete,99.6,Training,2020-03-28
P-01457,U-006,Officer,Medic,Operations,Complete,93.9,Training,2025-02-07
P-01458,U-015,Officer,Medic,Systems,In Progress,65.0,Training,2022-10-16
P-01459,U-042,Junior,Analyst,Operations,In Progress,57.3,Deployed,2021-12-08
P-01460,U-046,Lead,Operator,Maintenance,In Progress,73.8,Available,2018-01-03
P-01461,U-004,Lead,Engineer,Operations,In Progress,84.7,Deployed,2021-02-21
P-01462,U-059,Officer,Engineer,Operations,In Progress,82.3,Deployed,2022-01-29
P-01463,U-022,Junior,Operator,Maintenance,In Progress,68.7,Deployed,2022-01-16
P-01464,U-048,Lead,Engineer,Operations,Complete,91.5,Available,2024-07-21
P-01465,U-025,Junior,Engineer,Systems,In Progress,58.9,Available,2024-07-30
P-01466,U-059,Senior,Engineer,Planning,Complete,94.8,Available,2018-11-03
P-01467,U-035,Lead,Medic,Maintenance,In Progress,82.9,Training,2026-01-31
P-01468,U-010,Senior,Medic,Operations,In Progress,57.0,Training,2021-11-23
P-01469,U-058,Junior,Medic,Systems,In Progress,71.5,Deployed,2022-09-13
P-01470,U-034,Junior,Engineer,Operations,Complete,96.9,Training,2019-06-13
P-01471,U-019,Junior,Engineer,Planning,In Progress,57.0,Deployed,2025-09-05
P-01472,U-035,Junior,Engineer,Planning,Complete,94.2,Training,2022-04-23
P-01473,U-036,Officer,Logistics,Operations,Complete,90.1,Available,2020-01-24
P-01474,U-001,Senior,Logistics,Systems,In Progress,62.2,Training,2023-02-09
P-01475,U-033,Lead,Analyst,Maintenance,In Progress,86.8,Deployed,2025-12-11
P-01476,U-018,Senior,Engineer,Systems,In Progress,79.8,Training,2020-09-02
P-01477,U-019,Senior,Analyst,Maintenance,In Progress,56.8,Deployed,2018-07-31
P-01478,U-042,Senior,Logistics,Systems,Complete,99.1,Available,2025-04-10
P-01479,U-023,Lead,Analyst,Systems,In Progress,83.5,Training,2024-02-28
P-01480,U-017,Officer,Logistics,Operations,In Progress,87.5,Deployed,2018-08-23
P-01481,U-041,Lead,Engineer,Operations,Complete,91.7,Available,2020-11-14
P-01482,U-002,Junior,Medic,Operations,In Progress,79.2,Training,2025-02-11
P-01483,U-039,Officer,Engineer,Operations,In Progress,79.8,Deployed,2020-04-15
P-01484,U-038,Officer,Engineer,Planning,In Progress,83.3,Available,2026-03-09
P-01485,U-047,Senior,Medic,Systems,In Progress,74.5,Deployed,2020-01-14
P-01486,U-030,Senior,Engineer,Planning,In Progress,63.3,Training,2020-01-09
P-01487,U-042,Lead,Engineer,Maintenance,In Progress,67.7,Deployed,2025-09-16
P-01488,U-039,Senior,Operator,Planning,In Progress,63.5,Available,2023-02-07
P-01489,U-059,Officer,Operator,Maintenance,In Progress,84.0,Training,2018-02-18
P-01490,U-039,Officer,Operator,Systems,In Progress,59.5,Available,2025-03-24
P-01491,U-060,Senior,Operator,Operations,In Progress,57.0,Available,2025-01-13
P-01492,U-039,Junior,Operator,Operations,In Progress,55.6,Training,2018-12-15
P-01493,U-013,Officer,Engineer,Operations,In Progress,61.3,Deployed,2023-05-16
P-01494,U-010,Lead,Logistics,Systems,In Progress,66.0,Available,2018-07-02
P-01495,U-007,Junior,Logistics,Planning,In Progress,79.5,Available,2018-01-05
P-01496,U-059,Senior,Medic,Planning,In Progress,65.1,Available,2021-12-18
P-01497,U-042,Officer,Operator,Planning,In Progress,67.9,Available,2019-03-28
P-01498,U-015,Lead,Analyst,Systems,In Progress,59.6,Training,2021-09-28
P-01499,U-008,Junior,Operator,Maintenance,In Progress,71.2,Available,2022-10-22
P-01500,U-034,Senior,Medic,Maintenance,In Progress,70.1,Training,2025-09-15
P-01501,U-020,Lead,Analyst,Systems,In Progress,83.1,Deployed,2023-08-07
P-01502,U-043,Lead,Operator,Systems,In Progress,71.6,Available,2025-05-10
P-01503,U-010,Officer,Medic,Planning,In Progress,69.4,Available,2019-04-09
P-01504,U-037,Lead,Engineer,Systems,In Progress,74.2,Deployed,2019-06-07
P-01505,U-012,Lead,Analyst,Planning,In Progress,89.5,Deployed,2023-05-26
P-01506,U-045,Lead,Engineer,Maintenance,Complete,98.8,Deployed,2022-09-11
P-01507,U-036,Officer,Logistics,Maintenance,In Progress,77.4,Deployed,2018-12-09
P-01508,U-038,Senior,Operator,Maintenance,In Progress,87.2,Deployed,2018-01-12
P-01509,U-014,Junior,Analyst,Planning,Complete,99.7,Available,2019-03-28
P-01510,U-004,Lead,Engineer,Operations,Complete,96.0,Deployed,2019-08-14
P-01511,U-054,Officer,Engineer,Maintenance,Complete,93.4,Available,2018-08-17
P-01512,U-048,Senior,Medic,Systems,In Progress,61.2,Training,2022-10-06
P-01513,U-024,Junior,Logistics,Systems,In Progress,57.4,Deployed,2024-08-29
P-01514,U-056,Senior,Analyst,Maintenance,In Progress,62.1,Available,2020-09-30
P-01515,U-005,Officer,Engineer,Maintenance,In Progress,55.6,Deployed,2019-07-28
P-01516,U-048,Lead,Medic,Planning,In Progress,78.7,Training,2021-10-13
P-01517,U-029,Junior,Analyst,Systems,Complete,90.2,Available,2018-09-03
P-01518,U-057,Senior,Logistics,Maintenance,In Progress,83.9,Available,2022-06-12
P-01519,U-054,Officer,Logistics,Operations,In Progress,74.1,Training,2023-08-18
P-01520,U-020,Officer,Engineer,Operations,In Progress,86.9,Available,2023-11-07
P-01521,U-025,Senior,Engineer,Planning,Complete,99.0,Training,2018-08-18
P-01522,U-015,Junior,Medic,Planning,In Progress,72.7,Deployed,2025-04-27
P-01523,U-042,Officer,Engineer,Systems,In Progress,73.2,Deployed,2025-04-02
P-01524,U-028,Junior,Operator,Systems,In Progress,63.8,Deployed,2024-10-06
P-01525,U-050,Junior,Engineer,Operations,Complete,93.1,Available,2024-01-28
P-01526,U-007,Junior,Analyst,Maintenance,In Progress,57.9,Training,2020-04-06
P-01527,U-041,Senior,Analyst,Systems,Complete,96.8,Training,2024-05-02
P-01528,U-003,Officer,Operator,Systems,In Progress,80.4,Deployed,2019-01-17
P-01529,U-020,Lead,Analyst,Planning,In Progress,55.4,Training,2020-03-09
P-01530,U-021,Lead,Engineer,Systems,In Progress,88.8,Deployed,2022-07-27
P-01531,U-058,Junior,Logistics,Maintenance,In Progress,88.4,Available,2024-08-02
P-01532,U-051,Junior,Analyst,Maintenance,In Progress,72.2,Available,2025-08-27
P-01533,U-030,Junior,Engineer,Maintenance,In Progress,58.5,Training,2025-05-03
P-01534,U-010,Senior,Logistics,Operations,In Progress,89.6,Deployed,2019-06-22
P-01535,U-022,Officer,Operator,Planning,In Progress,68.1,Available,2020-05-05
P-01536,U-040,Senior,Logistics,Planning,In Progress,82.3,Available,2018-03-03
P-01537,U-010,Lead,Logistics,Systems,In Progress,89.5,Deployed,2019-01-21
P-01538,U-030,Lead,Engineer,Systems,In Progress,69.1,Deployed,2024-06-19
P-01539,U-024,Junior,Engineer,Planning,In Progress,70.9,Deployed,2023-04-23
P-01540,U-017,Officer,Engineer,Systems,In Progress,89.3,Training,2023-06-23
P-01541,U-003,Lead,Medic,Planning,In Progress,71.4,Training,2025-08-19
P-01542,U-009,Lead,Analyst,Systems,In Progress,74.8,Training,2022-08-20
P-01543,U-033,Junior,Logistics,Systems,In Progress,75.3,Training,2020-09-29
P-01544,U-045,Junior,Engineer,Systems,Complete,92.0,Deployed,2022-03-20
P-01545,U-011,Junior,Engineer,Planning,In Progress,80.7,Deployed,2025-07-03
P-01546,U-006,Officer,Logistics,Planning,In Progress,70.7,Available,2018-12-18
P-01547,U-012,Officer,Medic,Maintenance,In Progress,87.9,Deployed,2021-09-08
P-01548,U-005,Officer,Engineer,Planning,In Progress,69.3,Available,2021-02-14
P-01549,U-030,Senior,Medic,Maintenance,In Progress,56.7,Training,2020-05-24
P-01550,U-021,Officer,Operator,Operations,In Progress,80.6,Deployed,2023-04-24
P-01551,U-014,Junior,Medic,Operations,In Progress,57.4,Deployed,2025-02-16
P-01552,U-012,Junior,Analyst,Planning,In Progress,58.8,Available,2021-05-06
P-01553,U-056,Officer,Logistics,Maintenance,In Progress,87.0,Training,2020-11-28
P-01554,U-012,Junior,Medic,Operations,Complete,92.4,Deployed,2019-11-05
P-01555,U-013,Officer,Medic,Planning,In Progress,70.7,Training,2025-09-22
P-01556,U-051,Officer,Analyst,Planning,In Progress,62.2,Available,2024-04-16
P-01557,U-051,Senior,Operator,Maintenance,Complete,95.2,Deployed,2025-06-13
P-01558,U-053,Lead,Operator,Maintenance,Complete,97.3,Deployed,2019-08-28
P-01559,U-032,Junior,Medic,Operations,Complete,93.9,Training,2026-02-06
P-01560,U-001,Senior,Medic,Systems,Complete,99.5,Available,2020-06-14
P-01561,U-048,Officer,Logistics,Maintenance,Complete,99.1,Training,2022-03-27
P-01562,U-014,Senior,Logistics,Systems,In Progress,70.7,Deployed,2022-01-30
P-01563,U-002,Lead,Logistics,Systems,In Progress,68.6,Training,2023-08-07
P-01564,U-042,Officer,Medic,Operations,Complete,100.0,Deployed,2024-01-31
P-01565,U-028,Lead,Operator,Maintenance,In Progress,78.5,Deployed,2022-10-21
P-01566,U-024,Senior,Logistics,Planning,In Progress,63.0,Deployed,2021-03-13
P-01567,U-055,Officer,Analyst,Systems,In Progress,84.7,Available,2019-03-02
P-01568,U-006,Officer,Operator,Planning,In Progress,84.2,Training,2024-12-30
P-01569,U-060,Officer,Logistics,Systems,In Progress,79.5,Training,2021-04-02
P-01570,U-055,Senior,Medic,Planning,In Progress,73.9,Available,2020-03-12
P-01571,U-055,Junior,Analyst,Planning,In Progress,76.1,Deployed,2025-03-26
P-01572,U-046,Officer,Operator,Operations,Complete,90.3,Available,2023-09-10
P-01573,U-019,Lead,Analyst,Planning,In Progress,67.0,Training,2020-09-16
P-01574,U-001,Officer,Operator,Systems,Complete,95.5,Available,2019-09-21
P-01575,U-051,Lead,Analyst,Maintenance,In Progress,71.8,Training,2022-10-28
P-01576,U-016,Officer,Engineer,Planning,In Progress,80.0,Available,2024-06-24
P-01577,U-028,Officer,Engineer,Planning,In Progress,60.8,Deployed,2023-10-20
P-01578,U-011,Junior,Engineer,Systems,In Progress,74.7,Training,2024-06-21
P-01579,U-051,Lead,Logistics,Maintenance,In Progress,72.6,Deployed,2020-04-14
P-01580,U-006,Officer,Operator,Maintenance,In Progress,59.2,Available,2024-12-06
P-01581,U-046,Junior,Logistics,Planning,In Progress,79.5,Available,2019-06-19
P-01582,U-030,Lead,Engineer,Maintenance,In Progress,83.6,Training,2020-06-27
P-01583,U-020,Senior,Medic,Operations,In Progress,63.7,Training,2018-07-31
P-01584,U-018,Senior,Operator,Systems,In Progress,58.7,Available,2023-02-24
P-01585,U-060,Junior,Engineer,Operations,In Progress,81.8,Deployed,2020-01-10
P-01586,U-006,Lead,Engineer,Planning,In Progress,58.5,Available,2023-07-05
P-01587,U-051,Junior,Medic,Systems,In Progress,56.0,Available,2025-09-16
P-01588,U-027,Lead,Medic,Maintenance,In Progress,71.9,Available,2021-05-08
P-01589,U-001,Junior,Operator,Operations,Complete,95.7,Deployed,2023-06-06
P-01590,U-040,Junior,Engineer,Operations,In Progress,82.0,Available,2020-02-29
P-01591,U-039,Junior,Logistics,Maintenance,In Progress,56.3,Available,2022-02-03
P-01592,U-008,Junior,Analyst,Maintenance,Complete,95.4,Available,2018-12-08
P-01593,U-047,Senior,Analyst,Operations,In Progress,86.1,Deployed,2020-03-27
P-01594,U-006,Lead,Medic,Planning,In Progress,70.7,Deployed,2023-10-01
P-01595,U-026,Lead,Engineer,Maintenance,Complete,96.5,Training,2026-01-17
P-01596,U-018,Junior,Logistics,Operations,Complete,98.3,Available,2020-04-23
P-01597,U-047,Officer,Medic,Operations,In Progress,77.0,Deployed,2024-12-26
P-01598,U-007,Officer,Engineer,Operations,In Progress,82.3,Deployed,2025-02-04
P-01599,U-053,Senior,Operator,Operations,In Progress,57.9,Training,2022-08-06
P-01600,U-019,Lead,Medic,Systems,In Progress,82.2,Available,2020-01-07
P-01601,U-052,Senior,Analyst,Maintenance,In Progress,69.5,Available,2020-05-31
P-01602,U-043,Senior,Analyst,Systems,In Progress,71.7,Available,2021-07-28
P-01603,U-045,Lead,Engineer,Planning,In Progress,55.5,Training,2021-08-10
P-01604,U-058,Junior,Medic,Operations,In Progress,65.5,Training,2020-05-19
P-01605,U-034,Lead,Logistics,Systems,In Progress,64.8,Training,2025-04-01
P-01606,U-027,Officer,Analyst,Operations,In Progress,85.7,Available,2020-03-18
P-01607,U-004,Officer,Operator,Operations,Complete,91.1,Deployed,2019-05-04
P-01608,U-008,Lead,Logistics,Planning,In Progress,75.4,Available,2024-06-18
P-01609,U-002,Junior,Medic,Operations,In Progress,67.8,Available,2022-07-08
P-01610,U-003,Junior,Analyst,Systems,Complete,95.3,Available,2023-04-09
P-01611,U-007,Officer,Analyst,Operations,Complete,92.3,Deployed,2021-11-17
P-01612,U-026,Lead,Medic,Systems,In Progress,58.6,Deployed,2021-05-07
P-01613,U-045,Officer,Operator,Operations,Complete,99.3,Training,2019-02-25
P-01614,U-002,Junior,Engineer,Systems,In Progress,65.1,Deployed,2025-09-17
P-01615,U-047,Senior,Operator,Maintenance,In Progress,74.6,Training,2022-02-19
P-01616,U-053,Junior,Operator,Operations,Complete,95.6,Available,2019-03-30
P-01617,U-004,Junior,Analyst,Operations,Complete,97.6,Training,2024-11-14
P-01618,U-051,Lead,Engineer,Maintenance,Complete,91.6,Training,2023-03-03
P-01619,U-008,Senior,Logistics,Planning,In Progress,60.7,Training,2023-01-05
P-01620,U-043,Senior,Logistics,Planning,In Progress,60.5,Training,2023-07-01
P-01621,U-018,Officer,Engineer,Systems,In Progress,69.5,Deployed,2021-04-28
P-01622,U-046,Senior,Engineer,Systems,In Progress,58.7,Available,2023-07-19
P-01623,U-004,Senior,Medic,Planning,In Progress,64.6,Available,2023-06-21
P-01624,U-007,Lead,Analyst,Planning,In Progress,70.3,Training,2019-09-23
P-01625,U-055,Senior,Engineer,Operations,In Progress,77.7,Deployed,2023-01-28
P-01626,U-056,Senior,Medic,Maintenance,In Progress,82.9,Available,2021-02-12
P-01627,U-028,Lead,Logistics,Systems,In Progress,62.4,Available,2023-03-04
P-01628,U-057,Junior,Engineer,Systems,In Progress,59.8,Deployed,2020-02-06
P-01629,U-018,Officer,Analyst,Operations,In Progress,56.3,Available,2024-03-04
P-01630,U-006,Senior,Engineer,Planning,In Progress,70.9,Training,2022-10-31
P-01631,U-033,Officer,Analyst,Operations,In Progress,70.0,Available,2018-07-21
P-01632,U-042,Officer,Engineer,Operations,In Progress,72.2,Available,2022-07-08
P-01633,U-012,Officer,Logistics,Planning,In Progress,81.7,Available,2025-08-22
P-01634,U-004,Junior,Engineer,Systems,In Progress,84.1,Available,2018-05-27
P-01635,U-037,Junior,Logistics,Systems,In Progress,67.0,Deployed,2020-07-16
P-01636,U-057,Officer,Medic,Planning,In Progress,82.9,Available,2020-06-19
P-01637,U-047,Lead,Medic,Maintenance,Complete,92.1,Available,2020-04-13
P-01638,U-023,Lead,Operator,Systems,In Progress,83.7,Available,2023-08-24
P-01639,U-059,Officer,Analyst,Maintenance,In Progress,86.5,Available,2021-07-14
P-01640,U-044,Senior,Analyst,Planning,In Progress,58.1,Available,2018-02-22
P-01641,U-043,Lead,Operator,Maintenance,In Progress,76.4,Deployed,2018-11-12
P-01642,U-011,Junior,Logistics,Operations,In Progress,85.6,Deployed,2024-07-16
P-01643,U-001,Senior,Medic,Systems,In Progress,77.0,Available,2018-03-13
P-01644,U-037,Lead,Engineer,Maintenance,In Progress,85.6,Available,2019-01-20
P-01645,U-007,Lead,Medic,Planning,In Progress,68.7,Training,2021-12-07
P-01646,U-035,Officer,Analyst,Operations,In Progress,66.6,Deployed,2018-02-25
P-01647,U-053,Lead,Logistics,Planning,In Progress,70.9,Available,2021-01-10
P-01648,U-044,Junior,Engineer,Planning,In Progress,78.4,Available,2025-05-24
P-01649,U-010,Junior,Engineer,Planning,In Progress,71.1,Deployed,2020-04-25
P-01650,U-048,Officer,Operator,Operations,In Progress,59.0,Training,2025-08-12
P-01651,U-035,Officer,Logistics,Maintenance,Complete,95.5,Deployed,2025-08-13
P-01652,U-023,Officer,Logistics,Planning,Complete,95.0,Deployed,2021-06-20
P-01653,U-013,Lead,Logistics,Systems,In Progress,56.8,Deployed,2023-02-07
P-01654,U-037,Lead,Analyst,Systems,Complete,98.6,Available,2023-08-06
P-01655,U-060,Officer,Engineer,Operations,In Progress,85.8,Training,2024-04-05
P-01656,U-043,Officer,Analyst,Systems,In Progress,62.3,Deployed,2018-03-05
P-01657,U-030,Lead,Logistics,Systems,In Progress,56.8,Available,2023-06-24
P-01658,U-020,Lead,Operator,Systems,In Progress,55.2,Deployed,2019-07-19
P-01659,U-023,Senior,Operator,Operations,Complete,94.5,Available,2020-03-16
P-01660,U-028,Junior,Analyst,Maintenance,In Progress,81.3,Available,2023-04-23
P-01661,U-060,Officer,Medic,Planning,In Progress,71.0,Available,2020-12-06
P-01662,U-059,Lead,Engineer,Planning,In Progress,68.6,Training,2021-08-13
P-01663,U-052,Senior,Analyst,Maintenance,In Progress,81.0,Deployed,2024-03-20
P-01664,U-013,Junior,Analyst,Planning,In Progress,68.5,Training,2020-01-22
P-01665,U-025,Officer,Operator,Maintenance,Complete,90.2,Training,2022-12-16
P-01666,U-045,Lead,Medic,Operations,In Progress,69.1,Deployed,2023-03-26
P-01667,U-027,Officer,Operator,Systems,Complete,98.3,Deployed,2018-12-29
P-01668,U-049,Lead,Engineer,Operations,In Progress,61.3,Available,2024-12-18
P-01669,U-035,Lead,Operator,Planning,Complete,95.5,Available,2022-07-09
P-01670,U-043,Officer,Operator,Systems,In Progress,55.3,Available,2021-01-11
P-01671,U-054,Junior,Analyst,Systems,Complete,99.4,Deployed,2024-05-05
P-01672,U-031,Junior,Operator,Systems,In Progress,86.1,Training,2020-04-19
P-01673,U-034,Officer,Engineer,Maintenance,In Progress,61.5,Training,2025-03-05
P-01674,U-055,Lead,Operator,Planning,In Progress,62.0,Training,2025-09-18
P-01675,U-013,Junior,Engineer,Systems,In Progress,60.2,Training,2019-02-01
P-01676,U-016,Officer,Operator,Planning,In Progress,64.2,Deployed,2018-08-16
P-01677,U-060,Officer,Medic,Maintenance,In Progress,60.5,Available,2024-02-18
P-01678,U-017,Officer,Logistics,Systems,Complete,92.0,Deployed,2019-08-23
P-01679,U-041,Senior,Engineer,Maintenance,In Progress,56.0,Training,2025-11-05
P-01680,U-035,Officer,Analyst,Operations,In Progress,64.0,Training,2019-02-14
P-01681,U-038,Lead,Medic,Planning,In Progress,77.2,Training,2019-03-16
P-01682,U-030,Officer,Engineer,Systems,In Progress,73.8,Deployed,2023-02-16
P-01683,U-008,Junior,Logistics,Operations,In Progress,80.4,Available,2025-03-27
P-01684,U-042,Officer,Operator,Operations,Complete,95.2,Available,2023-04-01
P-01685,U-057,Lead,Operator,Maintenance,In Progress,87.5,Deployed,2023-08-13
P-01686,U-055,Senior,Analyst,Planning,Complete,93.7,Training,2018-09-15
P-01687,U-012,Lead,Logistics,Operations,In Progress,84.5,Deployed,2026-01-08
P-01688,U-055,Lead,Analyst,Planning,Complete,90.4,Available,2025-03-27
P-01689,U-031,Officer,Logistics,Maintenance,In Progress,71.9,Training,2025-12-12
P-01690,U-060,Lead,Engineer,Operations,In Progress,77.8,Training,2024-07-06
P-01691,U-023,Officer,Operator,Systems,In Progress,81.3,Available,2019-10-14
P-01692,U-015,Junior,Medic,Planning,In Progress,59.3,Deployed,2020-08-06
P-01693,U-050,Senior,Operator,Maintenance,Complete,91.4,Training,2022-04-23
P-01694,U-049,Junior,Operator,Operations,Complete,98.8,Available,2018-06-03
P-01695,U-055,Officer,Analyst,Systems,In Progress,88.7,Available,2021-08-08
P-01696,U-007,Officer,Engineer,Maintenance,In Progress,86.4,Available,2020-10-31
P-01697,U-032,Lead,Engineer,Maintenance,In Progress,74.7,Training,2019-10-26
P-01698,U-028,Senior,Operator,Systems,Complete,91.6,Training,2025-07-01
P-01699,U-007,Senior,Operator,Operations,In Progress,64.2,Deployed,2024-05-16
P-01700,U-035,Lead,Engineer,Planning,Complete,93.9,Available,2020-04-29
P-01701,U-037,Lead,Analyst,Maintenance,Complete,92.2,Available,2022-12-03
P-01702,U-028,Junior,Logistics,Systems,In Progress,83.1,Available,2023-10-20
P-01703,U-020,Officer,Engineer,Systems,In Progress,59.5,Training,2024-01-24
P-01704,U-022,Lead,Analyst,Planning,In Progress,56.0,Training,2022-01-05
P-01705,U-005,Senior,Analyst,Systems,Complete,94.3,Training,2024-06-14
P-01706,U-016,Lead,Medic,Systems,Complete,93.4,Training,2025-10-28
P-01707,U-058,Officer,Analyst,Systems,In Progress,60.0,Available,2021-10-16
P-01708,U-027,Lead,Operator,Maintenance,In Progress,66.7,Available,2024-02-19
P-01709,U-053,Junior,Engineer,Planning,In Progress,88.0,Available,2024-04-28
P-01710,U-058,Junior,Analyst,Systems,In Progress,82.5,Deployed,2024-09-16
P-01711,U-048,Junior,Logistics,Planning,In Progress,82.6,Available,2021-01-13
P-01712,U-047,Junior,Medic,Maintenance,In Progress,56.9,Training,2021-12-05
P-01713,U-028,Senior,Operator,Systems,In Progress,76.5,Available,2020-03-14
P-01714,U-035,Officer,Operator,Planning,In Progress,82.4,Available,2022-05-05
P-01715,U-050,Senior,Medic,Planning,In Progress,72.0,Training,2019-07-19
P-01716,U-008,Lead,Analyst,Maintenance,In Progress,74.7,Deployed,2022-11-24
P-01717,U-059,Senior,Operator,Systems,In Progress,57.6,Available,2022-08-19
P-01718,U-048,Junior,Operator,Maintenance,In Progress,88.9,Available,2018-11-10
P-01719,U-004,Senior,Analyst,Systems,In Progress,60.7,Deployed,2021-12-03
P-01720,U-039,Senior,Analyst,Maintenance,In Progress,84.5,Training,2022-06-18
P-01721,U-031,Junior,Operator,Operations,In Progress,84.6,Training,2020-04-23
P-01722,U-032,Lead,Engineer,Planning,In Progress,86.7,Training,2021-05-24
P-01723,U-024,Lead,Engineer,Operations,Complete,90.1,Deployed,2025-10-29
P-01724,U-035,Junior,Analyst,Planning,In Progress,77.7,Training,2024-12-22
P-01725,U-032,Senior,Engineer,Maintenance,In Progress,67.6,Deployed,2024-03-14
P-01726,U-014,Senior,Operator,Maintenance,In Progress,60.5,Training,2022-12-09
P-01727,U-042,Junior,Operator,Planning,In Progress,89.4,Available,2021-01-12
P-01728,U-018,Lead,Operator,Systems,In Progress,81.5,Deployed,2024-11-02
P-01729,U-025,Officer,Medic,Planning,In Progress,77.3,Available,2020-07-08
P-01730,U-014,Officer,Logistics,Systems,In Progress,72.1,Training,2021-06-03
P-01731,U-003,Lead,Operator,Operations,In Progress,79.4,Deployed,2024-08-17
P-01732,U-014,Lead,Logistics,Planning,In Progress,89.1,Deployed,2026-03-06
P-01733,U-060,Junior,Operator,Planning,In Progress,88.1,Training,2025-08-08
P-01734,U-019,Officer,Medic,Operations,Complete,93.6,Available,2022-04-11
P-01735,U-030,Senior,Engineer,Systems,In Progress,88.6,Deployed,2025-08-27
P-01736,U-018,Senior,Logistics,Operations,In Progress,58.8,Deployed,2024-05-28
P-01737,U-026,Lead,Analyst,Operations,In Progress,56.7,Training,2020-10-23
P-01738,U-051,Junior,Operator,Operations,In Progress,84.4,Training,2025-05-30
P-01739,U-021,Senior,Medic,Planning,Complete,92.6,Available,2022-12-07
P-01740,U-001,Lead,Medic,Maintenance,In Progress,76.0,Deployed,2018-08-28
P-01741,U-038,Lead,Logistics,Operations,Complete,97.2,Available,2022-12-10
P-01742,U-012,Lead,Analyst,Planning,In Progress,66.6,Available,2020-07-20
P-01743,U-041,Junior,Engineer,Systems,In Progress,62.9,Training,2018-06-07
P-01744,U-012,Officer,Logistics,Operations,In Progress,85.8,Available,2024-03-16
P-01745,U-046,Lead,Analyst,Systems,In Progress,65.3,Training,2021-12-18
P-01746,U-035,Senior,Analyst,Systems,In Progress,87.3,Available,2023-09-08
P-01747,U-029,Junior,Engineer,Maintenance,In Progress,60.1,Deployed,2024-05-25
P-01748,U-024,Officer,Operator,Planning,Complete,92.3,Deployed,2019-08-10
P-01749,U-002,Lead,Analyst,Planning,In Progress,69.7,Training,2022-03-15
P-01750,U-031,Lead,Logistics,Systems,Complete,97.4,Available,2022-02-17
P-01751,U-003,Senior,Logistics,Systems,In Progress,68.1,Available,2024-10-30
P-01752,U-014,Lead,Engineer,Planning,Complete,91.4,Training,2018-05-14
P-01753,U-043,Officer,Operator,Systems,In Progress,87.7,Available,2024-05-04
P-01754,U-033,Officer,Logistics,Systems,Complete,99.9,Training,2018-07-30
P-01755,U-039,Officer,Analyst,Operations,In Progress,76.3,Available,2024-06-14
P-01756,U-019,Lead,Engineer,Operations,Complete,96.0,Available,2023-02-11
P-01757,U-021,Junior,Engineer,Planning,In Progress,88.7,Training,2022-08-07
P-01758,U-024,Junior,Analyst,Planning,In Progress,58.6,Training,2020-08-01
P-01759,U-029,Senior,Logistics,Maintenance,Complete,90.4,Training,2020-09-30
P-01760,U-050,Senior,Logistics,Operations,Complete,95.9,Deployed,2021-10-31
P-01761,U-021,Officer,Medic,Maintenance,In Progress,60.3,Training,2023-07-18
P-01762,U-041,Senior,Engineer,Planning,Complete,94.7,Available,2019-11-15
P-01763,U-008,Officer,Operator,Maintenance,In Progress,73.8,Available,2022-11-03
P-01764,U-002,Junior,Engineer,Planning,In Progress,86.1,Deployed,2021-12-22
P-01765,U-009,Senior,Analyst,Systems,In Progress,73.1,Deployed,2021-10-10
P-01766,U-038,Junior,Operator,Systems,In Progress,82.4,Training,2021-12-24
P-01767,U-029,Officer,Medic,Operations,Complete,96.0,Deployed,2025-11-07
P-01768,U-009,Junior,Engineer,Systems,In Progress,88.0,Training,2024-08-26
P-01769,U-024,Officer,Medic,Operations,In Progress,85.3,Deployed,2019-12-25
P-01770,U-033,Lead,Operator,Maintenance,In Progress,87.5,Deployed,2023-07-14
P-01771,U-022,Officer,Analyst,Operations,In Progress,57.2,Deployed,2021-07-28
P-01772,U-049,Senior,Operator,Maintenance,In Progress,63.0,Deployed,2023-10-28
P-01773,U-018,Lead,Operator,Operations,In Progress,80.9,Deployed,2019-11-10
P-01774,U-008,Officer,Medic,Maintenance,In Progress,68.0,Available,2021-03-27
P-01775,U-059,Junior,Engineer,Operations,In Progress,66.7,Available,2019-01-29
P-01776,U-014,Senior,Operator,Systems,In Progress,79.8,Training,2024-01-13
P-01777,U-052,Officer,Operator,Operations,In Progress,63.8,Available,2021-02-28
P-01778,U-037,Officer,Logistics,Maintenance,In Progress,74.2,Deployed,2021-04-23
P-01779,U-059,Junior,Medic,Planning,In Progress,59.9,Deployed,2020-12-13
P-01780,U-006,Lead,Operator,Operations,Complete,93.9,Available,2020-06-30
P-01781,U-047,Senior,Logistics,Operations,In Progress,58.3,Deployed,2023-02-01
P-01782,U-041,Junior,Analyst,Systems,In Progress,88.1,Deployed,2019-02-16
P-01783,U-060,Lead,Engineer,Systems,In Progress,86.7,Training,2025-01-13
P-01784,U-001,Officer,Engineer,Maintenance,In Progress,66.1,Deployed,2023-04-10
P-01785,U-010,Senior,Medic,Operations,In Progress,76.8,Available,2020-03-24
P-01786,U-041,Senior,Operator,Planning,Complete,94.4,Available,2023-07-03
P-01787,U-036,Senior,Operator,Planning,In Progress,82.5,Training,2020-12-13
P-01788,U-040,Senior,Analyst,Planning,In Progress,72.1,Training,2025-05-14
P-01789,U-012,Senior,Analyst,Planning,Complete,94.5,Deployed,2025-01-24
P-01790,U-026,Officer,Analyst,Systems,In Progress,81.9,Available,2019-04-06
P-01791,U-057,Lead,Medic,Planning,Complete,95.4,Deployed,2020-10-10
P-01792,U-043,Senior,Medic,Operations,In Progress,74.1,Training,2019-04-11
P-01793,U-023,Senior,Medic,Planning,In Progress,86.4,Training,2022-08-15
P-01794,U-044,Lead,Analyst,Maintenance,In Progress,65.6,Deployed,2018-09-07
P-01795,U-036,Lead,Analyst,Planning,In Progress,89.7,Deployed,2022-12-16
P-01796,U-028,Junior,Analyst,Planning,In Progress,72.9,Training,2020-06-15
P-01797,U-022,Junior,Analyst,Planning,In Progress,83.6,Deployed,2020-06-25
P-01798,U-037,Senior,Operator,Operations,Complete,94.4,Available,2024-10-13
P-01799,U-035,Junior,Medic,Systems,In Progress,55.9,Training,2021-09-27
P-01800,U-059,Junior,Operator,Maintenance,In Progress,70.9,Deployed,2024-01-03
P-01801,U-013,Officer,Engineer,Operations,Complete,99.3,Available,2022-03-12
P-01802,U-022,Senior,Operator,Systems,In Progress,73.6,Available,2023-11-27
P-01803,U-007,Officer,Operator,Maintenance,In Progress,77.6,Deployed,2021-05-19
P-01804,U-002,Senior,Operator,Operations,In Progress,65.4,Training,2019-05-22
P-01805,U-053,Officer,Engineer,Operations,Complete,90.3,Available,2018-11-10
P-01806,U-005,Officer,Operator,Systems,In Progress,77.7,Training,2024-01-28
P-01807,U-039,Junior,Logistics,Planning,Complete,96.4,Available,2024-10-16
P-01808,U-055,Lead,Medic,Systems,In Progress,69.0,Deployed,2021-01-27
P-01809,U-030,Lead,Logistics,Planning,In Progress,64.1,Deployed,2021-04-07
P-01810,U-028,Officer,Logistics,Operations,In Progress,59.2,Deployed,2021-03-10
P-01811,U-059,Senior,Medic,Systems,In Progress,86.6,Deployed,2026-02-28
P-01812,U-026,Junior,Medic,Maintenance,Complete,97.8,Training,2018-04-12
P-01813,U-026,Officer,Analyst,Planning,In Progress,89.7,Training,2019-03-23
P-01814,U-042,Senior,Operator,Systems,In Progress,69.0,Training,2019-11-25
P-01815,U-014,Officer,Logistics,Maintenance,Complete,93.9,Available,2019-08-02
P-01816,U-026,Officer,Logistics,Maintenance,In Progress,82.7,Available,2023-07-15
P-01817,U-017,Lead,Engineer,Systems,In Progress,73.5,Deployed,2025-09-23
P-01818,U-037,Junior,Analyst,Maintenance,In Progress,81.9,Training,2023-06-25
P-01819,U-035,Senior,Analyst,Planning,In Progress,77.5,Training,2023-06-02
P-01820,U-033,Junior,Operator,Planning,In Progress,80.0,Training,2018-11-14
P-01821,U-025,Junior,Engineer,Systems,In Progress,60.7,Available,2020-03-19
P-01822,U-029,Junior,Operator,Planning,Complete,94.1,Deployed,2019-12-01
P-01823,U-041,Officer,Engineer,Planning,Complete,91.1,Deployed,2018-02-07
P-01824,U-019,Lead,Analyst,Operations,In Progress,60.3,Training,2022-03-03
P-01825,U-037,Senior,Analyst,Maintenance,In Progress,84.3,Training,2026-01-05
P-01826,U-024,Lead,Medic,Planning,In Progress,78.4,Available,2021-09-14
P-01827,U-060,Senior,Engineer,Planning,In Progress,88.6,Available,2021-07-25
P-01828,U-027,Officer,Operator,Systems,In Progress,63.1,Deployed,2025-11-13
P-01829,U-013,Junior,Logistics,Planning,In Progress,64.0,Deployed,2019-01-23
P-01830,U-004,Senior,Operator,Operations,In Progress,83.1,Training,2024-04-09
P-01831,U-057,Junior,Engineer,Operations,In Progress,65.2,Deployed,2022-10-12
P-01832,U-038,Lead,Logistics,Planning,In Progress,87.8,Deployed,2024-04-17
P-01833,U-035,Senior,Operator,Maintenance,In Progress,83.9,Available,2026-03-12
P-01834,U-014,Lead,Logistics,Systems,In Progress,67.6,Available,2023-11-10
P-01835,U-038,Officer,Analyst,Operations,In Progress,84.0,Training,2024-11-27
P-01836,U-043,Senior,Engineer,Systems,Complete,95.9,Available,2020-06-05
P-01837,U-006,Senior,Engineer,Maintenance,Complete,96.8,Deployed,2018-01-02
P-01838,U-021,Junior,Engineer,Planning,In Progress,58.5,Deployed,2025-06-16
P-01839,U-031,Junior,Engineer,Planning,In Progress,69.7,Deployed,2022-04-29
P-01840,U-046,Lead,Logistics,Operations,In Progress,76.4,Training,2018-11-17
P-01841,U-057,Senior,Engineer,Operations,In Progress,82.2,Training,2019-08-09
P-01842,U-054,Officer,Medic,Operations,In Progress,74.7,Training,2019-05-08
P-01843,U-036,Lead,Engineer,Systems,Complete,95.5,Deployed,2023-03-25
P-01844,U-050,Officer,Engineer,Maintenance,In Progress,85.2,Deployed,2022-03-13
P-01845,U-012,Junior,Engineer,Planning,Complete,97.0,Deployed,2023-11-25
P-01846,U-013,Lead,Analyst,Systems,In Progress,55.3,Deployed,2020-11-05
P-01847,U-033,Lead,Operator,Operations,Complete,96.5,Training,2023-05-15
P-01848,U-026,Lead,Analyst,Systems,In Progress,57.0,Training,2018-05-05
P-01849,U-056,Officer,Logistics,Planning,In Progress,87.3,Deployed,2019-12-13
P-01850,U-031,Junior,Operator,Operations,In Progress,88.7,Available,2024-11-15
P-01851,U-058,Senior,Engineer,Systems,In Progress,87.1,Deployed,2019-05-05
P-01852,U-004,Junior,Analyst,Systems,In Progress,75.0,Training,2021-02-10
P-01853,U-055,Junior,Analyst,Operations,In Progress,63.7,Training,2019-11-25
P-01854,U-058,Lead,Logistics,Systems,Complete,99.4,Training,2022-07-10
P-01855,U-027,Junior,Operator,Maintenance,Complete,92.7,Training,2019-08-28
P-01856,U-047,Senior,Medic,Systems,In Progress,67.0,Deployed,2024-10-28
P-01857,U-013,Officer,Engineer,Systems,In Progress,86.0,Deployed,2021-01-26
P-01858,U-036,Lead,Medic,Systems,In Progress,70.8,Training,2023-03-12
P-01859,U-006,Junior,Engineer,Systems,In Progress,60.2,Available,2021-07-24
P-01860,U-038,Junior,Engineer,Systems,In Progress,83.2,Available,2025-02-26
P-01861,U-024,Senior,Analyst,Maintenance,In Progress,75.7,Training,2019-06-28
P-01862,U-020,Lead,Engineer,Operations,In Progress,57.4,Available,2024-05-03
P-01863,U-021,Senior,Analyst,Maintenance,In Progress,73.6,Available,2021-04-23
P-01864,U-017,Lead,Operator,Planning,In Progress,86.4,Deployed,2024-06-28
P-01865,U-024,Officer,Engineer,Systems,In Progress,70.7,Training,2022-04-29
P-01866,U-010,Senior,Medic,Operations,In Progress,79.2,Training,2025-08-25
P-01867,U-051,Lead,Logistics,Operations,In Progress,68.0,Available,2023-10-04
P-01868,U-050,Senior,Medic,Operations,In Progress,64.5,Available,2019-04-18
P-01869,U-034,Senior,Medic,Maintenance,In Progress,84.6,Deployed,2024-07-31
P-01870,U-021,Officer,Logistics,Systems,In Progress,71.8,Deployed,2025-11-12
P-01871,U-007,Junior,Engineer,Planning,In Progress,83.3,Deployed,2021-10-02
P-01872,U-022,Junior,Engineer,Operations,In Progress,84.2,Deployed,2019-10-29
P-01873,U-030,Junior,Medic,Planning,In Progress,79.6,Training,2024-06-17
P-01874,U-045,Officer,Medic,Maintenance,In Progress,74.6,Deployed,2026-02-10
P-01875,U-024,Officer,Medic,Operations,In Progress,82.0,Available,2020-08-17
P-01876,U-049,Junior,Medic,Planning,Complete,97.1,Deployed,2024-06-23
P-01877,U-026,Senior,Logistics,Maintenance,In Progress,81.7,Deployed,2024-09-10
P-01878,U-045,Senior,Logistics,Maintenance,Complete,97.4,Available,2025-06-10
P-01879,U-022,Junior,Operator,Operations,Complete,90.5,Available,2021-11-18
P-01880,U-030,Officer,Operator,Maintenance,In Progress,72.8,Available,2019-12-06
P-01881,U-020,Senior,Engineer,Maintenance,In Progress,68.8,Deployed,2019-01-05
P-01882,U-047,Lead,Operator,Planning,In Progress,66.0,Available,2021-11-12
P-01883,U-007,Officer,Engineer,Planning,In Progress,76.2,Training,2022-03-22
P-01884,U-054,Senior,Operator,Planning,In Progress,75.9,Available,2021-07-27
P-01885,U-049,Officer,Analyst,Operations,Complete,97.1,Training,2026-03-11
P-01886,U-056,Officer,Logistics,Systems,In Progress,74.1,Deployed,2023-06-24
P-01887,U-043,Junior,Engineer,Maintenance,In Progress,88.3,Available,2022-02-20
P-01888,U-024,Junior,Logistics,Planning,In Progress,70.3,Available,2025-03-29
P-01889,U-015,Senior,Operator,Maintenance,In Progress,61.2,Deployed,2022-11-19
P-01890,U-006,Senior,Medic,Maintenance,In Progress,70.3,Deployed,2021-06-28
P-01891,U-025,Officer,Operator,Operations,In Progress,85.4,Deployed,2020-01-06
P-01892,U-011,Junior,Medic,Systems,In Progress,72.9,Deployed,2025-09-11
P-01893,U-047,Officer,Operator,Maintenance,In Progress,59.6,Deployed,2019-06-12
P-01894,U-037,Officer,Operator,Planning,In Progress,77.8,Training,2025-07-08
P-01895,U-026,Junior,Analyst,Planning,In Progress,74.0,Deployed,2025-02-10
P-01896,U-008,Officer,Logistics,Operations,In Progress,82.2,Deployed,2025-12-26
P-01897,U-022,Lead,Operator,Maintenance,Complete,93.0,Deployed,2023-12-18
P-01898,U-049,Junior,Engineer,Systems,In Progress,72.3,Deployed,2025-12-08
P-01899,U-038,Officer,Medic,Systems,In Progress,66.6,Deployed,2021-02-27
P-01900,U-003,Officer,Medic,Operations,In Progress,60.5,Available,2024-09-20
P-01901,U-044,Officer,Analyst,Operations,In Progress,71.6,Available,2024-02-02
P-01902,U-018,Lead,Medic,Systems,In Progress,63.0,Deployed,2021-08-22
P-01903,U-020,Junior,Analyst,Systems,In Progress,83.6,Training,2022-06-11
P-01904,U-016,Junior,Engineer,Maintenance,In Progress,62.9,Training,2023-07-15
P-01905,U-028,Lead,Medic,Maintenance,Complete,95.2,Training,2023-11-15
P-01906,U-037,Junior,Analyst,Operations,In Progress,75.6,Available,2019-08-25
P-01907,U-039,Junior,Medic,Systems,Complete,99.0,Deployed,2025-02-21
P-01908,U-048,Officer,Operator,Maintenance,In Progress,68.6,Training,2020-11-18
P-01909,U-047,Junior,Medic,Systems,In Progress,84.4,Available,2024-05-27
P-01910,U-017,Senior,Operator,Operations,Complete,99.8,Training,2023-04-22
P-01911,U-014,Officer,Analyst,Maintenance,In Progress,89.2,Deployed,2023-08-17
P-01912,U-043,Officer,Engineer,Operations,In Progress,57.1,Deployed,2018-01-21
P-01913,U-027,Officer,Engineer,Operations,In Progress,64.3,Deployed,2023-03-10
P-01914,U-039,Lead,Operator,Maintenance,Complete,90.6,Available,2018-03-16
P-01915,U-046,Junior,Logistics,Operations,In Progress,69.6,Training,2025-12-26
P-01916,U-039,Officer,Logistics,Operations,Complete,92.2,Training,2022-05-13
P-01917,U-031,Junior,Analyst,Operations,Complete,96.8,Deployed,2021-11-19
P-01918,U-053,Officer,Medic,Maintenance,In Progress,75.0,Training,2025-10-28
P-01919,U-011,Lead,Medic,Systems,In Progress,85.3,Training,2024-05-29
P-01920,U-006,Lead,Operator,Maintenance,In Progress,83.4,Training,2023-12-10
P-01921,U-024,Lead,Medic,Planning,In Progress,68.7,Available,2019-10-01
P-01922,U-040,Lead,Logistics,Planning,In Progress,81.3,Deployed,2018-04-06
P-01923,U-049,Officer,Engineer,Planning,Complete,98.8,Training,2019-06-24
P-01924,U-025,Junior,Operator,Planning,In Progress,82.3,Available,2020-05-15
P-01925,U-008,Senior,Engineer,Planning,In Progress,80.7,Training,2022-08-01
P-01926,U-023,Officer,Logistics,Operations,In Progress,88.8,Deployed,2022-01-27
P-01927,U-041,Lead,Logistics,Planning,In Progress,59.8,Available,2022-07-13
P-01928,U-032,Lead,Medic,Maintenance,In Progress,89.1,Available,2022-06-27
P-01929,U-019,Lead,Medic,Maintenance,In Progress,55.2,Training,2019-02-07
P-01930,U-025,Officer,Medic,Planning,In Progress,81.1,Available,2025-02-19
P-01931,U-002,Senior,Logistics,Systems,In Progress,82.8,Training,2024-05-26
P-01932,U-047,Junior,Analyst,Maintenance,In Progress,73.4,Available,2024-05-20
P-01933,U-041,Junior,Analyst,Systems,In Progress,76.2,Training,2024-09-29
P-01934,U-057,Officer,Logistics,Maintenance,Complete,90.5,Available,2023-02-19
P-01935,U-024,Senior,Engineer,Planning,In Progress,87.5,Training,2020-03-29
P-01936,U-021,Junior,Operator,Maintenance,In Progress,61.0,Training,2023-03-04
P-01937,U-030,Officer,Engineer,Maintenance,In Progress,66.0,Deployed,2023-08-11
P-01938,U-042,Lead,Engineer,Maintenance,In Progress,60.0,Deployed,2026-02-05
P-01939,U-005,Junior,Medic,Planning,In Progress,55.3,Deployed,2018-10-16
P-01940,U-051,Lead,Logistics,Systems,In Progress,73.8,Training,2024-10-22
P-01941,U-042,Junior,Medic,Planning,Complete,99.5,Training,2018-09-02
P-01942,U-019,Junior,Analyst,Planning,Complete,91.5,Training,2023-09-27
P-01943,U-041,Officer,Operator,Systems,In Progress,84.2,Available,2020-12-11
P-01944,U-049,Junior,Engineer,Operations,Complete,92.1,Deployed,2025-05-13
P-01945,U-022,Senior,Medic,Maintenance,In Progress,61.4,Deployed,2019-02-02
P-01946,U-022,Junior,Medic,Planning,In Progress,83.9,Available,2020-11-30
P-01947,U-022,Officer,Analyst,Planning,In Progress,68.3,Training,2020-11-22
P-01948,U-037,Junior,Engineer,Maintenance,In Progress,67.4,Training,2021-03-27
P-01949,U-002,Lead,Logistics,Operations,In Progress,64.9,Training,2021-04-07
P-01950,U-020,Senior,Logistics,Operations,Complete,97.5,Deployed,2025-12-30
P-01951,U-029,Senior,Engineer,Maintenance,In Progress,85.3,Training,2021-04-12
P-01952,U-055,Senior,Operator,Maintenance,In Progress,72.3,Training,2021-05-25
P-01953,U-010,Lead,Analyst,Planning,In Progress,81.3,Deployed,2024-12-08
P-01954,U-058,Lead,Engineer,Operations,In Progress,62.7,Training,2022-03-14
P-01955,U-025,Officer,Engineer,Planning,Complete,93.9,Available,2023-06-06
P-01956,U-058,Junior,Analyst,Maintenance,In Progress,72.1,Deployed,2020-04-25
P-01957,U-015,Junior,Engineer,Operations,In Progress,61.8,Deployed,2023-02-25
P-01958,U-037,Junior,Logistics,Maintenance,Complete,96.1,Training,2020-04-09
P-01959,U-024,Officer,Operator,Operations,In Progress,84.9,Training,2018-10-03
P-01960,U-018,Junior,Operator,Planning,In Progress,79.9,Training,2023-11-12
P-01961,U-016,Senior,Engineer,Maintenance,In Progress,66.0,Training,2026-01-17
P-01962,U-030,Lead,Logistics,Operations,In Progress,63.0,Available,2020-02-18
P-01963,U-047,Junior,Engineer,Operations,Complete,92.4,Available,2020-04-30
P-01964,U-015,Officer,Medic,Systems,In Progress,66.0,Training,2018-07-29
P-01965,U-021,Junior,Engineer,Planning,Complete,90.6,Available,2022-12-16
P-01966,U-006,Junior,Logistics,Maintenance,In Progress,76.4,Training,2023-06-19
P-01967,U-020,Officer,Operator,Planning,In Progress,80.6,Training,2020-03-08
P-01968,U-038,Officer,Operator,Operations,Complete,91.3,Deployed,2024-09-29
P-01969,U-018,Senior,Analyst,Planning,In Progress,77.2,Training,2021-03-08
P-01970,U-042,Senior,Analyst,Operations,In Progress,68.5,Training,2024-04-17
P-01971,U-033,Officer,Operator,Maintenance,In Progress,68.9,Deployed,2018-01-27
P-01972,U-021,Officer,Medic,Maintenance,Complete,95.2,Available,2018-09-26
P-01973,U-049,Lead,Operator,Planning,In Progress,74.4,Deployed,2025-02-25
P-01974,U-044,Senior,Engineer,Systems,In Progress,79.2,Available,2020-05-23
P-01975,U-020,Lead,Logistics,Planning,In Progress,77.6,Available,2025-09-05
P-01976,U-020,Senior,Logistics,Maintenance,Complete,96.7,Deployed,2019-10-03
P-01977,U-013,Senior,Engineer,Maintenance,In Progress,89.5,Deployed,2023-10-17
P-01978,U-031,Officer,Analyst,Maintenance,In Progress,84.4,Deployed,2023-04-18
P-01979,U-060,Lead,Analyst,Maintenance,Complete,93.5,Deployed,2021-09-28
P-01980,U-047,Lead,Medic,Operations,In Progress,70.9,Deployed,2024-04-26
P-01981,U-026,Junior,Medic,Systems,In Progress,89.3,Deployed,2021-12-19
P-01982,U-042,Officer,Analyst,Systems,Complete,91.2,Training,2020-04-08
P-01983,U-014,Lead,Analyst,Operations,In Progress,84.8,Available,2021-08-11
P-01984,U-028,Lead,Logistics,Maintenance,Complete,90.6,Available,2024-12-04
P-01985,U-033,Lead,Operator,Systems,In Progress,74.8,Available,2019-10-20
P-01986,U-021,Officer,Operator,Planning,In Progress,87.5,Training,2025-12-03
P-01987,U-032,Officer,Operator,Systems,In Progress,66.2,Available,2025-03-04
P-01988,U-022,Lead,Medic,Operations,In Progress,67.4,Available,2023-04-17
P-01989,U-009,Junior,Analyst,Planning,Complete,94.6,Available,2019-09-09
P-01990,U-038,Senior,Logistics,Systems,In Progress,68.4,Deployed,2020-10-01
P-01991,U-021,Lead,Logistics,Operations,In Progress,80.8,Training,2018-03-31
P-01992,U-009,Junior,Analyst,Operations,In Progress,89.7,Deployed,2020-05-29
P-01993,U-012,Senior,Medic,Operations,In Progress,69.5,Deployed,2020-03-26
P-01994,U-044,Lead,Analyst,Systems,Complete,98.7,Available,2019-05-04
P-01995,U-042,Officer,Medic,Systems,In Progress,73.5,Training,2018-09-04
P-01996,U-059,Lead,Operator,Planning,Complete,99.5,Available,2023-08-28
P-01997,U-056,Officer,Analyst,Operations,Complete,90.9,Training,2018-10-02
P-01998,U-048,Junior,Logistics,Systems,In Progress,58.4,Training,2019-10-11
P-01999,U-052,Junior,Logistics,Planning,In Progress,78.1,Training,2025-04-17
P-02000,U-013,Officer,Analyst,Planning,In Progress,88.8,Deployed,2019-09-16
P-02001,U-042,Senior,Logistics,Operations,In Progress,69.9,Deployed,2023-12-02
P-02002,U-050,Officer,Operator,Planning,In Progress,86.2,Training,2021-04-18
P-02003,U-001,Officer,Operator,Systems,In Progress,83.1,Available,2021-08-13
P-02004,U-028,Senior,Logistics,Operations,In Progress,61.8,Training,2023-02-18
P-02005,U-042,Lead,Logistics,Maintenance,In Progress,84.9,Available,2019-08-31
P-02006,U-014,Junior,Operator,Systems,In Progress,68.9,Available,2024-01-22
P-02007,U-023,Lead,Analyst,Maintenance,Complete,98.0,Training,2020-05-05
P-02008,U-013,Officer,Analyst,Maintenance,In Progress,68.6,Available,2021-12-26
P-02009,U-002,Officer,Operator,Planning,In Progress,61.2,Available,2022-12-24
P-02010,U-056,Senior,Medic,Systems,In Progress,88.5,Deployed,2022-12-02
P-02011,U-026,Officer,Logistics,Systems,In Progress,63.9,Available,2019-12-19
P-02012,U-033,Junior,Engineer,Maintenance,Complete,96.1,Available,2023-06-27
P-02013,U-048,Lead,Medic,Maintenance,In Progress,82.2,Available,2019-01-07
P-02014,U-052,Officer,Analyst,Systems,In Progress,77.8,Deployed,2018-03-08
P-02015,U-001,Officer,Medic,Systems,In Progress,72.1,Deployed,2022-01-16
P-02016,U-020,Officer,Analyst,Maintenance,Complete,92.6,Training,2018-12-12
P-02017,U-042,Officer,Medic,Systems,In Progress,84.0,Deployed,2026-03-08
P-02018,U-042,Junior,Engineer,Maintenance,Complete,95.4,Available,2024-05-01
P-02019,U-001,Senior,Engineer,Planning,In Progress,60.8,Available,2018-09-08
P-02020,U-039,Lead,Analyst,Planning,Complete,91.1,Available,2022-09-14
P-02021,U-012,Senior,Engineer,Operations,In Progress,62.9,Available,2019-10-28
P-02022,U-002,Lead,Medic,Operations,In Progress,77.4,Deployed,2024-12-22
P-02023,U-021,Junior,Analyst,Systems,In Progress,56.3,Deployed,2018-05-21
P-02024,U-048,Officer,Operator,Planning,Complete,94.2,Training,2026-02-07
P-02025,U-034,Junior,Operator,Operations,In Progress,62.6,Available,2019-01-13
P-02026,U-027,Junior,Medic,Planning,Complete,99.5,Deployed,2024-01-08
P-02027,U-029,Junior,Analyst,Planning,In Progress,61.0,Deployed,2020-11-18
P-02028,U-009,Lead,Logistics,Systems,In Progress,69.5,Deployed,2023-07-12
P-02029,U-048,Senior,Engineer,Maintenance,Complete,92.4,Training,2019-06-16
P-02030,U-052,Senior,Operator,Systems,Complete,97.4,Training,2022-07-13
P-02031,U-019,Junior,Engineer,Maintenance,Complete,94.9,Deployed,2020-01-27
P-02032,U-047,Lead,Medic,Operations,In Progress,84.7,Available,2021-09-05
P-02033,U-028,Senior,Logistics,Systems,In Progress,71.9,Training,2022-04-27
P-02034,U-041,Senior,Engineer,Systems,In Progress,57.2,Available,2025-02-12
P-02035,U-003,Senior,Engineer,Planning,Complete,92.6,Deployed,2018-02-17
P-02036,U-037,Lead,Engineer,Planning,In Progress,76.6,Deployed,2020-05-29
P-02037,U-030,Officer,Operator,Operations,In Progress,83.0,Training,2023-10-09
P-02038,U-060,Senior,Analyst,Operations,In Progress,70.2,Deployed,2024-02-27
P-02039,U-030,Lead,Logistics,Operations,In Progress,84.8,Available,2022-02-05
P-02040,U-028,Senior,Operator,Maintenance,In Progress,83.9,Deployed,2019-04-01
P-02041,U-008,Lead,Engineer,Operations,In Progress,79.8,Deployed,2023-01-28
P-02042,U-028,Junior,Logistics,Maintenance,In Progress,79.9,Deployed,2023-09-24
P-02043,U-013,Senior,Operator,Maintenance,In Progress,61.4,Training,2021-12-20
P-02044,U-034,Senior,Logistics,Systems,In Progress,82.0,Training,2022-01-25
P-02045,U-035,Senior,Analyst,Maintenance,In Progress,65.4,Available,2025-08-18
P-02046,U-011,Senior,Engineer,Planning,In Progress,83.6,Available,2021-02-14
P-02047,U-004,Officer,Analyst,Planning,Complete,98.2,Training,2022-09-22
P-02048,U-058,Lead,Engineer,Operations,In Progress,76.4,Available,2018-11-03
P-02049,U-017,Lead,Engineer,Systems,In Progress,86.9,Available,2022-08-08
P-02050,U-009,Senior,Engineer,Planning,In Progress,61.5,Available,2025-03-31
P-02051,U-027,Senior,Engineer,Operations,In Progress,72.6,Available,2020-07-15
P-02052,U-018,Officer,Operator,Maintenance,In Progress,61.3,Available,2022-12-22
P-02053,U-010,Lead,Operator,Systems,In Progress,85.3,Training,2021-06-28
P-02054,U-034,Officer,Engineer,Planning,In Progress,59.6,Deployed,2019-05-27
P-02055,U-035,Officer,Engineer,Systems,In Progress,88.4,Training,2021-10-30
P-02056,U-057,Junior,Medic,Operations,In Progress,67.2,Available,2025-01-11
P-02057,U-030,Senior,Medic,Operations,In Progress,74.2,Available,2023-11-12
P-02058,U-007,Lead,Engineer,Planning,In Progress,59.0,Training,2022-11-07
P-02059,U-027,Junior,Analyst,Operations,In Progress,57.5,Deployed,2025-03-07
P-02060,U-033,Lead,Analyst,Systems,In Progress,69.8,Available,2019-02-19
P-02061,U-046,Senior,Logistics,Planning,Complete,91.3,Available,2024-08-18
P-02062,U-028,Junior,Medic,Planning,In Progress,85.0,Training,2023-10-27
P-02063,U-056,Officer,Operator,Systems,Complete,96.6,Training,2025-03-17
P-02064,U-007,Junior,Engineer,Operations,In Progress,80.9,Training,2025-07-18
P-02065,U-046,Officer,Medic,Systems,Complete,95.7,Deployed,2025-04-04
P-02066,U-051,Officer,Logistics,Systems,In Progress,74.8,Deployed,2025-01-16
P-02067,U-048,Junior,Engineer,Maintenance,Complete,90.0,Available,2025-01-26
P-02068,U-022,Officer,Operator,Planning,In Progress,59.4,Deployed,2022-01-08
P-02069,U-053,Lead,Engineer,Operations,In Progress,85.7,Deployed,2018-07-15
P-02070,U-021,Lead,Engineer,Maintenance,In Progress,75.6,Training,2024-02-20
P-02071,U-042,Officer,Analyst,Maintenance,In Progress,69.5,Deployed,2018-12-31
P-02072,U-022,Senior,Analyst,Operations,In Progress,70.8,Available,2026-02-05
P-02073,U-006,Lead,Logistics,Planning,In Progress,83.8,Training,2020-02-02
P-02074,U-049,Lead,Medic,Operations,In Progress,72.2,Deployed,2022-11-29
P-02075,U-058,Senior,Engineer,Operations,In Progress,71.3,Available,2019-04-02
P-02076,U-013,Lead,Logistics,Maintenance,In Progress,81.2,Deployed,2024-12-08
P-02077,U-045,Junior,Operator,Planning,In Progress,58.4,Deployed,2019-08-21
P-02078,U-046,Lead,Medic,Maintenance,In Progress,70.3,Deployed,2019-03-01
P-02079,U-055,Lead,Logistics,Systems,Complete,98.0,Deployed,2020-07-09
P-02080,U-029,Senior,Logistics,Maintenance,Complete,92.2,Training,2021-01-26
P-02081,U-002,Senior,Engineer,Maintenance,In Progress,77.3,Deployed,2025-04-07
P-02082,U-052,Junior,Analyst,Maintenance,In Progress,64.7,Available,2024-11-12
P-02083,U-031,Officer,Logistics,Maintenance,Complete,92.7,Deployed,2020-02-02
P-02084,U-055,Officer,Logistics,Planning,In Progress,78.3,Training,2020-12-07
P-02085,U-046,Lead,Analyst,Planning,Complete,90.9,Deployed,2022-02-02
P-02086,U-058,Senior,Analyst,Operations,Complete,96.6,Available,2025-10-10
P-02087,U-009,Senior,Logistics,Maintenance,In Progress,69.5,Available,2023-09-10
P-02088,U-046,Lead,Operator,Maintenance,In Progress,76.4,Training,2021-11-27
P-02089,U-046,Senior,Medic,Operations,In Progress,86.6,Training,2018-08-06
P-02090,U-030,Officer,Logistics,Planning,In Progress,82.8,Available,2019-12-03
P-02091,U-002,Junior,Analyst,Planning,In Progress,80.2,Training,2019-08-29
P-02092,U-005,Junior,Analyst,Operations,In Progress,85.7,Training,2018-04-23
P-02093,U-046,Officer,Engineer,Planning,In Progress,81.9,Available,2025-06-03
P-02094,U-029,Lead,Analyst,Maintenance,In Progress,68.9,Training,2023-09-12
P-02095,U-027,Lead,Operator,Systems,In Progress,61.5,Training,2022-01-07
P-02096,U-038,Junior,Logistics,Systems,In Progress,60.4,Training,2022-08-22
P-02097,U-047,Senior,Engineer,Maintenance,In Progress,62.3,Available,2018-05-01
P-02098,U-042,Junior,Analyst,Systems,Complete,96.8,Available,2022-07-11
P-02099,U-037,Officer,Medic,Planning,In Progress,86.5,Training,2023-04-28
P-02100,U-009,Senior,Operator,Operations,Complete,93.1,Deployed,2019-12-28
P-02101,U-046,Lead,Medic,Systems,In Progress,74.4,Available,2020-12-03
P-02102,U-026,Lead,Operator,Operations,In Progress,64.0,Deployed,2019-01-21
P-02103,U-034,Junior,Logistics,Systems,In Progress,66.6,Training,2022-03-09
P-02104,U-007,Junior,Operator,Operations,In Progress,62.6,Deployed,2021-06-08
P-02105,U-002,Lead,Operator,Maintenance,Complete,91.0,Available,2025-02-20
P-02106,U-040,Senior,Analyst,Systems,In Progress,77.4,Training,2019-09-26
P-02107,U-039,Senior,Medic,Maintenance,In Progress,71.8,Training,2019-09-02
P-02108,U-053,Junior,Logistics,Systems,Complete,91.9,Training,2019-05-08
P-02109,U-052,Lead,Operator,Operations,Complete,97.0,Training,2020-01-09
P-02110,U-038,Junior,Medic,Maintenance,In Progress,78.3,Training,2019-09-28
P-02111,U-040,Officer,Logistics,Planning,Complete,96.4,Deployed,2019-04-22
P-02112,U-043,Lead,Engineer,Operations,In Progress,80.0,Available,2020-09-07
P-02113,U-053,Officer,Operator,Operations,In Progress,77.1,Available,2023-05-22
P-02114,U-052,Junior,Logistics,Systems,Complete,93.0,Training,2025-05-06
P-02115,U-021,Officer,Logistics,Maintenance,Complete,96.0,Deployed,2021-08-05
P-02116,U-009,Senior,Analyst,Planning,In Progress,75.2,Deployed,2022-11-18
P-02117,U-025,Junior,Medic,Systems,In Progress,58.7,Deployed,2024-04-17
P-02118,U-031,Lead,Medic,Operations,In Progress,82.4,Training,2025-11-02
P-02119,U-004,Junior,Engineer,Systems,In Progress,78.7,Deployed,2024-08-03
P-02120,U-048,Senior,Analyst,Systems,Complete,95.5,Training,2018-04-25
P-02121,U-004,Officer,Engineer,Operations,Complete,98.5,Training,2018-08-03
P-02122,U-053,Officer,Logistics,Maintenance,Complete,92.1,Training,2022-02-27
P-02123,U-044,Senior,Operator,Planning,In Progress,86.5,Available,2020-06-26
P-02124,U-046,Senior,Medic,Maintenance,In Progress,69.4,Training,2025-03-08
P-02125,U-040,Officer,Engineer,Systems,In Progress,55.7,Deployed,2018-01-20
P-02126,U-058,Lead,Engineer,Planning,In Progress,65.8,Available,2022-03-03
P-02127,U-059,Junior,Engineer,Maintenance,Complete,92.7,Training,2020-10-05
P-02128,U-040,Officer,Logistics,Operations,In Progress,85.1,Available,2025-04-30
P-02129,U-048,Officer,Operator,Planning,Complete,96.1,Deployed,2022-03-25
P-02130,U-018,Senior,Medic,Operations,Complete,92.9,Training,2018-02-12
P-02131,U-041,Junior,Medic,Maintenance,In Progress,86.2,Training,2025-09-25
P-02132,U-015,Junior,Operator,Maintenance,In Progress,58.2,Deployed,2018-09-30
P-02133,U-012,Senior,Analyst,Planning,In Progress,79.2,Deployed,2024-01-06
P-02134,U-019,Lead,Operator,Systems,In Progress,67.8,Deployed,2020-04-07
P-02135,U-006,Officer,Engineer,Maintenance,In Progress,80.0,Training,2018-05-27
P-02136,U-031,Junior,Engineer,Systems,In Progress,76.5,Deployed,2020-01-26
P-02137,U-006,Junior,Engineer,Planning,In Progress,89.3,Training,2022-02-28
P-02138,U-029,Officer,Logistics,Systems,In Progress,88.2,Training,2023-08-25
P-02139,U-050,Senior,Analyst,Systems,Complete,98.9,Training,2018-02-28
P-02140,U-010,Lead,Engineer,Operations,In Progress,70.4,Deployed,2020-04-01
P-02141,U-058,Officer,Medic,Maintenance,In Progress,84.0,Deployed,2023-09-02
P-02142,U-005,Senior,Analyst,Planning,In Progress,65.1,Available,2022-12-10
P-02143,U-005,Lead,Logistics,Maintenance,Complete,93.0,Available,2024-02-20
P-02144,U-021,Junior,Medic,Systems,In Progress,57.6,Training,2026-01-30
P-02145,U-011,Lead,Analyst,Systems,In Progress,87.6,Available,2019-03-02
P-02146,U-044,Officer,Operator,Systems,In Progress,65.5,Deployed,2024-05-11
P-02147,U-008,Junior,Logistics,Systems,Complete,93.6,Available,2025-04-11
P-02148,U-053,Officer,Analyst,Planning,Complete,96.0,Deployed,2020-08-31
P-02149,U-044,Lead,Analyst,Planning,In Progress,77.1,Deployed,2019-09-20
P-02150,U-030,Lead,Engineer,Maintenance,In Progress,79.1,Deployed,2025-02-22
P-02151,U-047,Officer,Analyst,Maintenance,In Progress,62.8,Deployed,2018-03-27
P-02152,U-028,Senior,Operator,Planning,Complete,91.2,Deployed,2025-12-20
P-02153,U-057,Senior,Medic,Maintenance,In Progress,79.4,Training,2021-12-16
P-02154,U-014,Officer,Medic,Planning,Complete,97.4,Training,2023-01-27
P-02155,U-029,Officer,Analyst,Operations,Complete,97.9,Deployed,2025-06-18
P-02156,U-026,Senior,Engineer,Maintenance,In Progress,61.0,Training,2020-02-22
P-02157,U-037,Lead,Medic,Planning,In Progress,63.8,Deployed,2025-03-22
P-02158,U-020,Senior,Medic,Systems,In Progress,64.6,Training,2025-04-25
P-02159,U-029,Officer,Operator,Maintenance,In Progress,68.5,Available,2021-10-15
P-02160,U-036,Officer,Logistics,Planning,Complete,95.0,Available,2022-12-20
P-02161,U-002,Officer,Logistics,Maintenance,In Progress,86.2,Deployed,2025-08-19
P-02162,U-037,Officer,Logistics,Maintenance,In Progress,89.6,Available,2022-08-12
P-02163,U-021,Senior,Medic,Operations,In Progress,76.1,Training,2024-11-13
P-02164,U-034,Junior,Operator,Systems,In Progress,88.1,Available,2018-03-29
P-02165,U-001,Junior,Analyst,Systems,Complete,96.4,Deployed,2022-01-01
P-02166,U-013,Senior,Analyst,Systems,In Progress,88.5,Deployed,2024-12-27
P-02167,U-059,Officer,Medic,Operations,In Progress,69.2,Training,2019-12-19
P-02168,U-019,Senior,Engineer,Maintenance,In Progress,68.6,Deployed,2019-05-01
P-02169,U-035,Officer,Engineer,Planning,Complete,96.0,Training,2021-02-25
P-02170,U-045,Senior,Operator,Maintenance,Complete,93.2,Deployed,2019-02-02
P-02171,U-049,Officer,Medic,Planning,In Progress,56.8,Deployed,2019-11-30
P-02172,U-050,Lead,Medic,Maintenance,In Progress,55.9,Deployed,2018-03-23
P-02173,U-032,Lead,Analyst,Systems,Complete,97.6,Deployed,2018-10-10
P-02174,U-012,Lead,Medic,Maintenance,In Progress,61.1,Available,2025-07-02
P-02175,U-013,Lead,Analyst,Systems,Complete,98.3,Deployed,2024-10-05
P-02176,U-052,Officer,Engineer,Operations,In Progress,77.3,Deployed,2020-02-26
P-02177,U-033,Junior,Medic,Operations,In Progress,67.6,Available,2018-08-02
P-02178,U-042,Lead,Analyst,Planning,In Progress,65.7,Deployed,2021-10-14
P-02179,U-003,Officer,Operator,Operations,In Progress,67.3,Training,2018-05-09
P-02180,U-009,Junior,Logistics,Systems,Complete,94.2,Deployed,2022-04-09
P-02181,U-013,Officer,Medic,Systems,Complete,95.7,Training,2025-07-15
P-02182,U-018,Lead,Analyst,Planning,In Progress,86.4,Deployed,2025-12-07
P-02183,U-022,Lead,Analyst,Maintenance,In Progress,61.0,Deployed,2021-02-27
P-02184,U-018,Officer,Operator,Operations,In Progress,58.7,Training,2019-04-10
P-02185,U-002,Junior,Engineer,Systems,Complete,91.5,Available,2022-03-10
P-02186,U-005,Senior,Operator,Systems,In Progress,61.9,Available,2026-02-09
P-02187,U-001,Lead,Logistics,Systems,In Progress,88.1,Available,2024-07-14
P-02188,U-041,Officer,Analyst,Systems,Complete,98.5,Training,2019-05-15
P-02189,U-004,Senior,Operator,Maintenance,In Progress,86.7,Available,2026-01-20
P-02190,U-006,Senior,Engineer,Systems,In Progress,55.2,Training,2018-11-22
P-02191,U-025,Senior,Medic,Maintenance,In Progress,69.4,Training,2023-07-22
P-02192,U-039,Officer,Analyst,Systems,In Progress,86.8,Deployed,2020-01-28
P-02193,U-033,Senior,Engineer,Operations,In Progress,55.3,Available,2024-01-30
P-02194,U-037,Junior,Operator,Maintenance,Complete,98.8,Available,2021-08-09
P-02195,U-049,Senior,Medic,Operations,Complete,99.6,Training,2022-08-16
P-02196,U-033,Senior,Medic,Operations,In Progress,83.8,Deployed,2020-09-13
P-02197,U-034,Lead,Analyst,Maintenance,In Progress,55.3,Available,2018-09-10
P-02198,U-005,Junior,Logistics,Planning,In Progress,77.2,Available,2025-07-23
P-02199,U-049,Officer,Operator,Systems,Complete,95.4,Deployed,2024-08-06
P-02200,U-050,Lead,Logistics,Systems,Complete,96.2,Training,2020-12-10
P-02201,U-047,Officer,Analyst,Planning,Complete,92.8,Deployed,2023-08-09
P-02202,U-020,Lead,Logistics,Maintenance,In Progress,89.4,Available,2024-08-02
P-02203,U-011,Lead,Medic,Planning,In Progress,56.9,Deployed,2021-08-21
P-02204,U-060,Officer,Medic,Planning,Complete,90.8,Deployed,2019-09-18
P-02205,U-010,Officer,Medic,Systems,In Progress,88.2,Available,2021-07-21
P-02206,U-025,Senior,Medic,Operations,Complete,99.5,Available,2022-11-15
P-02207,U-051,Senior,Engineer,Maintenance,Complete,91.8,Available,2019-01-24
P-02208,U-002,Senior,Analyst,Operations,In Progress,72.6,Available,2018-03-30
P-02209,U-032,Lead,Logistics,Operations,In Progress,72.7,Available,2020-02-18
P-02210,U-032,Officer,Medic,Planning,In Progress,82.3,Available,2023-06-20
P-02211,U-043,Junior,Operator,Operations,In Progress,57.7,Training,2023-05-07
P-02212,U-039,Senior,Logistics,Planning,In Progress,68.0,Available,2022-09-02
P-02213,U-032,Lead,Engineer,Operations,In Progress,55.6,Training,2021-06-26
P-02214,U-044,Junior,Logistics,Maintenance,In Progress,82.8,Training,2021-02-28
P-02215,U-022,Senior,Analyst,Planning,In Progress,87.6,Available,2018-03-14
P-02216,U-029,Senior,Engineer,Operations,In Progress,71.7,Training,2020-08-14
P-02217,U-059,Lead,Medic,Operations,Complete,94.2,Training,2021-10-27
P-02218,U-037,Senior,Engineer,Operations,Complete,90.7,Training,2024-06-02
P-02219,U-059,Senior,Engineer,Planning,In Progress,65.3,Training,2023-04-09
P-02220,U-057,Junior,Medic,Maintenance,In Progress,55.9,Training,2021-08-10
P-02221,U-006,Officer,Logistics,Operations,In Progress,78.8,Available,2023-01-16
P-02222,U-025,Lead,Engineer,Operations,Complete,90.0,Available,2023-04-25
P-02223,U-016,Junior,Analyst,Operations,In Progress,65.0,Training,2023-05-31
P-02224,U-036,Lead,Analyst,Planning,In Progress,61.6,Deployed,2024-10-13
P-02225,U-057,Senior,Logistics,Systems,In Progress,79.1,Deployed,2018-09-06
P-02226,U-048,Lead,Engineer,Planning,Complete,94.8,Deployed,2025-11-09
P-02227,U-053,Lead,Analyst,Maintenance,Complete,93.4,Available,2021-04-27
P-02228,U-002,Officer,Operator,Operations,In Progress,56.3,Deployed,2019-08-28
P-02229,U-029,Senior,Logistics,Planning,In Progress,83.2,Deployed,2019-03-18
P-02230,U-060,Lead,Engineer,Planning,In Progress,67.3,Deployed,2019-10-30
P-02231,U-038,Junior,Operator,Systems,In Progress,60.8,Deployed,2024-03-13
P-02232,U-031,Lead,Medic,Systems,In Progress,71.6,Training,2022-11-14
P-02233,U-042,Senior,Analyst,Systems,In Progress,69.6,Training,2021-03-04
P-02234,U-021,Junior,Logistics,Systems,In Progress,80.5,Training,2026-01-16
P-02235,U-046,Junior,Operator,Maintenance,In Progress,60.9,Available,2019-02-23
P-02236,U-034,Senior,Operator,Operations,In Progress,62.4,Deployed,2021-10-17
P-02237,U-006,Junior,Medic,Planning,In Progress,73.6,Training,2018-09-12
P-02238,U-034,Officer,Engineer,Systems,In Progress,73.7,Available,2023-01-12
P-02239,U-011,Lead,Engineer,Maintenance,In Progress,60.2,Available,2025-03-25
P-02240,U-044,Junior,Engineer,Planning,In Progress,80.1,Available,2018-06-22
P-02241,U-015,Senior,Engineer,Operations,In Progress,89.1,Deployed,2022-05-07
P-02242,U-049,Officer,Operator,Operations,In Progress,83.5,Deployed,2018-04-07
P-02243,U-043,Officer,Logistics,Systems,In Progress,87.2,Available,2020-03-30
P-02244,U-038,Senior,Logistics,Planning,In Progress,56.6,Available,2021-12-02
P-02245,U-045,Lead,Logistics,Maintenance,In Progress,58.6,Deployed,2020-05-21
P-02246,U-010,Lead,Analyst,Operations,In Progress,79.1,Training,2022-05-10
P-02247,U-011,Lead,Analyst,Maintenance,Complete,92.6,Deployed,2020-12-02
P-02248,U-026,Lead,Medic,Systems,In Progress,60.4,Deployed,2024-10-07
P-02249,U-042,Officer,Engineer,Maintenance,In Progress,85.2,Available,2018-06-20
P-02250,U-025,Senior,Engineer,Operations,Complete,91.2,Training,2025-07-24
P-02251,U-014,Lead,Analyst,Planning,Complete,94.9,Available,2025-04-07
P-02252,U-041,Lead,Engineer,Systems,In Progress,65.3,Deployed,2018-02-20
P-02253,U-014,Lead,Engineer,Planning,Complete,92.3,Training,2022-05-11
P-02254,U-047,Officer,Logistics,Maintenance,In Progress,69.7,Deployed,2023-05-21
P-02255,U-036,Senior,Operator,Systems,In Progress,81.9,Available,2018-05-08
P-02256,U-040,Junior,Analyst,Systems,In Progress,57.3,Deployed,2022-12-28
P-02257,U-025,Senior,Operator,Systems,In Progress,87.8,Deployed,2020-05-31
P-02258,U-042,Officer,Analyst,Systems,In Progress,63.6,Deployed,2022-09-07
P-02259,U-042,Junior,Operator,Operations,In Progress,56.0,Available,2020-12-12
P-02260,U-030,Senior,Operator,Systems,Complete,96.9,Deployed,2019-12-17
P-02261,U-001,Senior,Medic,Operations,In Progress,60.1,Deployed,2018-04-03
P-02262,U-045,Junior,Engineer,Maintenance,In Progress,80.3,Available,2022-06-17
P-02263,U-044,Junior,Medic,Planning,In Progress,72.0,Deployed,2022-08-17
P-02264,U-012,Junior,Operator,Operations,Complete,98.8,Training,2021-02-27
P-02265,U-047,Lead,Operator,Operations,In Progress,76.6,Available,2020-08-19
P-02266,U-045,Junior,Operator,Planning,In Progress,75.2,Training,2025-11-19
P-02267,U-032,Junior,Analyst,Operations,Complete,90.6,Available,2024-09-15
P-02268,U-024,Officer,Logistics,Maintenance,In Progress,75.5,Deployed,2025-05-21
P-02269,U-058,Senior,Analyst,Operations,In Progress,71.7,Deployed,2019-12-14
P-02270,U-038,Officer,Analyst,Operations,In Progress,73.1,Available,2025-07-18
P-02271,U-049,Officer,Analyst,Planning,Complete,95.0,Available,2024-10-02
P-02272,U-017,Lead,Analyst,Planning,Complete,94.8,Deployed,2024-01-18
P-02273,U-056,Junior,Analyst,Maintenance,In Progress,85.6,Training,2021-10-31
P-02274,U-035,Senior,Logistics,Maintenance,In Progress,83.5,Available,2025-10-10
P-02275,U-026,Officer,Operator,Systems,In Progress,58.7,Training,2019-03-02
P-02276,U-037,Senior,Engineer,Operations,In Progress,55.2,Deployed,2019-04-24
P-02277,U-021,Lead,Logistics,Planning,In Progress,87.9,Training,2025-05-14
P-02278,U-053,Lead,Medic,Systems,In Progress,72.7,Available,2025-03-08
P-02279,U-042,Senior,Operator,Systems,In Progress,75.4,Deployed,2019-08-15
P-02280,U-059,Lead,Engineer,Planning,In Progress,58.2,Deployed,2020-05-07
P-02281,U-035,Senior,Operator,Systems,In Progress,83.7,Available,2021-04-26
P-02282,U-008,Junior,Operator,Operations,In Progress,64.3,Deployed,2019-05-03
P-02283,U-028,Officer,Operator,Operations,Complete,97.5,Deployed,2022-05-08
P-02284,U-024,Officer,Logistics,Planning,In Progress,64.4,Training,2024-11-23
P-02285,U-038,Officer,Operator,Planning,In Progress,56.9,Deployed,2021-12-10
P-02286,U-002,Officer,Medic,Systems,In Progress,66.5,Deployed,2025-09-21
P-02287,U-038,Lead,Medic,Systems,In Progress,82.9,Deployed,2018-06-08
P-02288,U-032,Junior,Medic,Operations,In Progress,89.2,Training,2019-01-13
P-02289,U-006,Junior,Medic,Planning,In Progress,66.0,Training,2021-10-13
P-02290,U-016,Officer,Operator,Operations,In Progress,82.2,Deployed,2024-03-13
P-02291,U-050,Officer,Engineer,Planning,In Progress,86.7,Available,2018-02-12
P-02292,U-044,Junior,Logistics,Planning,In Progress,60.8,Available,2023-08-19
P-02293,U-012,Officer,Logistics,Systems,In Progress,75.8,Deployed,2024-07-26
P-02294,U-008,Officer,Engineer,Planning,In Progress,86.4,Deployed,2019-10-29
P-02295,U-003,Lead,Medic,Systems,In Progress,68.1,Training,2019-09-27
P-02296,U-054,Officer,Medic,Maintenance,In Progress,58.5,Available,2022-05-06
P-02297,U-050,Senior,Medic,Systems,In Progress,88.5,Deployed,2020-01-19
P-02298,U-015,Officer,Engineer,Planning,In Progress,70.3,Training,2019-04-21
P-02299,U-007,Senior,Logistics,Systems,In Progress,62.4,Deployed,2023-07-26
P-02300,U-024,Officer,Operator,Operations,Complete,90.7,Training,2024-02-05
P-02301,U-007,Junior,Analyst,Planning,In Progress,73.8,Training,2025-11-15
P-02302,U-028,Junior,Analyst,Operations,In Progress,58.0,Deployed,2022-07-02
P-02303,U-033,Senior,Operator,Systems,Complete,96.4,Available,2018-12-20
P-02304,U-037,Senior,Medic,Operations,In Progress,63.4,Training,2020-12-13
P-02305,U-031,Senior,Logistics,Planning,In Progress,58.0,Available,2024-04-11
P-02306,U-003,Senior,Analyst,Maintenance,In Progress,65.5,Training,2025-11-13
P-02307,U-026,Junior,Logistics,Systems,In Progress,55.5,Available,2023-11-19
P-02308,U-043,Junior,Analyst,Maintenance,In Progress,67.0,Deployed,2020-09-25
P-02309,U-056,Senior,Engineer,Planning,In Progress,76.6,Deployed,2023-05-15
P-02310,U-014,Officer,Logistics,Systems,In Progress,59.5,Available,2025-06-25
P-02311,U-009,Senior,Operator,Planning,Complete,93.6,Training,2018-10-25
P-02312,U-037,Officer,Analyst,Maintenance,In Progress,62.4,Deployed,2022-07-23
P-02313,U-004,Junior,Analyst,Planning,In Progress,88.9,Available,2020-02-28
P-02314,U-043,Lead,Medic,Planning,In Progress,87.7,Training,2020-07-09
P-02315,U-048,Officer,Logistics,Planning,Complete,95.8,Training,2025-02-15
P-02316,U-011,Lead,Medic,Systems,In Progress,65.9,Deployed,2024-09-22
P-02317,U-002,Junior,Engineer,Systems,In Progress,73.8,Deployed,2021-02-10
P-02318,U-026,Lead,Analyst,Operations,In Progress,67.6,Deployed,2023-04-09
P-02319,U-033,Senior,Medic,Operations,In Progress,77.0,Available,2025-10-03
P-02320,U-032,Junior,Analyst,Operations,Complete,98.9,Deployed,2021-03-29
P-02321,U-039,Lead,Analyst,Maintenance,In Progress,78.1,Training,2020-02-23
P-02322,U-023,Senior,Analyst,Planning,Complete,98.8,Deployed,2020-12-16
P-02323,U-039,Senior,Logistics,Maintenance,In Progress,74.1,Training,2021-04-23
P-02324,U-013,Lead,Logistics,Operations,In Progress,85.9,Available,2023-03-11
P-02325,U-038,Junior,Analyst,Maintenance,In Progress,78.4,Available,2024-09-15
P-02326,U-051,Lead,Engineer,Planning,In Progress,83.5,Deployed,2020-10-03
P-02327,U-026,Lead,Logistics,Planning,In Progress,76.8,Training,2021-10-30
P-02328,U-010,Junior,Analyst,Systems,In Progress,66.5,Deployed,2024-03-05
P-02329,U-026,Senior,Analyst,Planning,In Progress,55.1,Deployed,2024-03-05
P-02330,U-038,Officer,Engineer,Operations,Complete,92.0,Available,2022-10-18
P-02331,U-041,Junior,Medic,Planning,Complete,99.2,Deployed,2021-07-06
P-02332,U-008,Junior,Analyst,Systems,In Progress,61.3,Available,2018-10-15
P-02333,U-018,Lead,Engineer,Systems,In Progress,59.8,Training,2025-09-13
P-02334,U-028,Junior,Operator,Systems,In Progress,64.2,Deployed,2025-01-01
P-02335,U-047,Officer,Engineer,Maintenance,In Progress,67.5,Available,2024-12-07
P-02336,U-039,Lead,Logistics,Operations,In Progress,80.7,Available,2019-09-14
P-02337,U-002,Lead,Engineer,Maintenance,In Progress,79.9,Deployed,2020-04-12
P-02338,U-035,Senior,Operator,Operations,In Progress,82.7,Deployed,2019-05-26
P-02339,U-007,Officer,Engineer,Maintenance,In Progress,66.1,Deployed,2024-11-01
P-02340,U-011,Senior,Analyst,Systems,Complete,95.1,Available,2020-09-05
P-02341,U-043,Officer,Medic,Maintenance,In Progress,68.9,Available,2019-02-16
P-02342,U-055,Officer,Medic,Maintenance,In Progress,58.7,Training,2022-04-24
P-02343,U-055,Officer,Operator,Operations,In Progress,82.7,Available,2025-07-20
P-02344,U-032,Lead,Analyst,Systems,In Progress,74.6,Deployed,2023-09-10
P-02345,U-040,Officer,Logistics,Maintenance,In Progress,72.5,Deployed,2019-08-15
P-02346,U-046,Officer,Engineer,Planning,In Progress,58.5,Available,2020-06-11
P-02347,U-021,Lead,Engineer,Operations,In Progress,70.9,Available,2022-04-04
P-02348,U-039,Junior,Logistics,Maintenance,Complete,94.5,Training,2025-10-28
P-02349,U-005,Junior,Medic,Operations,In Progress,75.4,Deployed,2022-04-10
P-02350,U-002,Officer,Medic,Systems,In Progress,77.1,Deployed,2020-11-10
P-02351,U-023,Lead,Analyst,Planning,In Progress,65.3,Available,2019-11-22
P-02352,U-015,Senior,Operator,Planning,Complete,93.4,Deployed,2018-07-16
P-02353,U-049,Senior,Operator,Systems,In Progress,65.3,Deployed,2018-11-21
P-02354,U-034,Officer,Engineer,Operations,Complete,96.9,Available,2022-11-21
P-02355,U-018,Senior,Engineer,Planning,Complete,94.2,Deployed,2019-11-14
P-02356,U-034,Junior,Logistics,Systems,In Progress,58.0,Training,2025-05-05
P-02357,U-051,Senior,Analyst,Planning,Complete,90.3,Deployed,2019-11-19
P-02358,U-016,Senior,Logistics,Systems,In Progress,55.8,Available,2019-02-20
P-02359,U-018,Senior,Logistics,Systems,Complete,91.8,Deployed,2024-03-16
P-02360,U-049,Senior,Engineer,Maintenance,In Progress,71.6,Available,2018-02-05
P-02361,U-021,Lead,Logistics,Systems,Complete,93.5,Training,2023-08-29
P-02362,U-058,Senior,Engineer,Systems,In Progress,57.6,Deployed,2019-10-01
P-02363,U-055,Lead,Logistics,Operations,In Progress,61.0,Deployed,2020-10-03
P-02364,U-030,Junior,Engineer,Maintenance,In Progress,62.9,Training,2024-10-18
P-02365,U-049,Officer,Engineer,Systems,In Progress,56.9,Deployed,2023-03-03
P-02366,U-034,Officer,Logistics,Planning,Complete,90.9,Training,2023-03-27
P-02367,U-042,Lead,Logistics,Planning,Complete,97.4,Deployed,2023-11-15
P-02368,U-060,Officer,Engineer,Systems,In Progress,73.3,Available,2018-10-28
P-02369,U-039,Lead,Operator,Planning,Complete,99.8,Deployed,2022-03-20
P-02370,U-020,Lead,Medic,Maintenance,In Progress,71.8,Available,2020-06-01
P-02371,U-028,Senior,Medic,Maintenance,In Progress,89.9,Training,2021-05-21
P-02372,U-026,Junior,Engineer,Planning,In Progress,66.0,Deployed,2023-06-17
P-02373,U-026,Officer,Analyst,Maintenance,In Progress,76.0,Deployed,2019-06-19
P-02374,U-027,Senior,Engineer,Systems,Complete,98.2,Deployed,2022-03-13
P-02375,U-004,Officer,Medic,Systems,In Progress,70.8,Training,2021-04-19
P-02376,U-023,Officer,Operator,Planning,Complete,91.9,Available,2021-12-14
P-02377,U-022,Senior,Operator,Systems,In Progress,63.7,Available,2025-12-22
P-02378,U-036,Junior,Logistics,Maintenance,In Progress,67.1,Training,2023-11-05
P-02379,U-024,Officer,Analyst,Planning,In Progress,56.1,Deployed,2024-12-21
P-02380,U-021,Junior,Logistics,Systems,In Progress,67.8,Deployed,2023-06-20
P-02381,U-028,Junior,Logistics,Systems,In Progress,89.4,Available,2022-03-28
P-02382,U-022,Officer,Analyst,Maintenance,In Progress,84.7,Available,2020-03-15
P-02383,U-006,Lead,Medic,Maintenance,In Progress,82.8,Available,2018-06-30
P-02384,U-020,Senior,Engineer,Planning,In Progress,55.5,Training,2020-03-04
P-02385,U-027,Senior,Medic,Operations,Complete,91.0,Available,2018-01-03
P-02386,U-005,Junior,Analyst,Planning,In Progress,62.4,Available,2020-06-16
P-02387,U-030,Senior,Medic,Systems,Complete,96.2,Available,2025-07-04
P-02388,U-030,Lead,Logistics,Operations,Complete,91.5,Deployed,2020-11-23
P-02389,U-037,Lead,Analyst,Maintenance,In Progress,80.1,Training,2025-08-25
P-02390,U-054,Lead,Logistics,Maintenance,In Progress,87.2,Available,2018-04-02
P-02391,U-028,Lead,Logistics,Operations,In Progress,76.8,Deployed,2026-02-14
P-02392,U-026,Lead,Analyst,Systems,In Progress,57.3,Available,2024-03-23
P-02393,U-015,Senior,Engineer,Planning,Complete,93.0,Available,2019-02-08
P-02394,U-045,Lead,Medic,Planning,In Progress,79.4,Deployed,2024-05-09
P-02395,U-022,Senior,Engineer,Planning,In Progress,68.5,Training,2018-09-29
P-02396,U-050,Junior,Medic,Planning,In Progress,69.1,Deployed,2019-09-23
P-02397,U-027,Junior,Analyst,Operations,In Progress,76.3,Available,2021-06-15
P-02398,U-016,Officer,Medic,Maintenance,In Progress,76.9,Deployed,2022-10-28
P-02399,U-055,Senior,Logistics,Maintenance,In Progress,65.6,Deployed,2019-10-15
P-02400,U-039,Officer,Operator,Systems,In Progress,69.7,Available,2018-12-04
P-02401,U-051,Senior,Logistics,Planning,In Progress,88.2,Deployed,2019-01-14
P-02402,U-060,Senior,Operator,Systems,Complete,98.7,Deployed,2019-12-29
P-02403,U-003,Lead,Analyst,Systems,In Progress,61.0,Available,2019-11-08
P-02404,U-058,Junior,Operator,Systems,In Progress,68.9,Available,2024-11-21
P-02405,U-001,Senior,Engineer,Planning,Complete,92.0,Deployed,2019-03-17
P-02406,U-018,Junior,Logistics,Operations,In Progress,81.7,Available,2018-09-24
P-02407,U-030,Lead,Engineer,Systems,In Progress,82.3,Deployed,2024-10-20
P-02408,U-015,Junior,Medic,Operations,In Progress,86.0,Training,2019-10-29
P-02409,U-045,Officer,Analyst,Operations,In Progress,76.3,Deployed,2025-04-30
P-02410,U-046,Officer,Engineer,Operations,Complete,91.7,Training,2021-08-30
P-02411,U-014,Senior,Engineer,Systems,In Progress,65.8,Available,2018-08-29
P-02412,U-038,Senior,Operator,Planning,Complete,94.4,Available,2019-09-04
P-02413,U-047,Lead,Analyst,Maintenance,In Progress,58.3,Training,2023-05-27
P-02414,U-028,Lead,Engineer,Planning,In Progress,73.4,Training,2018-05-19
P-02415,U-024,Senior,Analyst,Systems,In Progress,62.0,Available,2018-05-09
P-02416,U-054,Lead,Medic,Maintenance,Complete,93.4,Deployed,2023-03-14
P-02417,U-043,Lead,Medic,Maintenance,Complete,98.5,Deployed,2025-12-07
P-02418,U-028,Senior,Operator,Maintenance,In Progress,84.6,Deployed,2022-08-31
P-02419,U-006,Lead,Engineer,Systems,In Progress,76.9,Available,2020-09-10
P-02420,U-033,Lead,Engineer,Maintenance,In Progress,82.2,Deployed,2018-06-07
P-02421,U-050,Lead,Analyst,Operations,In Progress,55.4,Deployed,2018-01-12
P-02422,U-007,Senior,Engineer,Maintenance,In Progress,76.7,Deployed,2025-08-18
P-02423,U-043,Lead,Logistics,Planning,Complete,93.6,Training,2024-08-15
P-02424,U-040,Senior,Medic,Systems,Complete,96.7,Deployed,2026-01-24
P-02425,U-038,Officer,Operator,Operations,In Progress,79.6,Deployed,2018-03-15
P-02426,U-027,Junior,Medic,Planning,In Progress,81.5,Deployed,2024-10-29
P-02427,U-037,Lead,Logistics,Maintenance,In Progress,65.4,Deployed,2020-12-20
P-02428,U-020,Junior,Engineer,Operations,Complete,95.1,Deployed,2020-12-22
P-02429,U-001,Junior,Engineer,Planning,In Progress,78.9,Available,2022-06-15
P-02430,U-001,Junior,Analyst,Planning,In Progress,74.4,Available,2023-08-18
P-02431,U-056,Lead,Logistics,Systems,Complete,97.9,Deployed,2024-07-04
P-02432,U-014,Lead,Operator,Maintenance,In Progress,79.0,Deployed,2024-04-15
P-02433,U-047,Senior,Operator,Planning,In Progress,69.8,Available,2021-09-08
P-02434,U-042,Officer,Operator,Systems,In Progress,66.1,Available,2026-03-14
P-02435,U-017,Lead,Analyst,Planning,In Progress,62.6,Available,2022-10-13
P-02436,U-014,Lead,Operator,Operations,In Progress,87.8,Deployed,2024-01-31
P-02437,U-045,Junior,Operator,Maintenance,In Progress,79.7,Available,2018-01-14
P-02438,U-016,Lead,Engineer,Systems,In Progress,58.0,Deployed,2021-10-14
P-02439,U-008,Officer,Logistics,Systems,In Progress,77.5,Deployed,2025-06-29
P-02440,U-040,Junior,Analyst,Systems,In Progress,67.5,Deployed,2019-12-24
P-02441,U-025,Lead,Operator,Systems,Complete,91.3,Available,2019-10-27
P-02442,U-010,Senior,Medic,Operations,In Progress,70.4,Available,2021-10-25
P-02443,U-055,Officer,Operator,Planning,In Progress,72.5,Available,2019-11-18
P-02444,U-013,Officer,Logistics,Systems,In Progress,82.9,Training,2020-07-17
P-02445,U-054,Officer,Logistics,Planning,In Progress,84.6,Deployed,2021-08-12
P-02446,U-042,Junior,Operator,Planning,In Progress,71.6,Available,2018-01-16
P-02447,U-037,Lead,Analyst,Planning,In Progress,71.0,Training,2018-01-31
P-02448,U-021,Junior,Engineer,Systems,Complete,93.8,Training,2023-11-03
P-02449,U-036,Senior,Medic,Planning,In Progress,89.5,Training,2024-03-09
P-02450,U-047,Junior,Logistics,Systems,In Progress,89.3,Training,2021-07-22
P-02451,U-016,Officer,Analyst,Systems,In Progress,69.0,Available,2018-08-13
P-02452,U-020,Senior,Analyst,Planning,In Progress,84.9,Available,2021-02-23
P-02453,U-022,Junior,Logistics,Operations,Complete,93.2,Available,2023-08-03
P-02454,U-020,Officer,Operator,Systems,In Progress,88.2,Deployed,2021-09-04
P-02455,U-012,Senior,Logistics,Systems,In Progress,87.0,Deployed,2019-04-10
P-02456,U-007,Lead,Analyst,Systems,Complete,98.9,Available,2024-06-18
P-02457,U-014,Junior,Engineer,Systems,In Progress,81.2,Deployed,2021-06-29
P-02458,U-054,Junior,Logistics,Operations,In Progress,89.2,Training,2025-05-18
P-02459,U-020,Officer,Operator,Operations,In Progress,59.5,Deployed,2019-01-16
P-02460,U-043,Junior,Engineer,Systems,In Progress,70.0,Available,2024-08-06
P-02461,U-001,Officer,Operator,Planning,In Progress,59.8,Deployed,2022-07-21
P-02462,U-035,Senior,Logistics,Maintenance,In Progress,59.8,Available,2021-09-30
P-02463,U-011,Junior,Operator,Planning,In Progress,63.3,Available,2026-03-04
P-02464,U-046,Senior,Medic,Systems,In Progress,60.7,Training,2023-11-13
P-02465,U-057,Senior,Medic,Maintenance,In Progress,67.3,Available,2022-10-27
P-02466,U-014,Officer,Engineer,Operations,In Progress,82.6,Deployed,2019-07-12
P-02467,U-026,Officer,Logistics,Operations,Complete,98.8,Deployed,2020-10-17
P-02468,U-040,Junior,Medic,Operations,Complete,93.5,Training,2024-10-15
P-02469,U-032,Junior,Medic,Maintenance,In Progress,55.1,Training,2020-11-02
P-02470,U-045,Senior,Logistics,Systems,In Progress,60.8,Training,2020-10-16
P-02471,U-009,Senior,Engineer,Systems,In Progress,87.0,Training,2018-10-23
P-02472,U-044,Senior,Analyst,Systems,In Progress,72.8,Training,2018-01-12
P-02473,U-042,Junior,Operator,Planning,In Progress,64.5,Available,2021-10-30
P-02474,U-014,Senior,Operator,Operations,In Progress,75.1,Deployed,2022-08-11
P-02475,U-025,Lead,Medic,Maintenance,In Progress,84.7,Training,2019-08-21
P-02476,U-014,Senior,Engineer,Planning,In Progress,72.5,Deployed,2021-01-26
P-02477,U-028,Junior,Medic,Planning,In Progress,57.2,Available,2018-09-09
P-02478,U-051,Junior,Medic,Operations,Complete,95.0,Available,2022-08-21
P-02479,U-008,Senior,Analyst,Operations,Complete,94.7,Available,2022-10-12
P-02480,U-050,Junior,Logistics,Planning,In Progress,55.6,Deployed,2021-05-26
P-02481,U-042,Senior,Analyst,Planning,In Progress,65.1,Deployed,2021-01-09
P-02482,U-011,Officer,Engineer,Systems,In Progress,76.6,Available,2025-03-27
P-02483,U-032,Senior,Operator,Operations,In Progress,72.3,Training,2022-02-27
P-02484,U-034,Junior,Analyst,Operations,In Progress,66.5,Training,2022-07-12
P-02485,U-002,Junior,Engineer,Operations,In Progress,57.8,Deployed,2020-09-27
P-02486,U-049,Senior,Medic,Systems,Complete,98.1,Available,2018-03-22
P-02487,U-021,Officer,Logistics,Operations,In Progress,89.6,Available,2023-05-25
P-02488,U-013,Lead,Medic,Operations,In Progress,63.4,Training,2021-01-18
P-02489,U-038,Officer,Logistics,Operations,In Progress,64.0,Available,2022-04-06
P-02490,U-031,Senior,Analyst,Systems,In Progress,83.1,Deployed,2022-01-01
P-02491,U-031,Lead,Medic,Maintenance,In Progress,89.2,Deployed,2024-04-22
P-02492,U-002,Junior,Logistics,Maintenance,In Progress,86.0,Available,2022-08-10
P-02493,U-056,Officer,Medic,Systems,In Progress,57.0,Available,2025-08-21
P-02494,U-036,Senior,Engineer,Maintenance,In Progress,74.9,Available,2022-02-28
P-02495,U-007,Junior,Logistics,Planning,In Progress,56.6,Available,2021-02-22
P-02496,U-042,Officer,Engineer,Systems,In Progress,81.5,Deployed,2020-08-27
P-02497,U-040,Lead,Logistics,Maintenance,In Progress,60.3,Available,2023-05-04
P-02498,U-045,Senior,Operator,Planning,In Progress,67.5,Available,2022-08-14
P-02499,U-057,Junior,Logistics,Maintenance,In Progress,69.9,Training,2021-02-11
P-02500,U-001,Lead,Analyst,Planning,In Progress,74.2,Training,2025-10-21
P-02501,U-011,Junior,Logistics,Systems,In Progress,56.2,Training,2021-02-01
P-02502,U-013,Senior,Engineer,Systems,In Progress,62.7,Training,2020-01-05
P-02503,U-013,Senior,Engineer,Operations,Complete,92.2,Deployed,2018-09-08
P-02504,U-043,Senior,Operator,Systems,In Progress,75.2,Training,2026-02-13
P-02505,U-014,Lead,Medic,Maintenance,In Progress,71.5,Training,2018-09-17
P-02506,U-054,Officer,Medic,Systems,Complete,95.6,Available,2022-03-15
P-02507,U-003,Officer,Operator,Systems,In Progress,79.0,Available,2020-05-17
P-02508,U-005,Junior,Medic,Maintenance,In Progress,61.9,Training,2019-11-12
P-02509,U-018,Lead,Medic,Maintenance,In Progress,87.1,Training,2023-12-23
P-02510,U-043,Officer,Medic,Maintenance,In Progress,80.5,Training,2022-12-29
P-02511,U-018,Senior,Operator,Maintenance,In Progress,69.2,Deployed,2021-04-25
P-02512,U-025,Officer,Operator,Systems,In Progress,89.8,Training,2019-06-04
P-02513,U-058,Junior,Logistics,Planning,In Progress,57.4,Deployed,2025-04-14
P-02514,U-038,Senior,Operator,Maintenance,In Progress,87.1,Training,2020-08-07
P-02515,U-052,Junior,Logistics,Systems,In Progress,60.7,Available,2024-01-17
P-02516,U-036,Junior,Analyst,Operations,In Progress,58.8,Deployed,2024-02-27
P-02517,U-009,Junior,Medic,Planning,Complete,92.3,Available,2019-07-27
P-02518,U-052,Junior,Logistics,Maintenance,Complete,90.6,Training,2022-12-17
P-02519,U-005,Junior,Analyst,Planning,In Progress,74.0,Available,2025-08-22
P-02520,U-018,Lead,Operator,Systems,Complete,99.7,Available,2018-04-22
P-02521,U-050,Junior,Operator,Systems,In Progress,84.9,Deployed,2019-11-07
P-02522,U-049,Junior,Operator,Maintenance,In Progress,88.4,Deployed,2019-02-07
P-02523,U-029,Lead,Operator,Systems,Complete,90.3,Training,2019-09-06
P-02524,U-023,Junior,Logistics,Operations,In Progress,69.1,Deployed,2020-12-04
P-02525,U-011,Senior,Logistics,Planning,In Progress,58.8,Deployed,2023-07-05
P-02526,U-034,Junior,Engineer,Maintenance,Complete,96.0,Deployed,2023-08-16
P-02527,U-040,Lead,Medic,Planning,Complete,90.5,Available,2023-09-09
P-02528,U-028,Junior,Logistics,Systems,In Progress,76.0,Available,2025-06-04
P-02529,U-017,Officer,Analyst,Operations,Complete,94.9,Available,2022-01-20
P-02530,U-047,Senior,Medic,Planning,In Progress,78.2,Training,2019-05-19
P-02531,U-016,Lead,Logistics,Maintenance,In Progress,73.6,Deployed,2022-02-22
P-02532,U-043,Lead,Engineer,Planning,In Progress,57.2,Training,2018-06-21
P-02533,U-036,Officer,Operator,Planning,In Progress,87.1,Available,2020-09-11
P-02534,U-027,Officer,Logistics,Operations,In Progress,82.1,Available,2025-01-01
P-02535,U-050,Senior,Engineer,Systems,In Progress,83.6,Available,2021-01-01
P-02536,U-052,Junior,Medic,Operations,In Progress,57.1,Training,2019-05-24
P-02537,U-057,Junior,Analyst,Operations,In Progress,80.0,Training,2019-12-28
P-02538,U-036,Officer,Engineer,Maintenance,Complete,97.7,Deployed,2026-01-20
P-02539,U-049,Junior,Medic,Operations,In Progress,63.4,Available,2019-09-27
P-02540,U-044,Officer,Logistics,Operations,In Progress,57.9,Training,2019-12-01
P-02541,U-034,Lead,Medic,Operations,In Progress,80.7,Available,2018-03-26
P-02542,U-016,Senior,Analyst,Planning,Complete,94.6,Available,2019-03-03
P-02543,U-020,Lead,Operator,Planning,Complete,98.2,Available,2022-05-18
P-02544,U-019,Officer,Engineer,Operations,Complete,97.5,Deployed,2021-04-05
P-02545,U-056,Senior,Medic,Maintenance,Complete,94.3,Training,2025-07-30
P-02546,U-024,Senior,Analyst,Maintenance,In Progress,70.3,Training,2018-04-06
P-02547,U-043,Officer,Analyst,Planning,In Progress,58.8,Deployed,2021-04-05
P-02548,U-033,Junior,Engineer,Systems,In Progress,80.9,Deployed,2020-09-15
P-02549,U-036,Senior,Analyst,Operations,In Progress,86.4,Training,2019-07-04
P-02550,U-030,Junior,Analyst,Systems,In Progress,82.5,Deployed,2025-09-14
P-02551,U-041,Lead,Engineer,Maintenance,In Progress,57.6,Available,2020-05-05
P-02552,U-049,Senior,Logistics,Operations,Complete,92.1,Training,2021-07-14
P-02553,U-057,Officer,Engineer,Maintenance,In Progress,86.9,Available,2019-01-04
P-02554,U-007,Officer,Logistics,Planning,In Progress,87.0,Training,2019-05-22
P-02555,U-035,Senior,Engineer,Systems,In Progress,57.2,Training,2025-08-12
P-02556,U-013,Senior,Medic,Operations,In Progress,77.2,Available,2018-06-10
P-02557,U-057,Junior,Operator,Systems,In Progress,73.3,Training,2023-08-31
P-02558,U-032,Lead,Medic,Systems,In Progress,89.1,Deployed,2023-08-13
P-02559,U-055,Junior,Operator,Maintenance,In Progress,73.3,Available,2018-04-19
P-02560,U-052,Junior,Analyst,Planning,In Progress,56.3,Available,2024-03-01
P-02561,U-009,Junior,Engineer,Planning,Complete,92.7,Deployed,2023-04-19
P-02562,U-041,Lead,Analyst,Systems,In Progress,86.6,Training,2022-08-29
P-02563,U-059,Senior,Medic,Operations,In Progress,55.1,Training,2021-11-17
P-02564,U-009,Junior,Analyst,Systems,Complete,94.9,Available,2023-11-25
P-02565,U-041,Lead,Operator,Operations,In Progress,89.7,Available,2020-08-05
P-02566,U-026,Lead,Operator,Maintenance,In Progress,78.8,Deployed,2020-03-08
P-02567,U-011,Senior,Engineer,Maintenance,Complete,91.7,Available,2020-09-10
P-02568,U-029,Lead,Medic,Systems,In Progress,67.4,Available,2020-11-11
P-02569,U-060,Lead,Engineer,Planning,In Progress,56.6,Training,2018-06-25
P-02570,U-054,Junior,Analyst,Maintenance,In Progress,71.5,Deployed,2022-06-08
P-02571,U-028,Junior,Logistics,Systems,In Progress,74.6,Available,2019-06-12
P-02572,U-028,Junior,Operator,Maintenance,Complete,90.1,Available,2023-11-01
P-02573,U-057,Officer,Medic,Systems,In Progress,64.1,Available,2022-05-02
P-02574,U-010,Junior,Analyst,Maintenance,In Progress,85.8,Available,2019-12-20
P-02575,U-050,Lead,Analyst,Systems,In Progress,64.8,Deployed,2023-09-17
P-02576,U-036,Junior,Medic,Planning,In Progress,63.3,Deployed,2024-04-18
P-02577,U-042,Senior,Logistics,Operations,Complete,95.6,Deployed,2018-06-15
P-02578,U-008,Junior,Logistics,Planning,In Progress,65.9,Available,2021-11-04
P-02579,U-020,Senior,Medic,Systems,In Progress,65.7,Available,2020-08-15
P-02580,U-042,Junior,Operator,Systems,In Progress,71.8,Training,2022-02-26
P-02581,U-029,Junior,Logistics,Systems,In Progress,86.1,Training,2022-02-17
P-02582,U-037,Junior,Analyst,Operations,In Progress,81.1,Training,2020-01-15
P-02583,U-060,Officer,Analyst,Maintenance,In Progress,55.7,Deployed,2024-09-14
P-02584,U-046,Officer,Logistics,Planning,In Progress,80.8,Training,2021-04-29
P-02585,U-054,Officer,Operator,Operations,In Progress,79.9,Available,2024-01-02
P-02586,U-051,Officer,Logistics,Maintenance,In Progress,71.5,Available,2021-09-15
P-02587,U-037,Junior,Logistics,Operations,In Progress,59.6,Training,2024-12-09
P-02588,U-051,Senior,Engineer,Maintenance,Complete,98.9,Available,2020-01-28
P-02589,U-054,Senior,Analyst,Maintenance,Complete,90.1,Deployed,2022-07-14
P-02590,U-037,Junior,Medic,Systems,In Progress,80.2,Training,2023-04-22
P-02591,U-010,Junior,Medic,Planning,In Progress,72.9,Available,2025-03-14
P-02592,U-029,Senior,Analyst,Maintenance,In Progress,62.8,Training,2024-10-21
P-02593,U-015,Lead,Engineer,Maintenance,In Progress,69.7,Training,2024-04-17
P-02594,U-049,Lead,Operator,Operations,In Progress,55.8,Deployed,2025-06-11
P-02595,U-008,Officer,Analyst,Systems,Complete,99.2,Training,2019-08-27
P-02596,U-026,Lead,Logistics,Maintenance,In Progress,81.6,Deployed,2025-05-31
P-02597,U-018,Officer,Logistics,Planning,In Progress,59.2,Deployed,2022-07-25
P-02598,U-041,Senior,Operator,Planning,In Progress,58.3,Deployed,2019-02-07
P-02599,U-044,Senior,Engineer,Operations,Complete,92.4,Training,2021-10-11
P-02600,U-060,Lead,Engineer,Operations,In Progress,88.8,Deployed,2024-01-27
P-02601,U-010,Lead,Logistics,Operations,In Progress,65.8,Training,2018-06-16
P-02602,U-055,Senior,Medic,Maintenance,In Progress,56.3,Available,2018-01-27
P-02603,U-043,Officer,Logistics,Planning,Complete,93.3,Deployed,2018-09-14
P-02604,U-004,Officer,Logistics,Maintenance,In Progress,60.3,Available,2018-11-29
P-02605,U-043,Lead,Operator,Systems,In Progress,63.7,Available,2022-03-17
P-02606,U-034,Lead,Operator,Operations,In Progress,57.5,Training,2024-10-20
P-02607,U-005,Lead,Operator,Planning,Complete,93.6,Deployed,2019-12-27
P-02608,U-056,Senior,Logistics,Planning,In Progress,83.3,Training,2022-08-12
P-02609,U-041,Lead,Engineer,Operations,In Progress,61.5,Deployed,2018-03-10
P-02610,U-058,Officer,Logistics,Operations,In Progress,77.3,Deployed,2019-10-27
P-02611,U-004,Officer,Engineer,Planning,In Progress,87.1,Deployed,2025-07-13
P-02612,U-009,Lead,Operator,Systems,In Progress,81.8,Training,2023-07-09
P-02613,U-047,Officer,Medic,Systems,In Progress,83.1,Available,2024-05-04
P-02614,U-045,Junior,Analyst,Systems,Complete,97.0,Deployed,2023-11-17
P-02615,U-044,Junior,Engineer,Maintenance,In Progress,79.0,Available,2023-02-03
P-02616,U-015,Senior,Analyst,Operations,In Progress,59.0,Training,2019-12-03
P-02617,U-013,Officer,Operator,Planning,In Progress,70.5,Training,2018-11-21
P-02618,U-030,Senior,Operator,Systems,In Progress,55.5,Training,2019-11-01
P-02619,U-001,Senior,Medic,Maintenance,In Progress,72.1,Training,2025-07-05
P-02620,U-021,Officer,Logistics,Operations,In Progress,61.0,Deployed,2019-05-12
P-02621,U-013,Junior,Logistics,Operations,In Progress,64.8,Deployed,2020-12-19
P-02622,U-038,Senior,Logistics,Operations,In Progress,57.2,Available,2019-07-31
P-02623,U-056,Junior,Operator,Planning,In Progress,72.8,Deployed,2021-03-12
P-02624,U-004,Senior,Analyst,Systems,In Progress,65.6,Deployed,2023-04-11
P-02625,U-035,Senior,Medic,Planning,In Progress,59.9,Training,2023-10-04
P-02626,U-011,Junior,Operator,Maintenance,Complete,96.2,Training,2019-01-13
P-02627,U-057,Senior,Operator,Maintenance,In Progress,77.1,Deployed,2023-10-29
P-02628,U-060,Senior,Logistics,Operations,Complete,98.8,Training,2023-07-06
P-02629,U-051,Officer,Engineer,Planning,In Progress,87.9,Available,2024-01-19
P-02630,U-016,Senior,Logistics,Operations,Complete,94.4,Deployed,2018-04-30
P-02631,U-022,Officer,Operator,Planning,In Progress,65.3,Training,2024-08-07
P-02632,U-035,Officer,Medic,Systems,In Progress,87.4,Deployed,2023-05-14
P-02633,U-045,Officer,Engineer,Planning,In Progress,57.7,Training,2019-08-24
P-02634,U-056,Lead,Operator,Planning,Complete,90.7,Training,2019-08-12
P-02635,U-006,Senior,Engineer,Maintenance,In Progress,84.7,Training,2021-12-01
P-02636,U-021,Junior,Medic,Operations,In Progress,85.3,Available,2021-10-04
P-02637,U-035,Junior,Analyst,Planning,Complete,99.5,Training,2019-09-08
P-02638,U-047,Senior,Operator,Maintenance,In Progress,58.3,Deployed,2024-05-14
P-02639,U-026,Junior,Logistics,Operations,Complete,98.6,Available,2022-10-28
P-02640,U-040,Lead,Logistics,Systems,In Progress,82.4,Available,2019-06-04
P-02641,U-058,Lead,Operator,Maintenance,Complete,96.3,Training,2024-01-31
P-02642,U-028,Lead,Logistics,Operations,Complete,98.9,Training,2019-06-17
P-02643,U-020,Lead,Logistics,Systems,Complete,94.7,Training,2018-12-11
P-02644,U-019,Officer,Operator,Planning,In Progress,70.6,Available,2022-01-02
P-02645,U-060,Officer,Medic,Planning,In Progress,63.1,Deployed,2020-03-13
P-02646,U-035,Senior,Operator,Planning,In Progress,89.6,Deployed,2022-04-08
P-02647,U-050,Junior,Medic,Planning,In Progress,58.5,Training,2023-12-20
P-02648,U-032,Senior,Logistics,Planning,In Progress,72.3,Training,2023-07-30
P-02649,U-046,Senior,Analyst,Maintenance,Complete,93.0,Deployed,2018-06-06
P-02650,U-051,Lead,Logistics,Systems,In Progress,83.9,Deployed,2025-03-20
P-02651,U-012,Senior,Analyst,Systems,In Progress,85.7,Training,2021-01-08
P-02652,U-057,Lead,Medic,Planning,In Progress,56.3,Training,2024-12-12
P-02653,U-022,Junior,Operator,Systems,In Progress,85.9,Available,2021-02-19
P-02654,U-058,Lead,Analyst,Operations,In Progress,79.4,Deployed,2020-01-18
P-02655,U-060,Officer,Logistics,Planning,In Progress,78.6,Available,2019-07-29
P-02656,U-023,Lead,Engineer,Maintenance,Complete,92.2,Training,2019-06-30
P-02657,U-044,Lead,Medic,Maintenance,In Progress,79.0,Available,2024-02-16
P-02658,U-058,Junior,Analyst,Planning,Complete,96.6,Available,2020-12-03
P-02659,U-006,Lead,Engineer,Operations,In Progress,85.8,Training,2023-06-03
P-02660,U-012,Lead,Medic,Maintenance,Complete,96.1,Training,2019-12-05
P-02661,U-026,Senior,Engineer,Operations,Complete,97.6,Training,2024-10-26
P-02662,U-051,Junior,Engineer,Systems,In Progress,85.9,Training,2025-12-20
P-02663,U-026,Junior,Medic,Operations,In Progress,71.6,Deployed,2024-04-07
P-02664,U-021,Lead,Medic,Operations,In Progress,55.7,Deployed,2020-07-07
P-02665,U-001,Junior,Logistics,Systems,In Progress,63.7,Available,2023-05-26
P-02666,U-039,Junior,Engineer,Operations,In Progress,76.8,Training,2020-08-24
P-02667,U-018,Junior,Analyst,Maintenance,Complete,90.7,Deployed,2021-06-13
P-02668,U-006,Officer,Operator,Operations,In Progress,69.6,Deployed,2020-04-08
P-02669,U-007,Senior,Analyst,Maintenance,In Progress,64.7,Deployed,2023-05-04
P-02670,U-047,Junior,Engineer,Planning,Complete,93.1,Deployed,2021-07-23
P-02671,U-003,Lead,Engineer,Systems,In Progress,55.7,Deployed,2018-12-23
P-02672,U-003,Senior,Medic,Planning,In Progress,89.9,Training,2023-12-08
P-02673,U-008,Officer,Logistics,Systems,In Progress,86.3,Training,2026-03-20
P-02674,U-054,Officer,Operator,Operations,In Progress,60.9,Deployed,2019-06-16
P-02675,U-016,Lead,Medic,Maintenance,Complete,93.0,Available,2021-09-17
P-02676,U-036,Officer,Medic,Systems,Complete,91.4,Deployed,2024-07-18
P-02677,U-033,Officer,Logistics,Planning,In Progress,73.7,Deployed,2021-05-08
P-02678,U-056,Officer,Analyst,Operations,In Progress,62.5,Training,2025-07-04
P-02679,U-018,Lead,Logistics,Planning,In Progress,79.4,Deployed,2021-07-23
P-02680,U-051,Lead,Engineer,Maintenance,In Progress,87.1,Deployed,2024-11-21
P-02681,U-059,Junior,Medic,Operations,In Progress,60.3,Available,2019-07-12
P-02682,U-060,Junior,Operator,Maintenance,Complete,93.3,Deployed,2022-03-06
P-02683,U-041,Senior,Operator,Maintenance,In Progress,65.3,Available,2025-03-17
P-02684,U-057,Junior,Analyst,Operations,Complete,92.2,Available,2020-05-03
P-02685,U-001,Officer,Operator,Maintenance,In Progress,69.6,Training,2025-02-05
P-02686,U-028,Senior,Operator,Operations,In Progress,80.0,Deployed,2021-03-10
P-02687,U-055,Officer,Medic,Planning,In Progress,78.4,Available,2023-08-09
P-02688,U-055,Senior,Medic,Planning,In Progress,86.1,Training,2022-12-12
P-02689,U-047,Officer,Engineer,Systems,Complete,97.7,Available,2022-02-09
P-02690,U-055,Senior,Analyst,Operations,In Progress,78.2,Available,2018-10-13
P-02691,U-034,Senior,Logistics,Systems,In Progress,64.8,Training,2019-07-02
P-02692,U-013,Senior,Engineer,Maintenance,Complete,92.6,Training,2018-01-30
P-02693,U-041,Junior,Operator,Planning,In Progress,68.7,Training,2018-02-03
P-02694,U-057,Senior,Medic,Operations,In Progress,59.0,Deployed,2019-10-18
P-02695,U-014,Officer,Analyst,Systems,In Progress,87.3,Training,2019-11-08
P-02696,U-050,Junior,Medic,Maintenance,In Progress,76.2,Available,2021-12-04
P-02697,U-031,Lead,Analyst,Operations,In Progress,75.9,Deployed,2019-07-10
P-02698,U-025,Junior,Analyst,Maintenance,In Progress,62.0,Training,2019-01-05
P-02699,U-033,Officer,Medic,Maintenance,Complete,91.8,Training,2019-02-23
P-02700,U-026,Senior,Medic,Systems,In Progress,57.4,Training,2023-04-05
P-02701,U-012,Senior,Engineer,Planning,In Progress,57.8,Training,2026-03-03
P-02702,U-014,Senior,Operator,Operations,Complete,96.7,Available,2019-12-08
P-02703,U-010,Senior,Medic,Maintenance,In Progress,80.9,Available,2022-10-16
P-02704,U-052,Junior,Analyst,Maintenance,In Progress,69.7,Training,2024-03-05
P-02705,U-010,Senior,Analyst,Operations,In Progress,65.6,Training,2020-09-28
P-02706,U-051,Senior,Analyst,Operations,In Progress,81.0,Deployed,2022-09-08
P-02707,U-008,Officer,Medic,Maintenance,In Progress,77.0,Available,2022-05-30
P-02708,U-019,Junior,Logistics,Operations,In Progress,66.1,Deployed,2020-11-05
P-02709,U-037,Officer,Logistics,Systems,Complete,91.5,Available,2023-01-05
P-02710,U-039,Officer,Operator,Maintenance,Complete,92.1,Training,2019-12-16
P-02711,U-029,Junior,Analyst,Maintenance,In Progress,58.1,Training,2024-09-06
P-02712,U-030,Officer,Operator,Maintenance,In Progress,89.2,Deployed,2025-12-09
P-02713,U-058,Senior,Logistics,Maintenance,Complete,91.8,Available,2019-09-04
P-02714,U-002,Junior,Engineer,Operations,Complete,91.6,Deployed,2026-03-06
P-02715,U-051,Junior,Logistics,Maintenance,In Progress,87.7,Available,2018-06-04
P-02716,U-057,Officer,Logistics,Planning,In Progress,57.0,Training,2023-08-25
P-02717,U-033,Officer,Analyst,Maintenance,Complete,93.9,Training,2026-02-05
P-02718,U-046,Lead,Engineer,Maintenance,Complete,94.5,Training,2024-01-01
P-02719,U-026,Junior,Engineer,Systems,Complete,96.6,Deployed,2021-05-22
P-02720,U-016,Junior,Logistics,Operations,Complete,96.5,Available,2023-03-01
P-02721,U-005,Senior,Engineer,Systems,In Progress,70.6,Available,2019-09-04
P-02722,U-042,Lead,Operator,Systems,In Progress,81.0,Deployed,2020-03-25
P-02723,U-031,Senior,Operator,Maintenance,In Progress,67.5,Available,2024-06-19
P-02724,U-027,Junior,Engineer,Planning,Complete,99.6,Available,2024-10-29
P-02725,U-008,Junior,Engineer,Maintenance,In Progress,61.5,Available,2020-04-28
P-02726,U-011,Officer,Medic,Planning,In Progress,60.3,Training,2019-07-26
P-02727,U-004,Junior,Operator,Systems,In Progress,60.2,Deployed,2022-07-08
P-02728,U-007,Senior,Operator,Systems,In Progress,60.8,Training,2026-02-03
P-02729,U-003,Lead,Logistics,Planning,In Progress,75.1,Available,2020-03-21
P-02730,U-060,Senior,Operator,Operations,In Progress,83.0,Training,2020-02-28
P-02731,U-028,Senior,Logistics,Systems,In Progress,72.1,Training,2020-01-03
P-02732,U-030,Lead,Logistics,Systems,In Progress,84.3,Available,2021-03-01
P-02733,U-012,Lead,Operator,Planning,In Progress,59.5,Training,2023-11-20
P-02734,U-009,Junior,Logistics,Operations,Complete,96.5,Available,2019-09-07
P-02735,U-039,Senior,Operator,Maintenance,In Progress,67.9,Training,2022-02-11
P-02736,U-023,Junior,Operator,Maintenance,In Progress,87.5,Training,2025-06-24
P-02737,U-037,Senior,Logistics,Planning,In Progress,81.8,Available,2019-02-03
P-02738,U-015,Junior,Engineer,Operations,Complete,98.6,Available,2022-10-03
P-02739,U-060,Lead,Logistics,Operations,In Progress,71.2,Deployed,2021-06-11
P-02740,U-049,Senior,Operator,Operations,Complete,96.6,Available,2019-10-02
P-02741,U-002,Officer,Operator,Planning,In Progress,61.3,Available,2022-01-22
P-02742,U-040,Senior,Logistics,Planning,In Progress,62.3,Deployed,2018-09-05
P-02743,U-011,Junior,Medic,Systems,In Progress,82.0,Deployed,2022-10-12
P-02744,U-056,Officer,Engineer,Maintenance,In Progress,81.6,Available,2021-02-26
P-02745,U-034,Junior,Analyst,Operations,In Progress,84.3,Deployed,2019-10-12
P-02746,U-053,Junior,Engineer,Operations,Complete,94.5,Available,2020-10-19
P-02747,U-004,Lead,Medic,Planning,In Progress,60.6,Training,2025-03-05
P-02748,U-029,Lead,Logistics,Systems,In Progress,71.6,Deployed,2022-12-19
P-02749,U-038,Lead,Analyst,Operations,In Progress,85.5,Deployed,2019-12-08
P-02750,U-016,Junior,Engineer,Operations,In Progress,66.3,Deployed,2022-11-14
P-02751,U-001,Junior,Operator,Systems,In Progress,60.0,Available,2020-04-28
P-02752,U-002,Officer,Logistics,Maintenance,Complete,91.3,Available,2023-01-15
P-02753,U-026,Junior,Medic,Maintenance,In Progress,67.4,Deployed,2023-10-16
P-02754,U-003,Junior,Analyst,Planning,In Progress,79.5,Available,2019-08-30
P-02755,U-038,Junior,Analyst,Systems,In Progress,56.4,Deployed,2018-12-12
P-02756,U-013,Officer,Medic,Systems,In Progress,77.9,Available,2018-08-09
P-02757,U-030,Lead,Operator,Systems,In Progress,87.1,Deployed,2022-01-19
P-02758,U-034,Officer,Analyst,Maintenance,Complete,97.9,Deployed,2019-12-18
P-02759,U-008,Junior,Operator,Planning,In Progress,86.7,Available,2021-11-30
P-02760,U-035,Lead,Medic,Planning,Complete,93.7,Training,2022-10-26
P-02761,U-039,Junior,Engineer,Systems,In Progress,66.4,Training,2018-01-23
P-02762,U-022,Senior,Logistics,Planning,In Progress,64.0,Available,2022-12-06
P-02763,U-060,Officer,Medic,Planning,In Progress,66.4,Available,2018-11-20
P-02764,U-023,Senior,Engineer,Planning,In Progress,81.3,Available,2018-05-12
P-02765,U-004,Officer,Medic,Planning,Complete,99.1,Available,2021-06-26
P-02766,U-022,Junior,Operator,Systems,In Progress,83.2,Available,2023-01-05
P-02767,U-038,Officer,Operator,Operations,In Progress,76.9,Available,2018-03-22
P-02768,U-048,Senior,Logistics,Systems,In Progress,84.5,Training,2024-04-24
P-02769,U-049,Lead,Logistics,Systems,In Progress,86.5,Deployed,2020-10-18
P-02770,U-043,Junior,Analyst,Maintenance,Complete,99.9,Available,2020-11-12
P-02771,U-040,Junior,Logistics,Operations,In Progress,82.4,Training,2024-09-15
P-02772,U-053,Officer,Logistics,Planning,In Progress,77.4,Training,2020-07-05
P-02773,U-042,Officer,Logistics,Planning,In Progress,57.9,Training,2019-05-08
P-02774,U-053,Lead,Operator,Planning,In Progress,73.7,Deployed,2019-02-12
P-02775,U-010,Lead,Operator,Planning,In Progress,64.7,Deployed,2024-05-27
P-02776,U-018,Senior,Analyst,Planning,In Progress,66.2,Available,2020-05-13
P-02777,U-048,Lead,Logistics,Systems,In Progress,86.0,Training,2023-01-02
P-02778,U-052,Lead,Engineer,Planning,In Progress,55.7,Training,2019-07-26
P-02779,U-002,Junior,Logistics,Planning,In Progress,64.6,Training,2019-12-04
P-02780,U-007,Junior,Engineer,Systems,In Progress,59.0,Training,2025-05-29
P-02781,U-041,Junior,Engineer,Operations,In Progress,66.7,Training,2025-11-14
P-02782,U-049,Officer,Engineer,Systems,In Progress,82.7,Available,2022-12-26
P-02783,U-002,Lead,Logistics,Systems,In Progress,87.9,Available,2024-02-17
P-02784,U-060,Lead,Analyst,Maintenance,In Progress,73.0,Available,2019-05-08
P-02785,U-029,Lead,Logistics,Maintenance,Complete,97.6,Training,2022-12-09
P-02786,U-033,Junior,Logistics,Maintenance,In Progress,71.8,Available,2018-04-16
P-02787,U-017,Officer,Medic,Operations,In Progress,79.3,Deployed,2025-06-23
P-02788,U-006,Senior,Engineer,Planning,Complete,92.3,Training,2018-12-15
P-02789,U-020,Junior,Operator,Maintenance,In Progress,81.8,Training,2023-08-09
P-02790,U-044,Lead,Engineer,Planning,Complete,91.8,Training,2023-08-30
P-02791,U-010,Officer,Logistics,Planning,In Progress,75.9,Training,2025-02-15
P-02792,U-004,Lead,Engineer,Systems,In Progress,67.0,Deployed,2018-12-29
P-02793,U-051,Junior,Analyst,Planning,In Progress,81.1,Available,2023-07-18
P-02794,U-058,Senior,Engineer,Planning,In Progress,79.8,Deployed,2025-07-24
P-02795,U-058,Senior,Analyst,Planning,Complete,91.4,Deployed,2019-03-15
P-02796,U-050,Officer,Engineer,Operations,Complete,96.9,Training,2018-07-05
P-02797,U-057,Officer,Analyst,Planning,In Progress,82.2,Deployed,2024-02-18
P-02798,U-016,Officer,Operator,Operations,In Progress,87.4,Deployed,2023-09-27
P-02799,U-020,Officer,Operator,Maintenance,In Progress,61.8,Training,2021-10-16
P-02800,U-007,Senior,Analyst,Maintenance,In Progress,72.4,Training,2022-07-24
P-02801,U-018,Senior,Operator,Maintenance,In Progress,79.4,Deployed,2023-12-30
P-02802,U-026,Senior,Logistics,Systems,In Progress,79.0,Deployed,2019-07-18
P-02803,U-017,Senior,Logistics,Planning,In Progress,72.8,Training,2024-06-16
P-02804,U-005,Junior,Operator,Operations,In Progress,74.1,Available,2020-05-28
P-02805,U-054,Senior,Analyst,Maintenance,In Progress,60.1,Available,2026-01-06
P-02806,U-027,Senior,Medic,Planning,In Progress,59.9,Available,2021-10-31
P-02807,U-012,Junior,Analyst,Operations,Complete,99.1,Training,2023-09-25
P-02808,U-007,Junior,Engineer,Operations,In Progress,73.0,Deployed,2021-05-22
P-02809,U-032,Junior,Logistics,Systems,In Progress,61.5,Deployed,2021-07-26
P-02810,U-042,Senior,Analyst,Operations,In Progress,56.4,Available,2024-05-12
P-02811,U-027,Junior,Medic,Planning,In Progress,73.1,Training,2018-09-25
P-02812,U-050,Lead,Logistics,Systems,In Progress,78.2,Training,2024-01-26
P-02813,U-059,Officer,Medic,Maintenance,In Progress,87.8,Available,2021-01-17
P-02814,U-006,Officer,Logistics,Systems,In Progress,74.9,Available,2021-08-30
P-02815,U-040,Officer,Medic,Operations,In Progress,63.3,Training,2022-09-26
P-02816,U-040,Senior,Logistics,Planning,In Progress,84.8,Training,2024-12-08
P-02817,U-036,Officer,Logistics,Operations,In Progress,74.8,Training,2019-01-05
P-02818,U-021,Lead,Analyst,Systems,In Progress,70.3,Available,2019-05-24
P-02819,U-040,Senior,Operator,Planning,In Progress,61.1,Deployed,2020-10-06
P-02820,U-045,Junior,Analyst,Systems,Complete,96.8,Available,2023-04-28
P-02821,U-006,Junior,Engineer,Planning,In Progress,74.0,Available,2022-09-22
P-02822,U-021,Senior,Operator,Operations,In Progress,66.2,Deployed,2022-03-06
P-02823,U-039,Officer,Operator,Systems,In Progress,57.5,Available,2024-08-30
P-02824,U-042,Lead,Engineer,Operations,In Progress,84.3,Training,2024-07-05
P-02825,U-017,Lead,Medic,Planning,In Progress,63.1,Training,2021-01-27
P-02826,U-051,Officer,Medic,Planning,Complete,95.6,Deployed,2018-07-24
P-02827,U-021,Lead,Engineer,Systems,Complete,90.5,Deployed,2021-07-13
P-02828,U-028,Officer,Medic,Operations,Complete,93.9,Training,2018-04-30
P-02829,U-037,Lead,Analyst,Maintenance,In Progress,75.3,Available,2023-09-06
P-02830,U-052,Officer,Engineer,Maintenance,In Progress,82.4,Deployed,2020-11-23
P-02831,U-052,Officer,Engineer,Maintenance,In Progress,73.2,Deployed,2021-10-10
P-02832,U-045,Junior,Medic,Operations,In Progress,68.0,Training,2024-10-27
P-02833,U-023,Junior,Operator,Planning,In Progress,65.3,Available,2020-02-04
P-02834,U-008,Lead,Engineer,Planning,In Progress,62.9,Deployed,2023-05-14
P-02835,U-045,Lead,Medic,Maintenance,In Progress,84.5,Deployed,2024-11-16
P-02836,U-005,Junior,Operator,Maintenance,In Progress,72.6,Deployed,2025-12-14
P-02837,U-007,Lead,Logistics,Planning,In Progress,59.2,Available,2018-01-26
P-02838,U-049,Junior,Operator,Planning,Complete,95.7,Training,2023-10-16
P-02839,U-026,Officer,Logistics,Maintenance,In Progress,76.7,Available,2018-11-21
P-02840,U-012,Lead,Medic,Systems,In Progress,81.0,Deployed,2023-01-02
P-02841,U-009,Officer,Analyst,Maintenance,Complete,99.7,Training,2022-10-07
P-02842,U-005,Junior,Engineer,Systems,In Progress,61.6,Available,2023-12-06
P-02843,U-017,Officer,Analyst,Maintenance,In Progress,65.3,Deployed,2021-11-17
P-02844,U-045,Officer,Logistics,Systems,In Progress,81.5,Deployed,2024-03-19
P-02845,U-023,Senior,Analyst,Operations,Complete,98.8,Training,2019-12-18
P-02846,U-020,Senior,Logistics,Operations,In Progress,60.8,Deployed,2022-01-22
P-02847,U-052,Lead,Operator,Systems,In Progress,88.9,Training,2022-10-25
P-02848,U-017,Lead,Analyst,Planning,In Progress,68.7,Deployed,2019-08-20
P-02849,U-056,Junior,Operator,Maintenance,In Progress,63.9,Available,2019-09-24
P-02850,U-060,Officer,Analyst,Planning,In Progress,87.1,Training,2024-12-17
P-02851,U-047,Junior,Medic,Planning,Complete,91.7,Deployed,2020-04-24
P-02852,U-016,Senior,Medic,Maintenance,In Progress,84.9,Available,2020-02-24
P-02853,U-056,Officer,Engineer,Systems,Complete,92.5,Deployed,2021-12-19
P-02854,U-046,Junior,Operator,Planning,In Progress,55.6,Available,2018-06-20
P-02855,U-017,Senior,Operator,Planning,In Progress,69.8,Training,2020-07-29
P-02856,U-021,Senior,Analyst,Maintenance,In Progress,87.4,Deployed,2020-07-29
P-02857,U-057,Junior,Operator,Systems,In Progress,68.8,Training,2022-06-12
P-02858,U-029,Lead,Logistics,Systems,In Progress,76.3,Deployed,2021-11-15
P-02859,U-012,Lead,Analyst,Operations,In Progress,67.5,Deployed,2022-10-18
P-02860,U-004,Senior,Logistics,Operations,Complete,92.2,Training,2018-09-28
P-02861,U-031,Senior,Medic,Systems,In Progress,82.1,Available,2025-03-13
P-02862,U-044,Lead,Engineer,Systems,In Progress,84.3,Available,2024-01-08
P-02863,U-030,Lead,Logistics,Planning,Complete,98.2,Training,2024-05-15
P-02864,U-038,Senior,Logistics,Systems,In Progress,74.2,Deployed,2021-07-12
P-02865,U-031,Senior,Medic,Systems,In Progress,81.0,Deployed,2023-01-15
P-02866,U-044,Officer,Engineer,Systems,In Progress,61.2,Available,2026-03-05
P-02867,U-039,Officer,Analyst,Maintenance,In Progress,79.3,Deployed,2019-06-26
P-02868,U-058,Senior,Logistics,Planning,In Progress,64.2,Available,2023-11-06
P-02869,U-016,Junior,Engineer,Systems,In Progress,65.7,Training,2025-05-25
P-02870,U-036,Officer,Engineer,Maintenance,In Progress,77.5,Available,2023-10-19
P-02871,U-056,Junior,Logistics,Maintenance,In Progress,78.2,Available,2019-08-20
P-02872,U-008,Junior,Operator,Maintenance,In Progress,57.0,Available,2019-12-21
P-02873,U-057,Junior,Logistics,Planning,In Progress,55.1,Deployed,2022-11-13
P-02874,U-025,Junior,Logistics,Planning,In Progress,60.2,Training,2022-05-02
P-02875,U-008,Junior,Analyst,Maintenance,In Progress,55.5,Deployed,2022-04-21
P-02876,U-051,Junior,Engineer,Operations,In Progress,59.2,Deployed,2025-04-15
P-02877,U-016,Junior,Logistics,Systems,In Progress,83.9,Deployed,2021-02-05
P-02878,U-027,Senior,Engineer,Operations,Complete,90.2,Deployed,2022-08-01
P-02879,U-056,Lead,Operator,Systems,Complete,99.2,Available,2020-03-24
P-02880,U-047,Junior,Medic,Planning,In Progress,89.8,Available,2018-01-15
P-02881,U-024,Lead,Analyst,Planning,Complete,91.8,Deployed,2018-11-02
P-02882,U-022,Junior,Medic,Planning,In Progress,55.9,Training,2022-05-17
P-02883,U-028,Junior,Operator,Planning,In Progress,67.1,Deployed,2021-05-10
P-02884,U-056,Junior,Engineer,Operations,In Progress,58.9,Available,2023-01-05
P-02885,U-035,Officer,Logistics,Operations,In Progress,69.6,Training,2023-04-07
P-02886,U-003,Junior,Analyst,Maintenance,In Progress,78.5,Deployed,2022-09-16
P-02887,U-036,Senior,Medic,Planning,In Progress,64.1,Available,2022-05-10
P-02888,U-039,Junior,Logistics,Maintenance,In Progress,75.7,Training,2022-11-11
P-02889,U-036,Junior,Medic,Planning,In Progress,80.0,Training,2018-10-25
P-02890,U-024,Officer,Engineer,Operations,In Progress,56.4,Deployed,2018-11-14
P-02891,U-037,Officer,Operator,Maintenance,In Progress,75.5,Available,2018-04-02
P-02892,U-006,Lead,Medic,Maintenance,In Progress,61.0,Deployed,2018-03-02
P-02893,U-020,Junior,Logistics,Operations,Complete,99.0,Available,2018-10-26
P-02894,U-051,Lead,Logistics,Operations,In Progress,75.7,Available,2023-03-02
P-02895,U-032,Junior,Engineer,Planning,In Progress,75.6,Deployed,2022-04-27
P-02896,U-039,Junior,Operator,Maintenance,In Progress,63.3,Deployed,2019-01-12
P-02897,U-039,Officer,Engineer,Planning,In Progress,87.1,Deployed,2019-12-27
P-02898,U-011,Officer,Analyst,Systems,In Progress,61.3,Deployed,2018-08-07
P-02899,U-052,Lead,Analyst,Operations,In Progress,86.8,Available,2019-03-08
P-02900,U-053,Lead,Analyst,Planning,In Progress,79.9,Available,2021-07-30
P-02901,U-028,Senior,Operator,Maintenance,Complete,90.1,Available,2022-02-12
P-02902,U-032,Junior,Operator,Systems,Complete,92.4,Training,2022-06-24
P-02903,U-015,Lead,Medic,Operations,Complete,96.6,Available,2023-02-25
P-02904,U-011,Senior,Analyst,Planning,In Progress,64.5,Available,2023-08-23
P-02905,U-011,Lead,Analyst,Systems,Complete,96.4,Available,2018-12-31
P-02906,U-032,Senior,Engineer,Operations,In Progress,78.4,Training,2023-01-28
P-02907,U-016,Officer,Operator,Planning,In Progress,59.1,Training,2022-03-09
P-02908,U-001,Junior,Analyst,Systems,In Progress,76.7,Available,2019-04-21
P-02909,U-037,Junior,Logistics,Maintenance,In Progress,71.7,Deployed,2019-03-24
P-02910,U-053,Lead,Engineer,Planning,In Progress,84.6,Available,2018-06-28
P-02911,U-048,Officer,Operator,Maintenance,In Progress,71.3,Available,2018-06-29
P-02912,U-003,Officer,Logistics,Operations,In Progress,75.8,Training,2018-03-02
P-02913,U-001,Lead,Operator,Operations,Complete,98.1,Training,2025-12-23
P-02914,U-021,Senior,Engineer,Planning,In Progress,86.5,Deployed,2024-08-26
P-02915,U-036,Officer,Analyst,Maintenance,In Progress,80.8,Training,2020-11-19
P-02916,U-018,Junior,Medic,Systems,Complete,98.0,Training,2026-02-01
P-02917,U-033,Officer,Engineer,Operations,Complete,96.7,Training,2018-12-05
P-02918,U-014,Junior,Operator,Operations,Complete,95.6,Deployed,2018-07-05
P-02919,U-010,Officer,Engineer,Maintenance,In Progress,70.8,Available,2023-04-03
P-02920,U-058,Lead,Medic,Operations,In Progress,68.4,Training,2020-09-18
P-02921,U-022,Senior,Medic,Systems,Complete,94.2,Deployed,2021-01-23
P-02922,U-035,Officer,Medic,Maintenance,In Progress,74.6,Training,2024-02-23
P-02923,U-015,Lead,Analyst,Maintenance,Complete,99.5,Training,2021-05-28
P-02924,U-012,Senior,Medic,Operations,In Progress,69.3,Deployed,2019-07-19
P-02925,U-035,Lead,Operator,Planning,In Progress,57.1,Deployed,2021-02-07
P-02926,U-046,Lead,Medic,Operations,In Progress,57.3,Deployed,2018-11-24
P-02927,U-024,Senior,Engineer,Maintenance,Complete,98.2,Training,2018-02-09
P-02928,U-039,Lead,Analyst,Systems,In Progress,56.5,Available,2023-07-14
P-02929,U-041,Junior,Logistics,Systems,In Progress,86.5,Available,2019-02-13
P-02930,U-006,Officer,Logistics,Planning,Complete,99.9,Available,2024-09-27
P-02931,U-044,Lead,Analyst,Planning,In Progress,55.9,Training,2022-05-13
P-02932,U-004,Senior,Engineer,Systems,In Progress,85.9,Deployed,2026-01-16
P-02933,U-040,Senior,Analyst,Operations,In Progress,71.7,Training,2018-12-07
P-02934,U-044,Junior,Operator,Maintenance,In Progress,63.0,Available,2022-11-28
P-02935,U-058,Lead,Operator,Systems,In Progress,69.1,Available,2022-09-07
P-02936,U-049,Junior,Operator,Operations,Complete,91.6,Available,2021-10-13
P-02937,U-014,Senior,Analyst,Operations,Complete,93.8,Deployed,2025-02-08
P-02938,U-057,Junior,Medic,Operations,In Progress,82.8,Available,2023-07-10
P-02939,U-007,Senior,Engineer,Planning,In Progress,89.4,Training,2024-03-05
P-02940,U-004,Lead,Operator,Maintenance,Complete,96.9,Training,2018-09-27
P-02941,U-004,Officer,Analyst,Maintenance,In Progress,55.4,Deployed,2026-02-02
P-02942,U-001,Junior,Operator,Operations,In Progress,64.1,Deployed,2019-06-01
P-02943,U-003,Officer,Operator,Operations,Complete,94.5,Available,2018-10-22
P-02944,U-035,Junior,Engineer,Operations,In Progress,68.5,Training,2024-11-30
P-02945,U-058,Lead,Analyst,Maintenance,In Progress,62.8,Deployed,2025-09-10
P-02946,U-037,Junior,Analyst,Planning,In Progress,70.3,Available,2018-05-17
P-02947,U-004,Officer,Logistics,Systems,In Progress,73.3,Training,2018-03-20
P-02948,U-026,Junior,Operator,Planning,In Progress,80.7,Training,2022-12-05
P-02949,U-031,Senior,Medic,Operations,In Progress,66.8,Training,2025-08-18
P-02950,U-009,Senior,Engineer,Operations,In Progress,87.2,Deployed,2024-07-07
P-02951,U-045,Lead,Engineer,Systems,Complete,98.3,Available,2022-05-28
P-02952,U-032,Senior,Analyst,Operations,In Progress,75.6,Available,2020-06-11
P-02953,U-011,Junior,Operator,Planning,In Progress,83.5,Available,2022-04-04
P-02954,U-021,Officer,Engineer,Operations,In Progress,66.5,Available,2023-02-25
P-02955,U-035,Junior,Engineer,Maintenance,In Progress,66.5,Available,2020-06-25
P-02956,U-020,Junior,Operator,Systems,In Progress,69.9,Training,2018-05-11
P-02957,U-037,Officer,Operator,Operations,In Progress,56.8,Available,2018-01-24
P-02958,U-041,Officer,Logistics,Operations,In Progress,89.4,Available,2018-02-27
P-02959,U-010,Junior,Operator,Planning,Complete,94.9,Deployed,2022-12-24
P-02960,U-015,Junior,Analyst,Operations,Complete,90.8,Deployed,2021-09-30
P-02961,U-049,Officer,Analyst,Maintenance,Complete,94.4,Available,2019-12-02
P-02962,U-038,Officer,Analyst,Maintenance,In Progress,88.2,Deployed,2018-07-10
P-02963,U-015,Senior,Medic,Maintenance,Complete,97.9,Available,2025-10-14
P-02964,U-010,Lead,Logistics,Maintenance,In Progress,75.6,Available,2020-11-13
P-02965,U-030,Junior,Logistics,Maintenance,Complete,99.2,Available,2022-12-28
P-02966,U-008,Lead,Engineer,Maintenance,In Progress,59.1,Training,2024-03-05
P-02967,U-001,Officer,Engineer,Systems,In Progress,63.1,Training,2024-10-26
P-02968,U-047,Junior,Analyst,Systems,In Progress,84.7,Training,2024-06-04
P-02969,U-059,Junior,Analyst,Systems,In Progress,77.0,Deployed,2019-03-12
P-02970,U-050,Officer,Engineer,Operations,In Progress,60.0,Deployed,2024-03-03
P-02971,U-036,Lead,Logistics,Planning,In Progress,58.7,Training,2023-04-11
P-02972,U-011,Junior,Medic,Systems,In Progress,86.7,Training,2018-07-26
P-02973,U-049,Lead,Engineer,Planning,Complete,99.7,Training,2025-11-04
P-02974,U-039,Junior,Logistics,Planning,Complete,93.6,Training,2019-09-26
P-02975,U-033,Officer,Engineer,Operations,Complete,95.9,Deployed,2021-06-27
P-02976,U-056,Junior,Logistics,Maintenance,In Progress,57.4,Available,2026-02-06
P-02977,U-049,Junior,Operator,Maintenance,In Progress,76.5,Training,2020-05-25
P-02978,U-040,Senior,Engineer,Maintenance,In Progress,68.3,Training,2019-09-29
P-02979,U-004,Lead,Analyst,Planning,In Progress,66.3,Deployed,2025-05-06
P-02980,U-014,Junior,Operator,Planning,In Progress,87.9,Deployed,2024-06-22
P-02981,U-039,Junior,Engineer,Systems,In Progress,87.0,Available,2018-05-28
P-02982,U-041,Junior,Analyst,Maintenance,In Progress,64.4,Available,2019-06-22
P-02983,U-009,Officer,Analyst,Maintenance,In Progress,87.3,Training,2019-02-27
P-02984,U-016,Senior,Operator,Maintenance,In Progress,71.8,Training,2019-01-19
P-02985,U-027,Junior,Medic,Operations,In Progress,70.1,Deployed,2020-03-18
P-02986,U-001,Junior,Analyst,Maintenance,In Progress,85.7,Deployed,2023-02-15
P-02987,U-030,Junior,Logistics,Maintenance,In Progress,71.0,Available,2018-10-18
P-02988,U-044,Senior,Logistics,Systems,In Progress,56.0,Deployed,2025-08-28
P-02989,U-057,Junior,Medic,Operations,Complete,91.6,Deployed,2024-10-26
P-02990,U-003,Senior,Logistics,Maintenance,Complete,93.7,Available,2018-04-30
P-02991,U-017,Lead,Operator,Planning,In Progress,66.2,Deployed,2019-10-27
P-02992,U-010,Senior,Operator,Planning,In Progress,80.5,Deployed,2018-02-27
P-02993,U-033,Officer,Logistics,Operations,In Progress,57.5,Deployed,2022-05-30
P-02994,U-030,Junior,Medic,Maintenance,Complete,97.9,Training,2022-06-02
P-02995,U-060,Officer,Analyst,Operations,In Progress,61.9,Available,2021-05-26
P-02996,U-038,Lead,Analyst,Systems,In Progress,67.9,Deployed,2022-11-03
P-02997,U-026,Lead,Logistics,Maintenance,Complete,99.1,Training,2020-07-09
P-02998,U-037,Junior,Analyst,Planning,In Progress,73.8,Available,2023-02-02
P-02999,U-013,Senior,Medic,Maintenance,In Progress,60.8,Deployed,2019-04-27
P-03000,U-006,Senior,Analyst,Maintenance,In Progress,68.3,Deployed,2025-06-18
