training_id,unit_id,personnel_id,training_type,training_date,completion_status,score,certification_status
T-00001,U-047,P-01597,Safety,2026-03-27,Incomplete,58.3,Pending
T-00002,U-045,P-02409,Safety,2025-12-10,Incomplete,55.5,Pending
T-00003,U-016,P-00681,Safety,2025-06-24,Completed,89.0,Certified
T-00004,U-045,P-02835,Leadership,2025-09-24,Incomplete,56.9,Pending
T-00005,U-029,P-00604,Leadership,2026-06-30,Completed,71.5,Pending
T-00006,U-056,P-00216,Advanced,2026-05-09,Completed,71.9,Pending
T-00007,U-005,P-00341,Leadership,2025-02-10,Completed,82.8,Certified
T-00008,U-020,P-02846,Safety,2026-06-08,Completed,84.1,Certified
T-00009,U-030,P-02550,Advanced,2025-03-12,Completed,76.9,Pending
T-00010,U-008,P-00445,Core,2025-12-23,Completed,74.3,Pending
T-00011,U-051,P-01557,Advanced,2026-08-03,Completed,93.1,Certified
T-00012,U-045,P-02470,Core,2025-04-09,Completed,71.7,Pending
T-00013,U-001,P-02619,Safety,2025-10-14,Completed,87.9,Certified
T-00014,U-051,P-00752,Core,2025-12-22,Incomplete,66.5,Pending
T-00015,U-031,P-00094,Safety,2025-08-07,Completed,85.4,Certified
T-00016,U-001,P-02619,Core,2026-06-22,Completed,75.9,Pending
T-00017,U-022,P-01704,Core,2026-06-28,Completed,92.7,Certified
T-00018,U-047,P-02097,Safety,2025-12-27,Incomplete,65.8,Pending
T-00019,U-027,P-02059,Advanced,2026-03-14,Completed,84.0,Certified
T-00020,U-054,P-01069,Leadership,2026-01-18,Incomplete,69.4,Pending
T-00021,U-018,P-02511,Leadership,2025-09-24,Completed,75.2,Pending
T-00022,U-010,P-00545,Safety,2025-06-15,Completed,70.7,Pending
T-00023,U-054,P-02589,Core,2025-11-07,Completed,81.1,Certified
T-00024,U-028,P-00873,Advanced,2026-05-04,Completed,72.3,Pending
T-00025,U-040,P-01338,Safety,2026-05-22,Completed,73.2,Pending
T-00026,U-026,P-02753,Core,2026-04-09,Completed,78.8,Pending
T-00027,U-058,P-02141,Leadership,2026-05-08,Completed,93.8,Certified
T-00028,U-012,P-00743,Advanced,2025-02-28,Completed,89.3,Certified
T-00029,U-038,P-02096,Core,2026-07-11,Incomplete,59.8,Pending
T-00030,U-043,P-01656,Safety,2026-01-18,Completed,98.4,Certified
T-00031,U-007,P-00444,Advanced,2025-06-12,Incomplete,59.8,Pending
T-00032,U-016,P-01161,Core,2026-07-31,Completed,73.6,Pending
T-00033,U-040,P-02527,Leadership,2025-12-11,Completed,81.7,Certified
T-00034,U-021,P-00701,Core,2025-01-21,Incomplete,64.7,Pending
T-00035,U-018,P-00035,Safety,2026-01-30,Completed,87.6,Certified
T-00036,U-005,P-00781,Leadership,2025-12-26,Incomplete,69.3,Pending
T-00037,U-058,P-01854,Advanced,2025-07-05,Incomplete,57.5,Pending
T-00038,U-049,P-00171,Advanced,2026-01-21,Completed,80.3,Certified
T-00039,U-043,P-00313,Core,2025-03-08,Incomplete,65.0,Pending
T-00040,U-029,P-01182,Leadership,2025-10-08,Incomplete,69.0,Pending
T-00041,U-007,P-00444,Leadership,2025-06-11,Completed,83.0,Certified
T-00042,U-037,P-02909,Safety,2025-03-14,Completed,80.4,Certified
T-00043,U-014,P-02695,Leadership,2026-05-20,Incomplete,57.6,Pending
T-00044,U-025,P-01344,Core,2026-02-01,Completed,78.9,Pending
T-00045,U-010,P-02328,Advanced,2025-06-07,Completed,90.1,Certified
T-00046,U-011,P-02905,Safety,2025-02-10,Completed,87.9,Certified
T-00047,U-008,P-00291,Leadership,2025-03-21,Completed,98.2,Certified
T-00048,U-020,P-00777,Advanced,2026-05-12,Completed,94.8,Certified
T-00049,U-039,P-00115,Core,2026-06-26,Completed,82.9,Certified
T-00050,U-013,P-01084,Leadership,2025-02-28,Completed,73.5,Pending
T-00051,U-001,P-02261,Advanced,2026-05-03,Completed,75.9,Pending
T-00052,U-060,P-00886,Core,2026-03-03,Completed,98.7,Certified
T-00053,U-011,P-02340,Leadership,2025-12-20,Completed,90.8,Certified
T-00054,U-040,P-02497,Safety,2026-02-28,Incomplete,62.6,Pending
T-00055,U-010,P-00194,Core,2026-02-14,Incomplete,58.8,Pending
T-00056,U-004,P-02611,Leadership,2026-04-27,Completed,82.4,Certified
T-00057,U-054,P-01197,Leadership,2025-02-26,Incomplete,57.3,Pending
T-00058,U-038,P-00259,Advanced,2026-01-15,Completed,78.1,Pending
T-00059,U-042,P-02580,Leadership,2026-01-26,Completed,85.4,Certified
T-00060,U-044,P-00293,Leadership,2025-04-07,Completed,79.5,Pending
T-00061,U-012,P-00014,Safety,2025-09-07,Completed,78.7,Pending
T-00062,U-006,P-01859,Leadership,2025-03-05,Incomplete,56.8,Pending
T-00063,U-055,P-00085,Advanced,2025-05-24,Incomplete,59.5,Pending
T-00064,U-004,P-00543,Advanced,2026-02-10,Completed,87.6,Certified
T-00065,U-012,P-02293,Core,2025-11-23,Completed,92.3,Certified
T-00066,U-026,P-00393,Core,2025-05-05,Completed,93.0,Certified
T-00067,U-014,P-00314,Core,2026-01-23,Completed,89.3,Certified
T-00068,U-032,P-02320,Safety,2025-04-25,Incomplete,63.8,Pending
T-00069,U-005,P-00022,Leadership,2026-03-23,Completed,90.2,Certified
T-00070,U-023,P-02524,Leadership,2025-03-08,Completed,78.3,Pending
T-00071,U-028,P-00163,Core,2025-10-16,Completed,92.7,Certified
T-00072,U-052,P-02515,Core,2026-03-12,Incomplete,68.7,Pending
T-00073,U-017,P-00940,Advanced,2025-06-05,Completed,92.6,Certified
T-00074,U-042,P-01487,Leadership,2025-09-21,Incomplete,60.0,Pending
T-00075,U-055,P-00554,Safety,2026-06-04,Completed,96.0,Certified
T-00076,U-051,P-02586,Leadership,2026-04-02,Completed,72.4,Pending
T-00077,U-021,P-00598,Leadership,2025-01-21,Incomplete,59.9,Pending
T-00078,U-034,P-00639,Safety,2025-11-05,Completed,91.6,Certified
T-00079,U-016,P-02438,Safety,2025-02-06,Completed,72.6,Pending
T-00080,U-002,P-00644,Advanced,2025-03-27,Completed,86.8,Certified
T-00081,U-044,P-02123,Advanced,2025-11-30,Completed,84.9,Certified
T-00082,U-020,P-01079,Core,2025-12-06,Completed,83.6,Certified
T-00083,U-056,P-02849,Safety,2025-12-03,Completed,76.0,Pending
T-00084,U-041,P-00009,Advanced,2025-10-29,Completed,99.2,Certified
T-00085,U-022,P-00581,Advanced,2026-03-05,Completed,98.6,Certified
T-00086,U-006,P-00882,Safety,2025-07-03,Incomplete,66.0,Pending
T-00087,U-009,P-00931,Leadership,2025-11-25,Incomplete,60.2,Pending
T-00088,U-034,P-01178,Leadership,2025-05-08,Completed,77.6,Pending
T-00089,U-050,P-02812,Advanced,2025-01-03,Completed,98.3,Certified
T-00090,U-049,P-00634,Core,2025-07-31,Incomplete,55.7,Pending
T-00091,U-049,P-02522,Advanced,2025-01-15,Completed,91.1,Certified
T-00092,U-030,P-00963,Leadership,2026-04-06,Incomplete,59.8,Pending
T-00093,U-041,P-01743,Leadership,2025-10-14,Completed,92.4,Certified
T-00094,U-009,P-01259,Advanced,2025-07-02,Completed,78.3,Pending
T-00095,U-002,P-02091,Core,2026-05-26,Completed,88.6,Certified
T-00096,U-027,P-00800,Core,2025-11-03,Completed,82.7,Certified
T-00097,U-005,P-02508,Core,2026-01-31,Completed,74.5,Pending
T-00098,U-058,P-01710,Leadership,2026-03-24,Completed,72.6,Pending
T-00099,U-025,P-00716,Core,2025-06-10,Completed,80.5,Certified
T-00100,U-011,P-02905,Leadership,2025-11-16,Completed,82.4,Certified
T-00101,U-057,P-02499,Core,2025-09-21,Completed,81.9,Certified
T-00102,U-039,P-02928,Leadership,2025-11-01,Completed,77.2,Pending
T-00103,U-008,P-02439,Safety,2025-11-25,Incomplete,69.7,Pending
T-00104,U-045,P-02614,Safety,2025-11-08,Completed,77.6,Pending
T-00105,U-049,P-01668,Leadership,2025-05-01,Completed,70.5,Pending
T-00106,U-024,P-01005,Leadership,2025-04-24,Completed,86.0,Certified
T-00107,U-018,P-01412,Advanced,2026-04-22,Incomplete,63.9,Pending
T-00108,U-030,P-02057,Advanced,2025-06-28,Completed,88.6,Certified
T-00109,U-006,P-02135,Leadership,2025-08-09,Completed,95.9,Certified
T-00110,U-027,P-00599,Advanced,2026-04-25,Completed,97.2,Certified
T-00111,U-012,P-01547,Safety,2025-09-21,Completed,74.2,Pending
T-00112,U-004,P-02189,Advanced,2026-05-27,Completed,83.4,Certified
T-00113,U-022,P-01250,Safety,2026-03-15,Completed,89.6,Certified
T-00114,U-006,P-02821,Safety,2025-03-02,Incomplete,68.7,Pending
T-00115,U-010,P-00775,Core,2025-01-29,Completed,95.2,Certified
T-00116,U-038,P-00637,Safety,2025-08-28,Completed,83.9,Certified
T-00117,U-016,P-01576,Safety,2026-01-03,Completed,73.7,Pending
T-00118,U-045,P-00825,Advanced,2025-08-09,Completed,79.9,Pending
T-00119,U-052,P-00559,Safety,2025-12-07,Completed,99.1,Certified
T-00120,U-015,P-02963,Safety,2026-02-01,Incomplete,66.0,Pending
T-00121,U-053,P-01709,Advanced,2025-05-16,Completed,78.2,Pending
T-00122,U-044,P-02146,Leadership,2026-01-09,Completed,81.9,Certified
T-00123,U-028,P-01984,Safety,2025-06-02,Completed,85.2,Certified
T-00124,U-042,P-02722,Advanced,2026-07-15,Incomplete,55.2,Pending
T-00125,U-009,P-00003,Advanced,2026-04-23,Incomplete,60.1,Pending
T-00126,U-013,P-02617,Core,2026-01-10,Completed,72.9,Pending
T-00127,U-026,P-02753,Core,2025-04-12,Completed,75.6,Pending
T-00128,U-052,P-01273,Core,2025-03-22,Completed,94.4,Certified
T-00129,U-042,P-01459,Core,2026-01-25,Completed,88.7,Certified
T-00130,U-017,P-00630,Safety,2025-09-07,Incomplete,64.5,Pending
T-00131,U-040,P-02497,Core,2025-04-26,Incomplete,67.3,Pending
T-00132,U-010,P-01468,Leadership,2025-12-12,Completed,79.5,Pending
T-00133,U-020,P-00160,Core,2026-01-21,Completed,81.0,Certified
T-00134,U-041,P-00828,Leadership,2026-01-09,Completed,95.4,Certified
T-00135,U-032,P-00093,Leadership,2025-05-21,Completed,71.6,Pending
T-00136,U-028,P-00495,Safety,2025-03-07,Completed,94.2,Certified
T-00137,U-008,P-00158,Core,2025-03-05,Completed,84.5,Certified
T-00138,U-003,P-00125,Safety,2025-10-29,Completed,84.0,Certified
T-00139,U-030,P-00906,Advanced,2026-04-16,Incomplete,55.7,Pending
T-00140,U-013,P-02000,Core,2026-01-20,Incomplete,65.1,Pending
T-00141,U-047,P-01376,Safety,2025-05-30,Completed,72.9,Pending
T-00142,U-013,P-01829,Advanced,2026-07-21,Completed,83.9,Certified
T-00143,U-018,P-00035,Advanced,2026-01-27,Completed,92.5,Certified
T-00144,U-045,P-00810,Leadership,2026-04-01,Completed,97.0,Certified
T-00145,U-053,P-01709,Core,2025-03-31,Completed,88.1,Certified
T-00146,U-041,P-01268,Core,2026-04-15,Incomplete,66.1,Pending
T-00147,U-037,P-01392,Leadership,2025-03-22,Incomplete,65.3,Pending
T-00148,U-040,P-01132,Advanced,2026-03-19,Incomplete,59.9,Pending
T-00149,U-035,P-02955,Advanced,2025-08-15,Completed,95.3,Certified
T-00150,U-009,P-00126,Safety,2026-01-26,Completed,90.7,Certified
T-00151,U-012,P-00459,Advanced,2026-06-03,Incomplete,67.7,Pending
T-00152,U-037,P-00827,Core,2026-02-27,Completed,92.5,Certified
T-00153,U-030,P-02037,Advanced,2026-07-08,Incomplete,68.5,Pending
T-00154,U-033,P-02975,Safety,2025-11-15,Completed,81.8,Certified
T-00155,U-056,P-00210,Safety,2026-05-01,Completed,71.0,Pending
T-00156,U-013,P-01064,Safety,2026-05-16,Incomplete,66.1,Pending
T-00157,U-025,P-01377,Leadership,2025-06-15,Incomplete,61.0,Pending
T-00158,U-047,P-02670,Leadership,2026-08-01,Incomplete,68.7,Pending
T-00159,U-021,P-02277,Advanced,2025-07-11,Completed,97.4,Certified
T-00160,U-028,P-01179,Safety,2025-01-28,Completed,70.3,Pending
T-00161,U-009,P-02983,Safety,2025-06-05,Completed,84.3,Certified
T-00162,U-037,P-00501,Core,2025-11-04,Incomplete,56.0,Pending
T-00163,U-034,P-02606,Leadership,2025-05-02,Completed,81.6,Certified
T-00164,U-048,P-00449,Leadership,2026-04-02,Completed,89.2,Certified
T-00165,U-020,P-02158,Safety,2026-01-16,Incomplete,69.5,Pending
T-00166,U-010,P-00856,Core,2025-12-21,Completed,80.5,Certified
T-00167,U-007,P-01803,Leadership,2026-01-29,Completed,86.7,Certified
T-00168,U-041,P-00525,Leadership,2025-06-30,Completed,98.9,Certified
T-00169,U-008,P-00881,Safety,2025-09-05,Incomplete,65.7,Pending
T-00170,U-060,P-02995,Core,2025-05-11,Completed,92.6,Certified
T-00171,U-059,P-02681,Safety,2025-07-20,Completed,70.6,Pending
T-00172,U-045,P-02437,Advanced,2026-01-14,Completed,70.1,Pending
T-00173,U-044,P-01640,Leadership,2026-05-15,Completed,86.2,Certified
T-00174,U-037,P-02737,Core,2025-06-29,Completed,88.6,Certified
T-00175,U-034,P-01470,Safety,2026-06-28,Incomplete,62.1,Pending
T-00176,U-004,P-02947,Core,2025-05-06,Completed,92.8,Certified
T-00177,U-049,P-00905,Core,2025-03-06,Completed,100.0,Certified
T-00178,U-041,P-01823,Leadership,2025-09-01,Completed,70.8,Pending
T-00179,U-012,P-02733,Advanced,2026-02-26,Incomplete,64.3,Pending
T-00180,U-045,P-00582,Advanced,2025-05-08,Completed,95.1,Certified
T-00181,U-025,P-01380,Leadership,2025-11-13,Incomplete,58.9,Pending
T-00182,U-005,P-01276,Leadership,2026-07-15,Incomplete,64.9,Pending
T-00183,U-002,P-01949,Core,2025-08-25,Incomplete,58.1,Pending
T-00184,U-048,P-01326,Advanced,2025-12-23,Completed,97.8,Certified
T-00185,U-056,P-02853,Core,2025-02-27,Completed,85.1,Certified
T-00186,U-059,P-01433,Safety,2026-07-06,Completed,90.3,Certified
T-00187,U-052,P-00714,Advanced,2026-05-11,Incomplete,69.9,Pending
T-00188,U-028,P-00873,Safety,2025-07-23,Completed,82.5,Certified
T-00189,U-034,P-02758,Core,2026-03-17,Completed,90.0,Certified
T-00190,U-028,P-00338,Core,2025-05-25,Completed,89.5,Certified
T-00191,U-014,P-02251,Leadership,2026-07-26,Completed,73.9,Pending
T-00192,U-012,P-01202,Leadership,2026-05-08,Incomplete,61.9,Pending
T-00193,U-001,P-01354,Advanced,2026-02-11,Incomplete,59.6,Pending
T-00194,U-041,P-02693,Advanced,2025-02-18,Completed,74.8,Pending
T-00195,U-026,P-02839,Safety,2025-02-06,Completed,81.5,Certified
T-00196,U-019,P-01573,Core,2025-05-12,Completed,71.9,Pending
T-00197,U-011,P-02239,Leadership,2026-06-15,Incomplete,69.1,Pending
T-00198,U-054,P-01351,Safety,2025-10-26,Completed,80.4,Certified
T-00199,U-054,P-00323,Advanced,2025-07-30,Completed,73.9,Pending
T-00200,U-024,P-00407,Core,2025-03-31,Completed,89.5,Certified
T-00201,U-023,P-01311,Safety,2025-11-16,Completed,72.2,Pending
T-00202,U-003,P-00117,Advanced,2025-04-12,Incomplete,62.7,Pending
T-00203,U-053,P-02122,Core,2025-09-09,Incomplete,56.9,Pending
T-00204,U-013,P-01675,Advanced,2026-01-14,Incomplete,66.2,Pending
T-00205,U-040,P-00502,Advanced,2025-05-29,Completed,79.7,Pending
T-00206,U-014,P-02436,Leadership,2025-12-29,Completed,84.7,Certified
T-00207,U-037,P-01635,Core,2026-03-27,Incomplete,59.2,Pending
T-00208,U-058,P-00985,Leadership,2025-03-22,Completed,91.0,Certified
T-00209,U-060,P-02655,Safety,2025-11-26,Completed,85.2,Certified
T-00210,U-008,P-01110,Advanced,2025-01-31,Incomplete,68.9,Pending
T-00211,U-043,P-00017,Safety,2025-12-12,Completed,75.9,Pending
T-00212,U-038,P-02767,Leadership,2026-05-16,Completed,89.3,Certified
T-00213,U-024,P-01921,Core,2025-10-28,Completed,96.4,Certified
T-00214,U-031,P-01721,Safety,2025-04-13,Completed,92.0,Certified
T-00215,U-034,P-02054,Leadership,2025-09-08,Incomplete,64.4,Pending
T-00216,U-024,P-00822,Safety,2025-08-16,Completed,89.1,Certified
T-00217,U-058,P-00993,Advanced,2025-02-10,Completed,86.8,Certified
T-00218,U-025,P-01362,Safety,2026-04-20,Completed,75.6,Pending
T-00219,U-036,P-02817,Leadership,2026-02-18,Completed,77.8,Pending
T-00220,U-026,P-00229,Core,2025-07-11,Completed,75.4,Pending
T-00221,U-060,P-01379,Leadership,2026-03-14,Incomplete,56.0,Pending
T-00222,U-024,P-01748,Leadership,2026-08-13,Incomplete,57.0,Pending
T-00223,U-035,P-02625,Core,2026-06-12,Completed,85.3,Certified
T-00224,U-023,P-01479,Leadership,2025-03-25,Completed,87.0,Certified
T-00225,U-010,P-00194,Leadership,2026-01-17,Completed,73.9,Pending
T-00226,U-041,P-01418,Advanced,2025-05-20,Completed,93.7,Certified
T-00227,U-051,P-01579,Safety,2026-05-24,Completed,89.3,Certified
T-00228,U-053,P-01111,Safety,2025-03-07,Completed,94.0,Certified
T-00229,U-050,P-00740,Core,2025-09-24,Completed,85.3,Certified
T-00230,U-056,P-00801,Safety,2026-06-12,Completed,80.6,Certified
T-00231,U-005,P-00862,Leadership,2025-02-21,Incomplete,69.3,Pending
T-00232,U-057,P-00030,Core,2026-07-20,Incomplete,55.2,Pending
T-00233,U-052,P-02704,Core,2026-06-10,Completed,85.9,Certified
T-00234,U-013,P-02000,Advanced,2026-06-28,Incomplete,59.8,Pending
T-00235,U-042,P-02259,Advanced,2025-05-29,Incomplete,60.5,Pending
T-00236,U-010,P-01953,Core,2026-06-03,Incomplete,58.7,Pending
T-00237,U-037,P-02427,Advanced,2026-07-27,Completed,80.9,Certified
T-00238,U-030,P-00434,Leadership,2025-05-12,Completed,97.9,Certified
T-00239,U-030,P-00395,Core,2025-04-10,Completed,73.6,Pending
T-00240,U-030,P-02150,Leadership,2026-01-06,Completed,98.0,Certified
T-00241,U-007,P-01871,Core,2025-04-16,Completed,73.9,Pending
T-00242,U-027,P-02095,Leadership,2026-03-27,Incomplete,56.4,Pending
T-00243,U-018,P-02801,Advanced,2025-05-10,Completed,92.9,Certified
T-00244,U-055,P-01686,Core,2025-12-08,Incomplete,60.9,Pending
T-00245,U-015,P-00528,Advanced,2025-06-22,Completed,85.9,Certified
T-00246,U-002,P-02091,Leadership,2026-03-23,Incomplete,59.8,Pending
T-00247,U-013,P-01381,Core,2026-05-15,Completed,90.7,Certified
T-00248,U-028,P-02004,Advanced,2025-03-27,Incomplete,64.0,Pending
T-00249,U-009,P-02517,Leadership,2025-10-24,Completed,89.5,Certified
T-00250,U-018,P-02333,Advanced,2025-11-30,Incomplete,66.1,Pending
T-00251,U-004,P-00564,Leadership,2026-03-13,Completed,87.1,Certified
T-00252,U-048,P-00747,Safety,2025-12-17,Completed,90.3,Certified
T-00253,U-040,P-02527,Leadership,2026-03-10,Incomplete,66.1,Pending
T-00254,U-012,P-02701,Core,2026-06-16,Completed,71.6,Pending
T-00255,U-042,P-00523,Leadership,2025-12-12,Incomplete,69.4,Pending
T-00256,U-005,P-00452,Core,2026-04-12,Completed,72.3,Pending
T-00257,U-004,P-00695,Safety,2025-09-15,Completed,76.1,Pending
T-00258,U-025,P-02191,Leadership,2025-06-26,Completed,86.2,Certified
T-00259,U-039,P-02192,Advanced,2025-10-22,Incomplete,59.2,Pending
T-00260,U-040,P-00498,Safety,2025-01-25,Incomplete,65.5,Pending
T-00261,U-032,P-00770,Leadership,2025-01-13,Incomplete,64.1,Pending
T-00262,U-015,P-02923,Leadership,2026-06-02,Completed,76.3,Pending
T-00263,U-039,P-01807,Safety,2025-10-30,Incomplete,69.7,Pending
T-00264,U-043,P-01753,Safety,2025-09-17,Completed,86.5,Certified
T-00265,U-002,P-02208,Leadership,2025-08-11,Incomplete,61.4,Pending
T-00266,U-005,P-02519,Advanced,2025-04-19,Completed,99.1,Certified
T-00267,U-042,P-00521,Safety,2026-06-07,Completed,95.2,Certified
T-00268,U-048,P-02226,Leadership,2025-10-14,Completed,97.3,Certified
T-00269,U-046,P-00164,Safety,2025-03-01,Completed,95.5,Certified
T-00270,U-043,P-00893,Safety,2025-03-09,Completed,89.6,Certified
T-00271,U-002,P-00852,Leadership,2026-01-18,Incomplete,69.0,Pending
T-00272,U-026,P-00221,Leadership,2025-11-27,Completed,79.5,Pending
T-00273,U-012,P-02840,Leadership,2025-08-13,Completed,73.8,Pending
T-00274,U-046,P-02235,Safety,2025-10-28,Completed,77.1,Pending
T-00275,U-015,P-01964,Core,2025-08-22,Completed,94.8,Certified
T-00276,U-045,P-01262,Safety,2025-09-02,Incomplete,58.9,Pending
T-00277,U-057,P-02627,Advanced,2025-09-27,Completed,91.1,Certified
T-00278,U-039,P-00358,Safety,2026-04-15,Incomplete,56.1,Pending
T-00279,U-018,P-00555,Leadership,2026-03-08,Completed,82.5,Certified
T-00280,U-055,P-01567,Advanced,2025-02-13,Completed,71.5,Pending
T-00281,U-032,P-01725,Core,2025-08-30,Completed,91.8,Certified
T-00282,U-049,P-02486,Leadership,2026-03-28,Incomplete,65.5,Pending
T-00283,U-033,P-02786,Safety,2025-11-15,Completed,76.9,Pending
T-00284,U-052,P-00389,Safety,2025-07-27,Incomplete,56.5,Pending
T-00285,U-016,P-02398,Core,2025-04-25,Completed,76.1,Pending
T-00286,U-048,P-02129,Core,2025-01-13,Incomplete,63.4,Pending
T-00287,U-043,P-00893,Safety,2025-02-06,Completed,85.2,Certified
T-00288,U-036,P-02549,Safety,2026-06-08,Completed,88.1,Certified
T-00289,U-050,P-00751,Core,2026-05-13,Completed,76.5,Pending
T-00290,U-040,P-00812,Advanced,2025-02-24,Completed,85.9,Certified
T-00291,U-005,P-00865,Core,2026-03-24,Incomplete,58.6,Pending
T-00292,U-057,P-01628,Leadership,2026-01-04,Completed,72.8,Pending
T-00293,U-047,P-00396,Safety,2026-05-02,Completed,92.9,Certified
T-00294,U-055,P-02084,Leadership,2026-04-24,Completed,90.6,Certified
T-00295,U-029,P-02155,Safety,2025-12-25,Completed,79.7,Pending
T-00296,U-027,P-02051,Leadership,2025-12-31,Completed,83.2,Certified
T-00297,U-037,P-01906,Leadership,2025-03-29,Completed,86.5,Certified
T-00298,U-031,P-00406,Core,2026-04-15,Incomplete,68.2,Pending
T-00299,U-057,P-02465,Leadership,2025-03-10,Completed,92.9,Certified
T-00300,U-057,P-02652,Core,2026-01-20,Completed,94.0,Certified
T-00301,U-047,P-02413,Advanced,2025-08-19,Completed,86.9,Certified
T-00302,U-015,P-02616,Safety,2025-04-09,Completed,87.3,Certified
T-00303,U-055,P-00085,Advanced,2025-05-17,Completed,79.3,Pending
T-00304,U-012,P-02021,Leadership,2026-02-06,Completed,85.2,Certified
T-00305,U-041,P-02131,Safety,2025-05-30,Completed,93.5,Certified
T-00306,U-040,P-00073,Advanced,2026-01-30,Incomplete,55.9,Pending
T-00307,U-013,P-01356,Advanced,2025-02-20,Incomplete,57.7,Pending
T-00308,U-048,P-01298,Safety,2025-04-07,Completed,96.2,Certified
T-00309,U-047,P-00396,Advanced,2025-02-10,Incomplete,67.3,Pending
T-00310,U-014,P-01815,Safety,2025-04-08,Completed,99.9,Certified
T-00311,U-050,P-00914,Advanced,2026-07-31,Incomplete,64.7,Pending
T-00312,U-051,P-01157,Leadership,2026-03-24,Completed,82.0,Certified
T-00313,U-051,P-00218,Leadership,2025-03-14,Incomplete,66.2,Pending
T-00314,U-003,P-00125,Advanced,2026-05-05,Completed,79.3,Pending
T-00315,U-026,P-00221,Safety,2025-07-30,Incomplete,68.5,Pending
T-00316,U-006,P-02137,Leadership,2026-02-12,Completed,98.1,Certified
T-00317,U-031,P-00287,Leadership,2026-02-26,Incomplete,61.5,Pending
T-00318,U-026,P-02011,Core,2025-07-20,Completed,72.0,Pending
T-00319,U-006,P-01374,Safety,2026-02-18,Incomplete,68.5,Pending
T-00320,U-001,P-00280,Advanced,2025-05-04,Completed,99.7,Certified
T-00321,U-055,P-01411,Advanced,2025-11-08,Completed,88.3,Certified
T-00322,U-032,P-02288,Safety,2025-09-08,Completed,92.0,Certified
T-00323,U-031,P-00272,Core,2025-02-02,Incomplete,63.0,Pending
T-00324,U-018,P-02130,Core,2025-11-16,Completed,89.5,Certified
T-00325,U-015,P-00196,Core,2025-06-29,Completed,98.8,Certified
T-00326,U-032,P-01146,Leadership,2025-02-02,Incomplete,59.7,Pending
T-00327,U-008,P-00881,Safety,2025-07-07,Completed,73.2,Pending
T-00328,U-048,P-00998,Advanced,2025-08-11,Completed,90.9,Certified
T-00329,U-021,P-00318,Advanced,2025-11-15,Incomplete,64.2,Pending
T-00330,U-044,P-00257,Leadership,2025-05-07,Incomplete,68.2,Pending
T-00331,U-009,P-02100,Leadership,2026-02-07,Completed,80.8,Certified
T-00332,U-004,P-00666,Leadership,2026-04-26,Completed,93.0,Certified
T-00333,U-042,P-02481,Safety,2025-05-25,Completed,93.4,Certified
T-00334,U-051,P-02629,Core,2025-02-05,Completed,82.4,Certified
T-00335,U-009,P-00425,Leadership,2025-10-01,Completed,77.3,Pending
T-00336,U-057,P-02220,Core,2025-12-15,Completed,89.5,Certified
T-00337,U-005,P-00356,Safety,2025-01-21,Completed,95.6,Certified
T-00338,U-013,P-02999,Leadership,2025-08-30,Completed,97.0,Certified
T-00339,U-024,P-00329,Safety,2025-03-03,Incomplete,65.1,Pending
T-00340,U-002,P-02714,Safety,2026-02-03,Completed,94.0,Certified
T-00341,U-024,P-00329,Leadership,2025-11-23,Completed,83.0,Certified
T-00342,U-045,P-00378,Leadership,2025-06-25,Completed,82.5,Certified
T-00343,U-021,P-01972,Safety,2026-05-11,Incomplete,59.1,Pending
T-00344,U-045,P-00212,Safety,2026-06-29,Completed,99.5,Certified
T-00345,U-042,P-02824,Leadership,2025-06-16,Completed,74.5,Pending
T-00346,U-028,P-00878,Safety,2026-04-05,Completed,74.9,Pending
T-00347,U-026,P-01895,Leadership,2025-05-06,Incomplete,59.3,Pending
T-00348,U-056,P-00729,Advanced,2025-03-30,Incomplete,58.0,Pending
T-00349,U-042,P-02018,Leadership,2025-01-02,Completed,72.1,Pending
T-00350,U-007,P-02728,Leadership,2025-01-12,Completed,93.8,Certified
T-00351,U-048,P-00006,Leadership,2026-03-11,Incomplete,60.7,Pending
T-00352,U-040,P-00659,Safety,2025-12-11,Completed,88.1,Certified
T-00353,U-034,P-00750,Safety,2025-07-20,Completed,74.9,Pending
T-00354,U-016,P-00001,Core,2025-08-13,Completed,86.5,Certified
T-00355,U-034,P-02484,Core,2026-03-07,Completed,79.5,Pending
T-00356,U-023,P-01175,Safety,2026-08-01,Completed,74.1,Pending
T-00357,U-016,P-01260,Core,2026-07-08,Completed,88.2,Certified
T-00358,U-007,P-01699,Safety,2026-06-08,Completed,79.4,Pending
T-00359,U-012,P-01993,Advanced,2025-07-02,Completed,86.4,Certified
T-00360,U-052,P-00032,Advanced,2025-06-20,Incomplete,64.4,Pending
T-00361,U-030,P-01549,Leadership,2026-05-29,Completed,79.9,Pending
T-00362,U-019,P-01929,Advanced,2026-04-27,Incomplete,56.2,Pending
T-00363,U-037,P-01504,Leadership,2026-06-29,Completed,71.7,Pending
T-00364,U-038,P-01508,Safety,2025-12-02,Completed,90.4,Certified
T-00365,U-014,P-01983,Leadership,2025-11-29,Completed,86.7,Certified
T-00366,U-028,P-00879,Advanced,2025-09-24,Incomplete,55.2,Pending
T-00367,U-050,P-01715,Core,2026-06-02,Incomplete,68.0,Pending
T-00368,U-023,P-00458,Advanced,2025-06-27,Incomplete,65.0,Pending
T-00369,U-041,P-01418,Safety,2025-01-20,Completed,99.0,Certified
T-00370,U-041,P-01060,Advanced,2026-03-08,Incomplete,58.4,Pending
T-00371,U-007,P-01611,Advanced,2026-01-18,Incomplete,68.8,Pending
T-00372,U-030,P-02994,Safety,2025-11-19,Completed,89.2,Certified
T-00373,U-005,P-01515,Leadership,2025-08-26,Completed,98.5,Certified
T-00374,U-024,P-00402,Advanced,2026-03-11,Incomplete,67.9,Pending
T-00375,U-025,P-01729,Safety,2026-05-19,Incomplete,63.0,Pending
T-00376,U-028,P-01796,Advanced,2026-07-23,Completed,74.3,Pending
T-00377,U-024,P-00624,Core,2026-05-08,Completed,91.2,Certified
T-00378,U-053,P-00288,Advanced,2025-09-19,Incomplete,57.7,Pending
T-00379,U-033,P-01295,Leadership,2025-10-07,Completed,78.7,Pending
T-00380,U-020,P-00464,Advanced,2026-02-03,Completed,83.3,Certified
T-00381,U-043,P-02510,Advanced,2025-08-18,Completed,76.5,Pending
T-00382,U-018,P-02511,Advanced,2026-06-02,Completed,89.5,Certified
T-00383,U-050,P-00802,Leadership,2026-03-16,Completed,87.6,Certified
T-00384,U-058,P-02269,Leadership,2026-06-19,Completed,78.1,Pending
T-00385,U-021,P-02380,Advanced,2025-12-20,Completed,90.6,Certified
T-00386,U-046,P-02101,Leadership,2025-08-04,Incomplete,60.5,Pending
T-00387,U-028,P-02283,Leadership,2026-07-06,Completed,94.2,Certified
T-00388,U-033,P-00420,Leadership,2025-12-23,Completed,96.0,Certified
T-00389,U-050,P-00740,Advanced,2025-12-07,Completed,88.4,Certified
T-00390,U-056,P-00153,Advanced,2026-05-07,Completed,77.1,Pending
T-00391,U-048,P-02226,Advanced,2026-01-04,Completed,98.9,Certified
T-00392,U-043,P-00546,Core,2026-01-21,Incomplete,60.1,Pending
T-00393,U-009,P-02116,Leadership,2025-02-01,Incomplete,66.5,Pending
T-00394,U-030,P-02732,Advanced,2025-10-24,Incomplete,63.9,Pending
T-00395,U-045,P-00723,Safety,2025-02-28,Completed,81.7,Certified
T-00396,U-059,P-02217,Advanced,2025-06-07,Completed,72.8,Pending
T-00397,U-034,P-01673,Leadership,2025-07-09,Completed,84.8,Certified
T-00398,U-006,P-02190,Core,2026-04-06,Incomplete,59.0,Pending
T-00399,U-043,P-01656,Leadership,2026-07-06,Completed,74.8,Pending
T-00400,U-050,P-01693,Advanced,2026-05-09,Completed,98.3,Certified
T-00401,U-010,P-00309,Core,2025-02-16,Completed,79.0,Pending
T-00402,U-034,P-01470,Leadership,2025-09-29,Completed,84.3,Certified
T-00403,U-008,P-01763,Advanced,2025-08-11,Completed,77.6,Pending
T-00404,U-009,P-00136,Leadership,2025-10-15,Completed,71.3,Pending
T-00405,U-031,P-00176,Advanced,2025-09-20,Completed,85.1,Certified
T-00406,U-013,P-00575,Core,2025-08-30,Completed,72.5,Pending
T-00407,U-055,P-00990,Leadership,2026-05-26,Incomplete,61.8,Pending
T-00408,U-032,P-00770,Core,2026-06-25,Completed,72.5,Pending
T-00409,U-005,P-02198,Core,2026-07-04,Incomplete,67.3,Pending
T-00410,U-013,P-01675,Core,2025-08-05,Completed,88.9,Certified
T-00411,U-012,P-00579,Core,2026-02-14,Completed,81.1,Certified
T-00412,U-019,P-00976,Leadership,2025-07-06,Completed,97.5,Certified
T-00413,U-013,P-01084,Advanced,2026-07-18,Completed,76.0,Pending
T-00414,U-034,P-01427,Advanced,2026-02-11,Completed,76.4,Pending
T-00415,U-051,P-02706,Safety,2025-02-05,Completed,86.5,Certified
T-00416,U-050,P-00047,Safety,2025-08-21,Completed,75.9,Pending
T-00417,U-052,P-02082,Safety,2026-06-22,Completed,84.2,Certified
T-00418,U-058,P-00034,Leadership,2026-03-21,Incomplete,56.2,Pending
T-00419,U-059,P-02813,Advanced,2025-10-02,Completed,97.0,Certified
T-00420,U-028,P-02642,Safety,2025-01-17,Completed,90.9,Certified
T-00421,U-055,P-01339,Safety,2025-01-30,Incomplete,57.9,Pending
T-00422,U-040,P-01272,Leadership,2025-08-17,Completed,77.6,Pending
T-00423,U-042,P-01413,Leadership,2026-01-19,Completed,87.4,Certified
T-00424,U-025,P-01120,Safety,2025-11-26,Incomplete,65.2,Pending
T-00425,U-033,P-00962,Safety,2026-08-02,Completed,99.6,Certified
T-00426,U-034,P-01605,Core,2026-05-15,Incomplete,59.5,Pending
T-00427,U-011,P-02046,Leadership,2026-04-13,Completed,87.5,Certified
T-00428,U-059,P-00584,Advanced,2026-03-16,Incomplete,61.7,Pending
T-00429,U-016,P-01260,Leadership,2025-03-28,Completed,94.2,Certified
T-00430,U-024,P-01327,Advanced,2025-02-04,Completed,97.0,Certified
T-00431,U-002,P-00043,Core,2025-05-20,Incomplete,61.6,Pending
T-00432,U-056,P-01886,Core,2026-05-03,Completed,89.9,Certified
T-00433,U-004,P-01719,Leadership,2026-03-24,Completed,91.2,Certified
T-00434,U-005,P-02842,Core,2025-11-23,Completed,80.3,Certified
T-00435,U-007,P-00444,Advanced,2026-07-22,Incomplete,66.3,Pending
T-00436,U-006,P-01546,Core,2025-04-30,Completed,84.2,Certified
T-00437,U-041,P-01782,Core,2025-06-08,Completed,78.2,Pending
T-00438,U-002,P-00154,Core,2025-02-25,Completed,77.4,Pending
T-00439,U-040,P-00104,Core,2025-12-23,Completed,73.1,Pending
T-00440,U-008,P-01499,Safety,2026-08-06,Completed,78.8,Pending
T-00441,U-059,P-00898,Advanced,2025-05-28,Completed,94.0,Certified
T-00442,U-014,P-01059,Safety,2026-03-23,Incomplete,66.5,Pending
T-00443,U-026,P-01388,Advanced,2025-05-11,Incomplete,63.2,Pending
T-00444,U-026,P-00393,Safety,2025-10-14,Incomplete,68.7,Pending
T-00445,U-036,P-00344,Safety,2025-03-29,Incomplete,63.5,Pending
T-00446,U-038,P-01832,Advanced,2025-08-02,Completed,73.1,Pending
T-00447,U-039,P-00213,Core,2025-11-21,Incomplete,65.7,Pending
T-00448,U-037,P-01778,Core,2026-05-09,Completed,81.3,Certified
T-00449,U-042,P-00055,Leadership,2026-01-14,Completed,70.7,Pending
T-00450,U-032,P-02902,Leadership,2025-08-02,Incomplete,57.9,Pending
T-00451,U-057,P-01685,Core,2025-05-24,Completed,95.7,Certified
T-00452,U-058,P-02126,Safety,2025-02-12,Completed,93.3,Certified
T-00453,U-039,P-02888,Core,2025-03-07,Completed,91.3,Certified
T-00454,U-036,P-01858,Core,2026-01-20,Completed,92.2,Certified
T-00455,U-060,P-02368,Advanced,2026-06-28,Completed,90.8,Certified
T-00456,U-001,P-00596,Safety,2025-05-16,Incomplete,58.1,Pending
T-00457,U-021,P-02234,Leadership,2025-05-19,Completed,74.8,Pending
T-00458,U-021,P-02070,Advanced,2025-01-08,Completed,80.9,Certified
T-00459,U-051,P-02629,Safety,2025-02-27,Incomplete,63.4,Pending
T-00460,U-042,P-01478,Safety,2025-02-18,Incomplete,61.5,Pending
T-00461,U-039,P-01313,Core,2026-07-28,Completed,72.2,Pending
T-00462,U-014,P-00778,Core,2025-06-03,Completed,88.5,Certified
T-00463,U-054,P-02674,Safety,2026-07-14,Completed,73.4,Pending
T-00464,U-009,P-01450,Leadership,2025-11-30,Completed,88.5,Certified
T-00465,U-051,P-01080,Core,2026-07-16,Completed,82.6,Certified
T-00466,U-060,P-01114,Core,2025-09-05,Incomplete,67.3,Pending
T-00467,U-053,P-02227,Leadership,2025-12-28,Completed,97.5,Certified
T-00468,U-008,P-01261,Advanced,2026-05-27,Completed,75.7,Pending
T-00469,U-060,P-02628,Core,2026-01-17,Completed,93.0,Certified
T-00470,U-002,P-01039,Safety,2026-06-27,Completed,78.0,Pending
T-00471,U-057,P-01934,Leadership,2026-01-25,Incomplete,56.7,Pending
T-00472,U-058,P-00628,Core,2026-01-16,Incomplete,65.1,Pending
T-00473,U-008,P-01608,Safety,2025-10-06,Completed,99.8,Certified
T-00474,U-041,P-02565,Core,2026-01-05,Completed,72.6,Pending
T-00475,U-012,P-00044,Advanced,2025-08-15,Completed,93.7,Certified
T-00476,U-046,P-01371,Leadership,2026-01-19,Incomplete,57.4,Pending
T-00477,U-003,P-01541,Core,2026-01-04,Completed,74.5,Pending
T-00478,U-005,P-00120,Core,2026-06-08,Completed,99.3,Certified
T-00479,U-042,P-01478,Leadership,2026-03-15,Completed,84.0,Certified
T-00480,U-054,P-01351,Advanced,2026-05-03,Completed,76.8,Pending
T-00481,U-021,P-02347,Advanced,2025-04-09,Completed,86.5,Certified
T-00482,U-014,P-02466,Safety,2025-08-20,Incomplete,68.9,Pending
T-00483,U-025,P-01891,Core,2025-07-15,Incomplete,61.8,Pending
T-00484,U-038,P-01334,Core,2026-08-04,Completed,94.1,Certified
T-00485,U-037,P-02998,Leadership,2025-01-19,Completed,96.8,Certified
T-00486,U-037,P-02427,Advanced,2026-04-12,Incomplete,60.6,Pending
T-00487,U-003,P-01731,Safety,2026-05-25,Completed,95.8,Certified
T-00488,U-009,P-00292,Safety,2025-07-11,Completed,95.9,Certified
T-00489,U-032,P-01029,Advanced,2025-06-22,Completed,85.4,Certified
T-00490,U-025,P-00331,Core,2025-05-14,Incomplete,59.5,Pending
T-00491,U-026,P-01790,Advanced,2025-08-29,Completed,84.2,Certified
T-00492,U-032,P-01987,Core,2025-08-13,Completed,75.3,Pending
T-00493,U-001,P-01022,Advanced,2025-04-11,Incomplete,55.3,Pending
T-00494,U-001,P-01078,Advanced,2025-09-13,Completed,71.6,Pending
T-00495,U-026,P-02011,Core,2025-08-01,Completed,79.0,Pending
T-00496,U-006,P-01265,Advanced,2025-07-05,Completed,72.4,Pending
T-00497,U-038,P-02110,Advanced,2026-01-09,Completed,74.9,Pending
T-00498,U-027,P-01708,Leadership,2026-02-28,Incomplete,69.4,Pending
T-00499,U-033,P-02177,Safety,2026-07-22,Incomplete,56.5,Pending
T-00500,U-048,P-00167,Safety,2026-07-24,Incomplete,56.4,Pending
T-00501,U-018,P-02359,Advanced,2026-07-12,Completed,84.6,Certified
T-00502,U-041,P-00475,Safety,2025-02-24,Incomplete,69.7,Pending
T-00503,U-032,P-00380,Safety,2025-08-15,Completed,93.4,Certified
T-00504,U-054,P-02805,Safety,2026-04-10,Completed,79.5,Pending
T-00505,U-044,P-02214,Core,2026-05-08,Incomplete,59.8,Pending
T-00506,U-038,P-01860,Safety,2025-04-20,Completed,82.9,Certified
T-00507,U-060,P-01156,Core,2025-12-22,Completed,94.6,Certified
T-00508,U-056,P-02744,Core,2025-10-30,Completed,89.1,Certified
T-00509,U-053,P-01111,Core,2025-12-16,Completed,74.2,Pending
T-00510,U-002,P-01035,Core,2025-02-06,Incomplete,60.0,Pending
T-00511,U-053,P-00016,Leadership,2026-01-08,Completed,94.0,Certified
T-00512,U-035,P-01700,Leadership,2026-02-05,Completed,93.0,Certified
T-00513,U-033,P-01754,Safety,2025-10-25,Completed,79.1,Pending
T-00514,U-049,P-01285,Advanced,2026-02-13,Completed,85.0,Certified
T-00515,U-044,P-00901,Leadership,2026-03-12,Completed,77.4,Pending
T-00516,U-014,P-01776,Safety,2025-02-16,Completed,71.2,Pending
T-00517,U-012,P-00691,Safety,2025-10-16,Completed,84.8,Certified
T-00518,U-008,P-00544,Core,2026-03-15,Incomplete,65.5,Pending
T-00519,U-042,P-00742,Leadership,2025-10-03,Incomplete,63.3,Pending
T-00520,U-002,P-02091,Core,2026-06-24,Completed,93.1,Certified
T-00521,U-060,P-02655,Safety,2026-01-30,Completed,72.6,Pending
T-00522,U-025,P-00657,Advanced,2026-02-18,Completed,79.7,Pending
T-00523,U-043,P-00893,Core,2026-01-19,Completed,87.1,Certified
T-00524,U-048,P-00847,Safety,2025-03-26,Incomplete,64.0,Pending
T-00525,U-029,P-02581,Advanced,2025-12-20,Incomplete,64.0,Pending
T-00526,U-038,P-01766,Core,2026-03-31,Incomplete,60.1,Pending
T-00527,U-023,P-00020,Safety,2026-05-02,Incomplete,62.4,Pending
T-00528,U-026,P-00769,Leadership,2025-07-16,Incomplete,68.4,Pending
T-00529,U-024,P-01826,Advanced,2025-08-21,Incomplete,62.7,Pending
T-00530,U-016,P-02542,Core,2026-05-10,Completed,95.0,Certified
T-00531,U-053,P-01558,Leadership,2026-07-25,Incomplete,58.4,Pending
T-00532,U-028,P-00658,Safety,2026-06-19,Completed,94.7,Certified
T-00533,U-034,P-02238,Safety,2025-07-21,Completed,70.4,Pending
T-00534,U-058,P-00493,Safety,2026-05-23,Incomplete,64.7,Pending
T-00535,U-043,P-01247,Leadership,2025-11-11,Incomplete,55.7,Pending
T-00536,U-057,P-01831,Leadership,2025-07-19,Incomplete,67.3,Pending
T-00537,U-057,P-02499,Leadership,2025-04-17,Completed,76.5,Pending
T-00538,U-059,P-01996,Safety,2026-03-26,Completed,70.6,Pending
T-00539,U-032,P-01987,Core,2026-01-30,Completed,81.5,Certified
T-00540,U-033,P-00511,Advanced,2025-10-24,Completed,77.8,Pending
T-00541,U-052,P-01076,Core,2025-03-30,Incomplete,61.7,Pending
T-00542,U-006,P-02073,Safety,2025-09-24,Incomplete,56.7,Pending
T-00543,U-002,P-01368,Advanced,2025-10-24,Incomplete,69.1,Pending
T-00544,U-017,P-00428,Advanced,2026-06-11,Completed,71.6,Pending
T-00545,U-033,P-01770,Safety,2025-01-07,Incomplete,65.7,Pending
T-00546,U-019,P-00274,Core,2026-04-08,Completed,98.3,Certified
T-00547,U-019,P-00197,Leadership,2025-09-15,Completed,95.1,Certified
T-00548,U-049,P-02486,Safety,2025-11-10,Completed,96.0,Certified
T-00549,U-004,P-01333,Advanced,2026-05-20,Incomplete,64.6,Pending
T-00550,U-039,P-02823,Advanced,2025-01-21,Completed,98.2,Certified
T-00551,U-030,P-00395,Leadership,2025-04-08,Completed,91.9,Certified
T-00552,U-003,P-01131,Core,2026-01-24,Completed,74.6,Pending
T-00553,U-027,P-02806,Core,2025-12-26,Completed,97.5,Certified
T-00554,U-019,P-01942,Leadership,2026-03-12,Incomplete,65.3,Pending
T-00555,U-004,P-02121,Core,2025-07-26,Incomplete,67.2,Pending
T-00556,U-027,P-01095,Leadership,2026-06-03,Incomplete,58.2,Pending
T-00557,U-043,P-00282,Core,2026-05-14,Incomplete,55.7,Pending
T-00558,U-032,P-00456,Leadership,2025-04-15,Completed,80.8,Certified
T-00559,U-013,P-02692,Safety,2025-04-15,Completed,98.1,Certified
T-00560,U-017,P-01277,Core,2025-10-14,Completed,81.2,Certified
T-00561,U-005,P-02386,Safety,2025-12-01,Completed,93.6,Certified
T-00562,U-009,P-02180,Leadership,2025-08-06,Completed,89.9,Certified
T-00563,U-046,P-01572,Leadership,2025-06-29,Completed,79.7,Pending
T-00564,U-045,P-02437,Core,2026-06-14,Completed,72.7,Pending
T-00565,U-003,P-00204,Advanced,2026-06-17,Completed,79.1,Pending
T-00566,U-040,P-02125,Leadership,2026-07-08,Completed,94.8,Certified
T-00567,U-015,P-01274,Leadership,2025-06-23,Completed,78.8,Pending
T-00568,U-056,P-00801,Core,2025-02-02,Completed,84.3,Certified
T-00569,U-051,P-01867,Safety,2026-01-30,Completed,96.8,Certified
T-00570,U-027,P-01129,Core,2025-08-30,Incomplete,66.3,Pending
T-00571,U-060,P-00090,Leadership,2025-01-03,Completed,84.8,Certified
T-00572,U-060,P-01072,Core,2025-02-18,Completed,71.1,Pending
T-00573,U-038,P-02096,Leadership,2025-08-25,Incomplete,58.8,Pending
T-00574,U-005,P-00865,Advanced,2026-05-20,Incomplete,57.4,Pending
T-00575,U-045,P-02614,Advanced,2025-05-23,Completed,92.1,Certified
T-00576,U-022,P-01872,Advanced,2026-05-24,Incomplete,63.3,Pending
T-00577,U-032,P-00910,Safety,2025-03-02,Completed,92.5,Certified
T-00578,U-029,P-01073,Advanced,2026-01-31,Completed,92.4,Certified
T-00579,U-020,P-00184,Core,2025-09-24,Incomplete,69.9,Pending
T-00580,U-018,P-01902,Advanced,2025-12-02,Incomplete,65.5,Pending
T-00581,U-043,P-00577,Safety,2025-09-24,Incomplete,62.4,Pending
T-00582,U-054,P-02416,Safety,2025-08-03,Incomplete,64.3,Pending
T-00583,U-043,P-02308,Advanced,2025-11-09,Completed,76.1,Pending
T-00584,U-024,P-01513,Safety,2026-03-21,Incomplete,59.3,Pending
T-00585,U-008,P-01213,Core,2026-01-24,Incomplete,61.5,Pending
T-00586,U-052,P-00254,Leadership,2025-06-10,Completed,87.2,Certified
T-00587,U-039,P-01914,Core,2025-11-18,Incomplete,66.5,Pending
T-00588,U-022,P-00368,Advanced,2025-04-28,Incomplete,66.6,Pending
T-00589,U-060,P-01585,Core,2025-04-02,Incomplete,68.1,Pending
T-00590,U-057,P-02873,Safety,2026-03-06,Incomplete,64.0,Pending
T-00591,U-040,P-01272,Advanced,2026-01-05,Completed,87.3,Certified
T-00592,U-029,P-01182,Advanced,2026-03-15,Completed,94.8,Certified
T-00593,U-048,P-00167,Advanced,2026-07-07,Incomplete,56.9,Pending
T-00594,U-035,P-02646,Advanced,2025-06-21,Completed,80.9,Certified
T-00595,U-060,P-00776,Advanced,2026-01-04,Completed,78.4,Pending
T-00596,U-026,P-01895,Advanced,2026-07-05,Completed,82.4,Certified
T-00597,U-032,P-02648,Safety,2026-01-12,Completed,81.9,Certified
T-00598,U-037,P-02304,Advanced,2025-11-30,Completed,80.4,Certified
T-00599,U-004,P-00262,Safety,2026-05-13,Completed,83.8,Certified
T-00600,U-042,P-01320,Safety,2026-04-01,Incomplete,62.9,Pending
T-00601,U-045,P-01878,Safety,2025-11-19,Completed,71.0,Pending
T-00602,U-035,P-00419,Safety,2026-03-23,Incomplete,62.3,Pending
T-00603,U-037,P-00827,Leadership,2026-05-18,Completed,79.1,Pending
T-00604,U-054,P-01671,Leadership,2025-03-01,Completed,74.1,Pending
T-00605,U-027,P-00861,Core,2025-03-22,Incomplete,58.6,Pending
T-00606,U-034,P-00687,Core,2025-09-09,Incomplete,60.7,Pending
T-00607,U-047,P-00920,Leadership,2025-12-31,Completed,84.0,Certified
T-00608,U-005,P-00862,Safety,2025-07-02,Completed,83.8,Certified
T-00609,U-039,P-00302,Advanced,2025-12-10,Incomplete,68.6,Pending
T-00610,U-029,P-01182,Safety,2026-04-10,Completed,85.4,Certified
T-00611,U-029,P-01182,Advanced,2026-03-12,Completed,80.4,Certified
T-00612,U-015,P-02132,Advanced,2026-01-06,Completed,98.7,Certified
T-00613,U-010,P-00618,Safety,2025-08-09,Completed,71.7,Pending
T-00614,U-056,P-00148,Advanced,2025-12-16,Completed,83.0,Certified
T-00615,U-042,P-02824,Safety,2025-06-27,Incomplete,66.2,Pending
T-00616,U-034,P-00263,Leadership,2025-07-20,Completed,70.8,Pending
T-00617,U-017,P-02787,Leadership,2026-03-07,Completed,99.3,Certified
T-00618,U-030,P-00088,Leadership,2026-06-30,Completed,97.3,Certified
T-00619,U-030,P-02965,Advanced,2025-09-19,Completed,80.8,Certified
T-00620,U-041,P-01927,Safety,2026-05-03,Incomplete,59.6,Pending
T-00621,U-044,P-01315,Core,2025-01-18,Completed,73.7,Pending
T-00622,U-046,P-02235,Core,2025-02-09,Incomplete,57.1,Pending
T-00623,U-025,P-00874,Advanced,2025-07-03,Completed,91.9,Certified
T-00624,U-041,P-00421,Advanced,2025-12-13,Completed,87.2,Certified
T-00625,U-059,P-01489,Core,2026-03-04,Incomplete,59.8,Pending
T-00626,U-055,P-02443,Advanced,2025-07-15,Completed,78.0,Pending
T-00627,U-058,P-00628,Safety,2025-04-12,Completed,80.0,Certified
T-00628,U-029,P-01073,Advanced,2026-02-24,Completed,98.9,Certified
T-00629,U-031,P-00945,Leadership,2025-05-11,Completed,83.3,Certified
T-00630,U-038,P-00467,Safety,2025-07-27,Incomplete,68.3,Pending
T-00631,U-022,P-01945,Core,2025-10-01,Incomplete,59.8,Pending
T-00632,U-001,P-01319,Leadership,2026-05-16,Incomplete,60.6,Pending
T-00633,U-053,P-02227,Leadership,2026-07-18,Completed,93.8,Certified
T-00634,U-017,P-02049,Core,2025-05-08,Completed,91.4,Certified
T-00635,U-013,P-02617,Core,2025-08-02,Completed,70.9,Pending
T-00636,U-016,P-00732,Safety,2025-07-10,Completed,74.0,Pending
T-00637,U-050,P-00802,Leadership,2025-07-14,Completed,95.8,Certified
T-00638,U-030,P-01384,Safety,2026-03-01,Completed,71.0,Pending
T-00639,U-013,P-02502,Advanced,2025-07-16,Completed,85.6,Certified
T-00640,U-057,P-02938,Advanced,2025-03-30,Completed,72.4,Pending
T-00641,U-007,P-00144,Safety,2026-04-01,Completed,94.4,Certified
T-00642,U-025,P-00340,Advanced,2025-06-30,Completed,80.5,Certified
T-00643,U-027,P-00821,Core,2025-12-29,Completed,86.6,Certified
T-00644,U-012,P-01202,Advanced,2026-04-10,Completed,70.3,Pending
T-00645,U-050,P-02291,Leadership,2025-06-15,Completed,87.8,Certified
T-00646,U-029,P-02581,Advanced,2025-08-09,Completed,72.1,Pending
T-00647,U-054,P-01351,Core,2025-08-27,Completed,74.3,Pending
T-00648,U-047,P-00060,Leadership,2026-06-06,Completed,83.0,Certified
T-00649,U-021,P-02487,Safety,2025-01-13,Completed,99.0,Certified
T-00650,U-044,P-01974,Leadership,2026-05-23,Completed,86.3,Certified
T-00651,U-041,P-02331,Advanced,2026-06-22,Completed,99.6,Certified
T-00652,U-007,P-00444,Core,2026-08-05,Completed,99.9,Certified
T-00653,U-037,P-01190,Leadership,2025-10-07,Completed,80.3,Certified
T-00654,U-047,P-01593,Advanced,2025-03-27,Incomplete,60.3,Pending
T-00655,U-020,P-02452,Core,2025-02-06,Completed,86.3,Certified
T-00656,U-045,P-00582,Safety,2025-12-11,Incomplete,68.0,Pending
T-00657,U-020,P-00464,Safety,2026-06-17,Completed,77.2,Pending
T-00658,U-007,P-01624,Leadership,2025-08-04,Completed,95.8,Certified
T-00659,U-030,P-01365,Advanced,2026-04-30,Incomplete,64.2,Pending
T-00660,U-038,P-00141,Leadership,2026-02-23,Incomplete,60.9,Pending
T-00661,U-006,P-01780,Safety,2026-07-07,Completed,77.6,Pending
T-00662,U-025,P-01101,Core,2026-01-30,Incomplete,64.6,Pending
T-00663,U-011,P-00662,Core,2026-02-19,Completed,96.1,Certified
T-00664,U-012,P-01453,Core,2025-11-09,Completed,93.8,Certified
T-00665,U-056,P-02871,Leadership,2025-07-31,Completed,82.7,Certified
T-00666,U-038,P-02514,Safety,2025-10-25,Completed,97.1,Certified
T-00667,U-009,P-00824,Safety,2025-12-29,Incomplete,58.5,Pending
T-00668,U-037,P-01798,Core,2025-07-29,Completed,77.3,Pending
T-00669,U-017,P-02787,Advanced,2026-04-18,Incomplete,57.5,Pending
T-00670,U-001,P-01354,Core,2026-07-25,Completed,80.8,Certified
T-00671,U-020,P-02579,Safety,2026-07-16,Completed,79.6,Pending
T-00672,U-060,P-01569,Advanced,2025-12-06,Completed,82.4,Certified
T-00673,U-031,P-02136,Safety,2025-06-14,Incomplete,68.5,Pending
T-00674,U-027,P-00772,Safety,2025-12-08,Incomplete,59.5,Pending
T-00675,U-026,P-00685,Advanced,2025-12-20,Completed,88.4,Certified
T-00676,U-039,P-02897,Leadership,2025-02-16,Completed,94.1,Certified
T-00677,U-051,P-01738,Core,2026-06-09,Incomplete,61.3,Pending
T-00678,U-041,P-00441,Safety,2025-02-18,Completed,79.8,Pending
T-00679,U-036,P-02676,Core,2025-11-21,Completed,80.8,Certified
T-00680,U-057,P-00509,Safety,2025-04-17,Completed,90.9,Certified
T-00681,U-058,P-01196,Core,2026-07-26,Incomplete,55.1,Pending
T-00682,U-006,P-01429,Core,2025-09-05,Incomplete,55.6,Pending
T-00683,U-060,P-02763,Safety,2025-06-15,Incomplete,67.0,Pending
T-00684,U-046,P-02464,Advanced,2026-03-01,Completed,86.0,Certified
T-00685,U-026,P-01044,Advanced,2025-06-25,Incomplete,58.2,Pending
T-00686,U-055,P-01688,Advanced,2025-11-24,Incomplete,68.6,Pending
T-00687,U-045,P-02835,Advanced,2026-08-12,Incomplete,67.0,Pending
T-00688,U-038,P-00731,Advanced,2026-02-12,Incomplete,67.8,Pending
T-00689,U-028,P-00054,Advanced,2025-09-17,Completed,93.1,Certified
T-00690,U-006,P-00108,Core,2026-04-10,Completed,79.2,Pending
T-00691,U-022,P-01160,Safety,2025-05-22,Completed,86.9,Certified
T-00692,U-012,P-01505,Leadership,2026-06-25,Completed,85.3,Certified
T-00693,U-006,P-02668,Advanced,2026-04-09,Completed,70.2,Pending
T-00694,U-049,P-01772,Advanced,2025-01-20,Completed,77.6,Pending
T-00695,U-026,P-02329,Core,2025-06-19,Incomplete,59.4,Pending
T-00696,U-051,P-00625,Leadership,2026-02-04,Incomplete,68.8,Pending
T-00697,U-053,P-00504,Advanced,2026-07-04,Completed,97.1,Certified
T-00698,U-001,P-00161,Leadership,2025-01-02,Completed,82.2,Certified
T-00699,U-011,P-00662,Leadership,2025-01-16,Incomplete,55.4,Pending
T-00700,U-013,P-02488,Advanced,2026-01-02,Completed,74.6,Pending
T-00701,U-044,P-00416,Safety,2025-03-21,Completed,92.4,Certified
T-00702,U-042,P-00307,Advanced,2025-08-30,Completed,76.1,Pending
T-00703,U-036,P-00481,Advanced,2025-12-25,Completed,74.8,Pending
T-00704,U-031,P-00835,Leadership,2025-01-02,Incomplete,65.8,Pending
T-00705,U-033,P-02177,Safety,2025-08-30,Completed,72.5,Pending
T-00706,U-039,P-01916,Safety,2026-07-18,Completed,89.4,Certified
T-00707,U-024,P-01888,Safety,2025-07-23,Incomplete,63.1,Pending
T-00708,U-039,P-01914,Advanced,2025-02-06,Incomplete,58.9,Pending
T-00709,U-054,P-02805,Advanced,2025-09-03,Incomplete,60.2,Pending
T-00710,U-009,P-00931,Advanced,2025-07-10,Incomplete,56.1,Pending
T-00711,U-060,P-01379,Leadership,2025-10-06,Completed,97.8,Certified
T-00712,U-041,P-01823,Core,2025-07-15,Completed,89.4,Certified
T-00713,U-029,P-00967,Core,2026-01-01,Incomplete,58.1,Pending
T-00714,U-052,P-00375,Advanced,2025-10-25,Completed,81.8,Certified
T-00715,U-032,P-02210,Safety,2025-06-11,Completed,88.8,Certified
T-00716,U-036,P-00578,Leadership,2025-07-22,Completed,73.6,Pending
T-00717,U-005,P-00356,Advanced,2025-01-19,Completed,71.6,Pending
T-00718,U-001,P-02429,Core,2025-07-31,Completed,94.6,Certified
T-00719,U-016,P-02630,Safety,2026-08-06,Completed,98.3,Certified
T-00720,U-028,P-00482,Safety,2026-01-26,Incomplete,66.1,Pending
T-00721,U-004,P-02624,Leadership,2026-03-19,Completed,70.4,Pending
T-00722,U-028,P-02033,Leadership,2025-11-10,Incomplete,59.0,Pending
T-00723,U-008,P-01716,Advanced,2025-12-03,Completed,94.7,Certified
T-00724,U-021,P-00342,Safety,2025-11-29,Completed,88.6,Certified
T-00725,U-028,P-00692,Advanced,2025-08-06,Incomplete,63.3,Pending
T-00726,U-055,P-00571,Advanced,2025-11-13,Completed,94.7,Certified
T-00727,U-038,P-02096,Advanced,2026-04-03,Completed,84.7,Certified
T-00728,U-018,P-02509,Safety,2026-02-21,Completed,80.6,Certified
T-00729,U-018,P-01456,Leadership,2025-11-19,Completed,98.8,Certified
T-00730,U-041,P-02252,Advanced,2025-12-21,Incomplete,65.8,Pending
T-00731,U-045,P-00723,Leadership,2025-01-01,Incomplete,60.4,Pending
T-00732,U-007,P-02800,Core,2026-03-20,Completed,72.4,Pending
T-00733,U-029,P-01182,Advanced,2025-03-20,Incomplete,59.0,Pending
T-00734,U-046,P-01325,Advanced,2025-11-12,Incomplete,67.6,Pending
T-00735,U-008,P-01071,Advanced,2025-01-09,Completed,99.1,Certified
T-00736,U-058,P-01854,Core,2025-04-20,Completed,95.0,Certified
T-00737,U-023,P-01638,Leadership,2025-01-22,Incomplete,63.9,Pending
T-00738,U-020,P-00777,Core,2025-09-16,Completed,84.3,Certified
T-00739,U-035,P-00419,Safety,2025-05-09,Completed,94.0,Certified
T-00740,U-032,P-01559,Leadership,2025-07-25,Completed,97.7,Certified
T-00741,U-049,P-01694,Advanced,2026-04-21,Completed,97.0,Certified
T-00742,U-047,P-00626,Advanced,2026-02-20,Completed,87.9,Certified
T-00743,U-060,P-01072,Safety,2025-07-27,Completed,85.8,Certified
T-00744,U-027,P-01588,Leadership,2026-03-20,Completed,76.9,Pending
T-00745,U-030,P-01962,Leadership,2026-05-06,Completed,84.7,Certified
T-00746,U-020,P-02579,Advanced,2026-01-31,Completed,93.5,Certified
T-00747,U-025,P-02441,Advanced,2025-01-05,Completed,78.1,Pending
T-00748,U-007,P-00365,Advanced,2025-08-14,Completed,86.1,Certified
T-00749,U-008,P-00544,Advanced,2025-04-07,Completed,77.0,Pending
T-00750,U-055,P-01853,Leadership,2026-05-11,Incomplete,55.1,Pending
T-00751,U-028,P-00495,Leadership,2025-03-14,Completed,82.1,Certified
T-00752,U-043,P-01215,Safety,2025-04-07,Completed,93.6,Certified
T-00753,U-032,P-02213,Safety,2026-04-16,Completed,70.8,Pending
T-00754,U-012,P-01453,Core,2026-03-02,Completed,74.0,Pending
T-00755,U-049,P-00171,Safety,2025-12-01,Completed,90.8,Certified
T-00756,U-052,P-02831,Core,2026-03-05,Incomplete,61.8,Pending
T-00757,U-043,P-02112,Advanced,2026-05-29,Completed,94.6,Certified
T-00758,U-045,P-01878,Leadership,2025-03-15,Completed,80.5,Certified
T-00759,U-012,P-01257,Core,2026-08-03,Completed,90.0,Certified
T-00760,U-053,P-01558,Safety,2025-06-23,Completed,72.2,Pending
T-00761,U-020,P-02543,Advanced,2025-12-12,Completed,94.6,Certified
T-00762,U-058,P-01851,Core,2026-07-15,Completed,78.8,Pending
T-00763,U-022,P-02068,Core,2026-03-10,Completed,70.1,Pending
T-00764,U-026,P-02329,Core,2025-08-16,Incomplete,55.7,Pending
T-00765,U-057,P-01170,Leadership,2025-03-14,Completed,88.1,Certified
T-00766,U-047,P-00321,Advanced,2026-04-26,Incomplete,63.3,Pending
T-00767,U-001,P-00871,Advanced,2025-08-28,Incomplete,56.1,Pending
T-00768,U-034,P-02164,Safety,2026-08-11,Completed,83.1,Certified
T-00769,U-001,P-01354,Core,2025-05-23,Completed,86.6,Certified
T-00770,U-020,P-02428,Core,2026-04-21,Completed,83.2,Certified
T-00771,U-051,P-00625,Core,2025-07-29,Incomplete,61.6,Pending
T-00772,U-020,P-00994,Advanced,2025-08-16,Completed,71.7,Pending
T-00773,U-057,P-00919,Safety,2025-03-11,Completed,80.9,Certified
T-00774,U-057,P-00433,Advanced,2026-05-25,Completed,86.4,Certified
T-00775,U-025,P-01924,Advanced,2026-07-09,Completed,96.4,Certified
T-00776,U-039,P-02710,Advanced,2026-03-26,Completed,75.6,Pending
T-00777,U-042,P-02259,Leadership,2026-03-25,Completed,99.6,Certified
T-00778,U-005,P-02186,Advanced,2026-02-05,Completed,92.0,Certified
T-00779,U-052,P-00032,Safety,2025-07-06,Completed,83.6,Certified
T-00780,U-001,P-00534,Leadership,2026-02-22,Completed,81.7,Certified
T-00781,U-030,P-01348,Safety,2025-09-24,Incomplete,59.7,Pending
T-00782,U-046,P-02085,Leadership,2025-10-05,Completed,72.0,Pending
T-00783,U-029,P-00811,Leadership,2025-06-08,Incomplete,56.1,Pending
T-00784,U-018,P-00096,Core,2025-11-13,Completed,72.2,Pending
T-00785,U-049,P-02769,Safety,2026-08-03,Completed,85.4,Certified
T-00786,U-009,P-02517,Leadership,2025-05-25,Completed,83.2,Certified
T-00787,U-052,P-00207,Core,2025-03-06,Incomplete,62.8,Pending
T-00788,U-053,P-00854,Core,2026-06-15,Incomplete,55.5,Pending
T-00789,U-057,P-01113,Advanced,2025-05-03,Incomplete,65.7,Pending
T-00790,U-002,P-01187,Core,2025-03-19,Completed,95.4,Certified
T-00791,U-056,P-02871,Leadership,2026-02-25,Completed,98.2,Certified
T-00792,U-049,P-01021,Core,2025-12-12,Completed,95.2,Certified
T-00793,U-048,P-00006,Safety,2026-08-09,Completed,99.9,Certified
T-00794,U-037,P-01392,Safety,2025-10-17,Incomplete,57.4,Pending
T-00795,U-036,P-00980,Advanced,2026-03-28,Completed,93.1,Certified
T-00796,U-053,P-00397,Advanced,2026-08-08,Completed,92.2,Certified
T-00797,U-032,P-02288,Core,2025-05-26,Completed,94.9,Certified
T-00798,U-020,P-02893,Safety,2025-04-25,Completed,78.4,Pending
T-00799,U-060,P-01677,Leadership,2025-08-07,Incomplete,58.9,Pending
T-00800,U-026,P-02802,Advanced,2025-10-07,Completed,98.3,Certified
T-00801,U-026,P-00239,Safety,2025-04-28,Completed,78.4,Pending
T-00802,U-060,P-02682,Advanced,2025-05-16,Completed,84.3,Certified
T-00803,U-054,P-00986,Advanced,2026-05-17,Completed,77.8,Pending
T-00804,U-012,P-00058,Safety,2026-05-10,Completed,99.1,Certified
T-00805,U-033,P-02917,Core,2025-02-08,Completed,84.9,Certified
T-00806,U-027,P-00995,Advanced,2025-06-29,Completed,76.4,Pending
T-00807,U-028,P-01698,Safety,2025-10-02,Completed,93.4,Certified
T-00808,U-037,P-00501,Advanced,2026-01-04,Completed,87.3,Certified
T-00809,U-041,P-02188,Safety,2025-03-27,Incomplete,64.5,Pending
T-00810,U-009,P-01768,Leadership,2026-06-14,Incomplete,65.5,Pending
T-00811,U-027,P-00301,Core,2026-02-26,Completed,99.7,Certified
T-00812,U-046,P-01159,Safety,2026-03-21,Completed,90.4,Certified
T-00813,U-030,P-01682,Safety,2026-05-06,Completed,92.0,Certified
T-00814,U-060,P-00436,Advanced,2025-03-02,Completed,92.0,Certified
T-00815,U-039,P-00412,Advanced,2025-04-14,Completed,89.9,Certified
T-00816,U-014,P-01387,Safety,2025-05-04,Completed,78.5,Pending
T-00817,U-001,P-00404,Core,2025-05-04,Completed,79.8,Pending
T-00818,U-051,P-00218,Leadership,2025-02-16,Incomplete,59.2,Pending
T-00819,U-009,P-00540,Safety,2025-09-13,Incomplete,63.6,Pending
T-00820,U-030,P-01384,Leadership,2026-06-06,Completed,83.5,Certified
T-00821,U-034,P-00668,Core,2025-04-10,Completed,78.0,Pending
T-00822,U-046,P-01109,Core,2025-05-24,Completed,98.3,Certified
T-00823,U-012,P-02840,Leadership,2025-08-22,Incomplete,65.9,Pending
T-00824,U-038,P-00335,Leadership,2026-02-09,Completed,73.0,Pending
T-00825,U-054,P-00201,Core,2026-02-11,Incomplete,61.4,Pending
T-00826,U-015,P-02298,Leadership,2026-06-26,Completed,81.2,Certified
T-00827,U-015,P-02593,Safety,2026-04-25,Completed,80.0,Certified
T-00828,U-009,P-02100,Leadership,2025-04-02,Completed,89.7,Certified
T-00829,U-021,P-02234,Advanced,2026-06-29,Incomplete,58.5,Pending
T-00830,U-060,P-00941,Leadership,2025-02-16,Incomplete,68.8,Pending
T-00831,U-012,P-01426,Core,2025-09-19,Completed,98.9,Certified
T-00832,U-041,P-01943,Core,2026-07-23,Incomplete,65.5,Pending
T-00833,U-009,P-00126,Advanced,2025-04-07,Incomplete,63.3,Pending
T-00834,U-043,P-00883,Core,2025-11-02,Incomplete,60.1,Pending
T-00835,U-029,P-02094,Core,2025-11-05,Incomplete,62.8,Pending
T-00836,U-026,P-00959,Safety,2025-11-13,Incomplete,55.9,Pending
T-00837,U-042,P-01564,Safety,2025-05-31,Completed,80.5,Certified
T-00838,U-047,P-01343,Advanced,2025-11-04,Completed,80.3,Certified
T-00839,U-004,P-02375,Core,2025-01-22,Completed,96.9,Certified
T-00840,U-052,P-00375,Leadership,2026-06-23,Completed,81.6,Certified
T-00841,U-009,P-02950,Advanced,2025-09-10,Completed,87.9,Certified
T-00842,U-001,P-01134,Core,2025-09-22,Completed,71.2,Pending
T-00843,U-018,P-00426,Core,2025-03-30,Completed,82.8,Certified
T-00844,U-040,P-00812,Advanced,2025-01-27,Completed,83.3,Certified
T-00845,U-026,P-01816,Leadership,2025-03-14,Completed,89.9,Certified
T-00846,U-010,P-01953,Core,2026-02-02,Incomplete,55.2,Pending
T-00847,U-012,P-02807,Safety,2026-02-28,Completed,87.6,Certified
T-00848,U-015,P-01274,Advanced,2025-02-01,Completed,90.8,Certified
T-00849,U-012,P-02455,Advanced,2026-06-28,Completed,78.5,Pending
T-00850,U-041,P-01268,Core,2026-06-09,Completed,89.6,Certified
T-00851,U-057,P-00433,Leadership,2025-05-24,Completed,79.1,Pending
T-00852,U-026,P-00928,Safety,2025-09-20,Completed,90.1,Certified
T-00853,U-026,P-00229,Leadership,2025-05-26,Incomplete,69.7,Pending
T-00854,U-034,P-01267,Leadership,2025-06-25,Completed,77.4,Pending
T-00855,U-025,P-00340,Leadership,2025-07-20,Completed,90.6,Certified
T-00856,U-026,P-02663,Advanced,2025-01-27,Completed,98.4,Certified
T-00857,U-039,P-02897,Core,2026-02-22,Completed,98.7,Certified
T-00858,U-052,P-00032,Safety,2025-10-29,Completed,97.8,Certified
T-00859,U-048,P-00449,Advanced,2025-07-18,Completed,76.5,Pending
T-00860,U-001,P-00280,Core,2025-03-06,Completed,95.2,Certified
T-00861,U-037,P-01798,Leadership,2026-03-10,Incomplete,57.5,Pending
T-00862,U-029,P-02159,Advanced,2026-03-25,Completed,96.5,Certified
T-00863,U-001,P-00550,Safety,2026-07-23,Incomplete,59.5,Pending
T-00864,U-049,P-02360,Safety,2026-06-10,Incomplete,64.7,Pending
T-00865,U-008,P-01025,Core,2025-11-09,Completed,87.7,Certified
T-00866,U-021,P-01972,Safety,2026-04-13,Incomplete,56.8,Pending
T-00867,U-026,P-00362,Advanced,2026-03-03,Completed,92.2,Certified
T-00868,U-045,P-01302,Safety,2026-01-29,Completed,72.5,Pending
T-00869,U-026,P-02839,Leadership,2025-11-20,Incomplete,67.5,Pending
T-00870,U-008,P-01619,Leadership,2025-04-08,Completed,72.5,Pending
T-00871,U-043,P-01373,Core,2025-03-27,Completed,75.6,Pending
T-00872,U-051,P-00487,Leadership,2025-01-19,Incomplete,61.3,Pending
T-00873,U-016,P-00429,Core,2025-12-12,Completed,78.5,Pending
T-00874,U-041,P-02565,Advanced,2026-01-12,Completed,78.7,Pending
T-00875,U-028,P-02334,Advanced,2026-02-24,Completed,74.0,Pending
T-00876,U-034,P-00748,Safety,2025-05-21,Completed,71.3,Pending
T-00877,U-028,P-01414,Core,2025-12-24,Completed,75.7,Pending
T-00878,U-050,P-00116,Advanced,2025-07-12,Completed,87.0,Certified
T-00879,U-051,P-01423,Safety,2026-07-03,Completed,94.2,Certified
T-00880,U-010,P-00194,Leadership,2025-03-09,Completed,92.8,Certified
T-00881,U-046,P-02065,Advanced,2025-01-11,Completed,74.4,Pending
T-00882,U-012,P-01036,Advanced,2025-06-14,Incomplete,64.2,Pending
T-00883,U-020,P-02428,Leadership,2026-07-08,Completed,82.1,Certified
T-00884,U-058,P-01531,Core,2025-01-04,Incomplete,64.8,Pending
T-00885,U-018,P-00265,Advanced,2026-07-12,Completed,87.0,Certified
T-00886,U-011,P-02316,Core,2026-08-02,Completed,92.2,Certified
T-00887,U-049,P-00057,Core,2025-09-11,Incomplete,67.6,Pending
T-00888,U-023,P-02007,Leadership,2025-12-19,Completed,97.0,Certified
T-00889,U-038,P-02270,Core,2025-04-19,Incomplete,68.9,Pending
T-00890,U-020,P-01246,Safety,2026-03-20,Incomplete,56.9,Pending
T-00891,U-026,P-01364,Advanced,2025-12-27,Completed,88.1,Certified
T-00892,U-050,P-01844,Core,2025-02-17,Completed,79.7,Pending
T-00893,U-013,P-02502,Core,2025-05-27,Incomplete,69.6,Pending
T-00894,U-058,P-02795,Core,2025-10-05,Completed,96.3,Certified
T-00895,U-043,P-01602,Core,2026-08-13,Incomplete,63.7,Pending
T-00896,U-009,P-00457,Advanced,2026-06-19,Completed,78.2,Pending
T-00897,U-031,P-01721,Advanced,2026-01-25,Completed,94.6,Certified
T-00898,U-043,P-00546,Leadership,2025-03-23,Completed,73.4,Pending
T-00899,U-015,P-01692,Leadership,2026-04-01,Completed,86.5,Certified
T-00900,U-002,P-02752,Core,2026-04-12,Completed,98.5,Certified
T-00901,U-032,P-02906,Advanced,2026-02-25,Completed,75.6,Pending
T-00902,U-040,P-02933,Safety,2025-07-04,Completed,96.5,Certified
T-00903,U-021,P-02822,Core,2026-01-02,Completed,72.3,Pending
T-00904,U-054,P-01115,Leadership,2026-07-07,Completed,86.8,Certified
T-00905,U-060,P-02230,Safety,2025-04-09,Completed,87.8,Certified
T-00906,U-021,P-02827,Safety,2025-06-17,Incomplete,61.2,Pending
T-00907,U-029,P-01822,Leadership,2025-02-06,Completed,88.9,Certified
T-00908,U-002,P-01482,Leadership,2025-12-12,Incomplete,56.7,Pending
T-00909,U-020,P-01385,Leadership,2025-06-16,Incomplete,56.8,Pending
T-00910,U-012,P-01088,Core,2026-07-11,Incomplete,68.3,Pending
T-00911,U-035,P-02955,Leadership,2026-03-29,Completed,99.1,Certified
T-00912,U-009,P-02116,Safety,2025-01-26,Completed,98.2,Certified
T-00913,U-044,P-00416,Core,2026-08-14,Incomplete,65.2,Pending
T-00914,U-053,P-00823,Core,2026-03-25,Completed,78.7,Pending
T-00915,U-038,P-01141,Core,2025-11-02,Completed,92.7,Certified
T-00916,U-014,P-00690,Advanced,2025-10-11,Incomplete,56.0,Pending
T-00917,U-007,P-02554,Safety,2025-08-05,Completed,91.7,Certified
T-00918,U-045,P-02262,Advanced,2026-07-13,Completed,99.3,Certified
T-00919,U-026,P-02719,Core,2025-11-15,Completed,89.4,Certified
T-00920,U-056,P-00069,Advanced,2025-11-16,Incomplete,68.2,Pending
T-00921,U-022,P-01945,Advanced,2026-01-02,Completed,79.0,Pending
T-00922,U-007,P-01803,Advanced,2025-08-09,Completed,96.7,Certified
T-00923,U-030,P-01682,Leadership,2025-08-21,Completed,84.8,Certified
T-00924,U-015,P-00953,Core,2025-09-05,Incomplete,57.1,Pending
T-00925,U-048,P-01253,Safety,2025-11-14,Incomplete,69.3,Pending
T-00926,U-056,P-01626,Safety,2025-09-12,Completed,84.5,Certified
T-00927,U-016,P-00732,Core,2025-11-26,Completed,92.6,Certified
T-00928,U-008,P-01213,Leadership,2026-07-30,Completed,98.1,Certified
T-00929,U-050,P-01715,Leadership,2025-07-12,Incomplete,59.6,Pending
T-00930,U-006,P-00235,Leadership,2026-08-03,Completed,90.2,Certified
T-00931,U-040,P-00013,Core,2026-08-08,Completed,80.8,Certified
T-00932,U-013,P-02502,Safety,2026-02-11,Completed,83.8,Certified
T-00933,U-060,P-01827,Leadership,2025-01-20,Completed,73.9,Pending
T-00934,U-054,P-02445,Core,2025-04-05,Completed,80.8,Certified
T-00935,U-028,P-00163,Safety,2026-02-18,Incomplete,64.7,Pending
T-00936,U-030,P-02987,Safety,2026-05-10,Completed,98.6,Certified
T-00937,U-012,P-02840,Core,2025-02-28,Completed,72.9,Pending
T-00938,U-033,P-02975,Core,2025-05-26,Completed,83.2,Certified
T-00939,U-020,P-02158,Leadership,2025-12-18,Incomplete,56.2,Pending
T-00940,U-058,P-01531,Core,2025-09-20,Incomplete,56.0,Pending
T-00941,U-029,P-01220,Safety,2026-03-13,Incomplete,67.3,Pending
T-00942,U-024,P-01566,Core,2026-01-19,Completed,85.6,Certified
T-00943,U-004,P-02979,Advanced,2026-05-24,Completed,75.2,Pending
T-00944,U-003,P-01528,Advanced,2025-01-23,Completed,74.5,Pending
T-00945,U-005,P-00671,Safety,2026-07-08,Incomplete,60.1,Pending
T-00946,U-010,P-02328,Advanced,2026-08-01,Incomplete,63.0,Pending
T-00947,U-036,P-02870,Advanced,2026-04-16,Incomplete,56.0,Pending
T-00948,U-005,P-00120,Advanced,2026-05-05,Incomplete,60.3,Pending
T-00949,U-011,P-02904,Core,2026-04-13,Completed,72.7,Pending
T-00950,U-057,P-00757,Advanced,2025-06-06,Incomplete,55.2,Pending
T-00951,U-037,P-02998,Advanced,2025-05-25,Incomplete,67.6,Pending
T-00952,U-001,P-00932,Leadership,2026-01-10,Completed,84.2,Certified
T-00953,U-024,P-01723,Safety,2026-01-20,Completed,77.1,Pending
T-00954,U-040,P-01590,Safety,2025-07-29,Completed,93.9,Certified
T-00955,U-052,P-00763,Safety,2026-06-02,Incomplete,67.5,Pending
T-00956,U-046,P-01159,Core,2026-05-14,Incomplete,62.0,Pending
T-00957,U-055,P-01808,Safety,2026-03-24,Completed,71.2,Pending
T-00958,U-018,P-01412,Leadership,2026-07-17,Completed,78.8,Pending
T-00959,U-042,P-01523,Safety,2026-01-11,Completed,72.8,Pending
T-00960,U-023,P-00360,Advanced,2025-10-11,Completed,89.9,Certified
T-00961,U-004,P-00564,Advanced,2025-09-29,Completed,75.2,Pending
T-00962,U-046,P-01581,Advanced,2026-07-27,Completed,79.2,Pending
T-00963,U-039,P-01488,Safety,2025-05-28,Incomplete,59.1,Pending
T-00964,U-051,P-00752,Leadership,2025-08-01,Completed,85.0,Certified
T-00965,U-024,P-01337,Leadership,2026-05-08,Incomplete,59.9,Pending
T-00966,U-032,P-02173,Safety,2025-03-11,Completed,72.7,Pending
T-00967,U-007,P-01122,Leadership,2026-05-12,Incomplete,67.8,Pending
T-00968,U-055,P-01808,Leadership,2025-07-21,Incomplete,68.5,Pending
T-00969,U-015,P-02393,Core,2025-01-19,Completed,75.1,Pending
T-00970,U-058,P-00792,Leadership,2025-07-03,Incomplete,58.0,Pending
T-00971,U-030,P-02037,Leadership,2025-02-26,Completed,76.9,Pending
T-00972,U-041,P-01679,Leadership,2026-03-25,Completed,85.0,Certified
T-00973,U-039,P-02735,Safety,2025-06-28,Completed,87.2,Certified
T-00974,U-027,P-00038,Core,2025-11-29,Incomplete,69.9,Pending
T-00975,U-032,P-01928,Safety,2026-02-18,Completed,79.1,Pending
T-00976,U-040,P-00719,Core,2026-02-19,Incomplete,61.5,Pending
T-00977,U-031,P-00858,Leadership,2025-12-05,Incomplete,66.8,Pending
T-00978,U-032,P-00380,Leadership,2025-11-22,Completed,78.9,Pending
T-00979,U-015,P-00465,Core,2025-05-16,Completed,70.6,Pending
T-00980,U-027,P-00261,Core,2025-08-28,Incomplete,68.2,Pending
T-00981,U-014,P-02918,Leadership,2025-02-18,Completed,78.5,Pending
T-00982,U-042,P-02178,Leadership,2026-06-06,Completed,88.7,Certified
T-00983,U-031,P-01750,Core,2025-09-17,Incomplete,69.2,Pending
T-00984,U-012,P-01789,Core,2025-04-15,Completed,92.7,Certified
T-00985,U-034,P-02025,Safety,2026-08-04,Incomplete,55.6,Pending
T-00986,U-002,P-00971,Leadership,2025-02-07,Completed,82.6,Certified
T-00987,U-046,P-00439,Safety,2026-01-14,Completed,99.8,Certified
T-00988,U-045,P-02835,Advanced,2026-02-01,Completed,94.0,Certified
T-00989,U-013,P-01263,Advanced,2025-09-27,Incomplete,58.5,Pending
T-00990,U-046,P-01581,Safety,2025-12-09,Completed,98.1,Certified
T-00991,U-006,P-00632,Safety,2026-05-13,Completed,86.0,Certified
T-00992,U-007,P-02299,Advanced,2025-11-21,Completed,75.4,Pending
T-00993,U-012,P-00470,Advanced,2025-05-23,Completed,72.1,Pending
T-00994,U-019,P-00024,Advanced,2025-06-12,Completed,97.3,Certified
T-00995,U-022,P-01897,Core,2025-08-08,Completed,87.2,Certified
T-00996,U-008,P-02673,Core,2025-03-03,Incomplete,58.6,Pending
T-00997,U-010,P-00587,Safety,2026-06-16,Incomplete,58.7,Pending
T-00998,U-057,P-00211,Safety,2026-03-30,Incomplete,56.4,Pending
T-00999,U-032,P-02809,Safety,2026-01-04,Incomplete,69.2,Pending
T-01000,U-004,P-01830,Advanced,2025-10-25,Completed,85.8,Certified
T-01001,U-059,P-02813,Advanced,2026-07-28,Completed,84.0,Certified
T-01002,U-050,P-00740,Core,2025-07-12,Incomplete,65.3,Pending
T-01003,U-058,P-00522,Core,2026-07-17,Completed,99.7,Certified
T-01004,U-060,P-02600,Leadership,2025-09-26,Incomplete,65.8,Pending
T-01005,U-035,P-02555,Safety,2026-06-10,Completed,78.3,Pending
T-01006,U-057,P-02627,Safety,2026-02-04,Incomplete,55.4,Pending
T-01007,U-043,P-02460,Leadership,2025-07-31,Completed,78.2,Pending
T-01008,U-029,P-00567,Leadership,2025-11-20,Completed,81.0,Certified
T-01009,U-002,P-02091,Safety,2026-03-14,Incomplete,67.3,Pending
T-01010,U-022,P-00581,Advanced,2026-04-23,Completed,76.3,Pending
T-01011,U-024,P-00219,Safety,2025-11-03,Completed,83.1,Certified
T-01012,U-008,P-01608,Safety,2025-12-23,Completed,93.2,Certified
T-01013,U-014,P-02310,Core,2025-03-04,Completed,79.4,Pending
T-01014,U-013,P-01555,Core,2026-08-11,Completed,73.0,Pending
T-01015,U-044,P-01217,Advanced,2025-02-25,Completed,76.0,Pending
T-01016,U-058,P-01707,Leadership,2025-10-25,Incomplete,61.6,Pending
T-01017,U-060,P-01661,Safety,2026-05-30,Completed,87.4,Certified
T-01018,U-003,P-02179,Leadership,2025-07-01,Completed,96.5,Certified
T-01019,U-031,P-01097,Safety,2026-02-03,Incomplete,67.1,Pending
T-01020,U-020,P-00994,Safety,2025-05-24,Incomplete,58.7,Pending
T-01021,U-040,P-02816,Advanced,2026-04-15,Completed,96.8,Certified
T-01022,U-048,P-01253,Core,2026-06-13,Completed,81.4,Certified
T-01023,U-045,P-00378,Advanced,2025-05-22,Completed,85.8,Certified
T-01024,U-011,P-00156,Core,2025-12-16,Incomplete,63.2,Pending
T-01025,U-055,P-02687,Advanced,2026-06-04,Incomplete,59.3,Pending
T-01026,U-009,P-01450,Leadership,2026-06-06,Incomplete,58.5,Pending
T-01027,U-039,P-01143,Safety,2025-04-21,Incomplete,56.4,Pending
T-01028,U-041,P-02929,Safety,2025-06-19,Completed,72.4,Pending
T-01029,U-005,P-00942,Core,2026-07-05,Completed,77.0,Pending
T-01030,U-004,P-01852,Safety,2025-03-21,Completed,77.4,Pending
T-01031,U-009,P-02517,Core,2025-07-30,Incomplete,57.4,Pending
T-01032,U-009,P-00721,Leadership,2025-01-28,Incomplete,62.1,Pending
T-01033,U-002,P-01949,Leadership,2026-06-06,Incomplete,65.9,Pending
T-01034,U-030,P-01176,Leadership,2026-04-24,Incomplete,65.8,Pending
T-01035,U-037,P-01051,Safety,2026-03-09,Completed,94.6,Certified
T-01036,U-054,P-01115,Advanced,2025-03-21,Completed,99.8,Certified
T-01037,U-052,P-00254,Advanced,2025-05-24,Completed,91.8,Certified
T-01038,U-031,P-00895,Safety,2025-09-21,Completed,99.3,Certified
T-01039,U-027,P-00995,Leadership,2026-05-08,Completed,75.1,Pending
T-01040,U-024,P-00968,Safety,2026-07-16,Incomplete,57.5,Pending
T-01041,U-003,P-01405,Core,2026-03-09,Completed,79.2,Pending
T-01042,U-042,P-01138,Leadership,2026-07-13,Completed,89.3,Certified
T-01043,U-036,P-00609,Advanced,2025-04-06,Incomplete,61.2,Pending
T-01044,U-004,P-00558,Core,2025-06-02,Completed,85.6,Certified
T-01045,U-015,P-01458,Safety,2026-05-29,Completed,97.9,Certified
T-01046,U-057,P-02056,Advanced,2025-06-22,Completed,82.6,Certified
T-01047,U-042,P-02824,Leadership,2026-07-11,Incomplete,64.3,Pending
T-01048,U-010,P-00490,Advanced,2025-12-04,Incomplete,67.0,Pending
T-01049,U-046,P-01915,Leadership,2026-04-07,Incomplete,55.9,Pending
T-01050,U-031,P-00240,Advanced,2025-11-04,Completed,75.6,Pending
T-01051,U-002,P-01039,Safety,2025-11-04,Completed,95.4,Certified
T-01052,U-024,P-01921,Leadership,2025-03-13,Incomplete,69.7,Pending
T-01053,U-004,P-00423,Core,2026-01-18,Incomplete,65.4,Pending
T-01054,U-009,P-02841,Leadership,2025-08-04,Completed,99.8,Certified
T-01055,U-007,P-00480,Advanced,2025-11-02,Completed,85.3,Certified
T-01056,U-033,P-00645,Safety,2025-11-21,Completed,72.4,Pending
T-01057,U-046,P-02464,Leadership,2025-08-25,Completed,87.6,Certified
T-01058,U-055,P-02343,Leadership,2026-06-26,Completed,97.6,Certified
T-01059,U-023,P-01175,Advanced,2025-04-12,Completed,71.7,Pending
T-01060,U-052,P-00052,Core,2025-07-16,Completed,91.0,Certified
T-01061,U-001,P-01419,Safety,2026-05-31,Completed,80.0,Certified
T-01062,U-033,P-02917,Leadership,2025-07-14,Completed,76.4,Pending
T-01063,U-010,P-02791,Leadership,2025-12-25,Incomplete,63.4,Pending
T-01064,U-039,P-00142,Leadership,2025-03-14,Completed,92.7,Certified
T-01065,U-011,P-02482,Safety,2025-07-08,Incomplete,62.0,Pending
T-01066,U-003,P-00453,Advanced,2025-08-29,Completed,88.6,Certified
T-01067,U-041,P-02252,Advanced,2026-06-13,Completed,90.2,Certified
T-01068,U-049,P-02242,Advanced,2026-03-22,Incomplete,56.4,Pending
T-01069,U-032,P-01697,Safety,2026-08-06,Completed,97.0,Certified
T-01070,U-002,P-02022,Safety,2025-01-03,Incomplete,56.9,Pending
T-01071,U-009,P-02983,Core,2026-07-31,Completed,88.0,Certified
T-01072,U-020,P-01658,Safety,2025-08-14,Completed,84.8,Certified
T-01073,U-030,P-02712,Advanced,2025-12-20,Completed,99.8,Certified
T-01074,U-007,P-01696,Safety,2025-01-28,Incomplete,61.5,Pending
T-01075,U-007,P-00706,Core,2025-05-04,Incomplete,58.3,Pending
T-01076,U-055,P-02084,Core,2025-01-05,Completed,76.2,Pending
T-01077,U-011,P-00165,Advanced,2025-07-03,Completed,79.2,Pending
T-01078,U-048,P-00524,Safety,2025-08-30,Completed,99.5,Certified
T-01079,U-020,P-00538,Core,2026-07-09,Completed,88.7,Certified
T-01080,U-003,P-02403,Safety,2026-01-28,Incomplete,65.6,Pending
T-01081,U-019,P-00202,Core,2025-10-26,Completed,78.8,Pending
T-01082,U-001,P-01740,Leadership,2025-04-30,Completed,72.2,Pending
T-01083,U-021,P-00064,Safety,2026-04-27,Completed,93.9,Certified
T-01084,U-005,P-02198,Leadership,2025-12-27,Incomplete,63.2,Pending
T-01085,U-011,P-02316,Core,2025-05-05,Completed,82.6,Certified
T-01086,U-059,P-01996,Core,2026-02-06,Incomplete,63.6,Pending
T-01087,U-008,P-01716,Leadership,2026-06-12,Incomplete,69.6,Pending
T-01088,U-013,P-02175,Safety,2026-04-19,Completed,83.3,Certified
T-01089,U-014,P-02937,Core,2025-07-07,Completed,74.3,Pending
T-01090,U-028,P-01905,Advanced,2025-05-05,Completed,97.7,Certified
T-01091,U-001,P-01740,Safety,2025-02-24,Incomplete,55.9,Pending
T-01092,U-017,P-00630,Safety,2025-01-16,Completed,86.0,Certified
T-01093,U-002,P-01614,Advanced,2025-05-10,Completed,92.0,Certified
T-01094,U-022,P-01897,Core,2025-12-24,Completed,90.3,Certified
T-01095,U-029,P-00633,Safety,2025-04-01,Completed,93.0,Certified
T-01096,U-019,P-02708,Leadership,2025-09-21,Completed,98.7,Certified
T-01097,U-004,P-02604,Leadership,2025-11-03,Completed,88.4,Certified
T-01098,U-002,P-01563,Leadership,2026-04-24,Completed,79.2,Pending
T-01099,U-055,P-01625,Safety,2026-02-26,Completed,89.8,Certified
T-01100,U-036,P-02516,Core,2025-10-12,Completed,93.6,Certified
T-01101,U-023,P-00680,Safety,2025-01-09,Completed,87.1,Certified
T-01102,U-029,P-00072,Core,2025-04-23,Incomplete,55.2,Pending
T-01103,U-044,P-00868,Leadership,2025-09-27,Completed,89.2,Certified
T-01104,U-033,P-00784,Safety,2026-05-16,Completed,75.1,Pending
T-01105,U-026,P-02997,Leadership,2025-09-04,Incomplete,59.4,Pending
T-01106,U-029,P-02080,Advanced,2025-07-04,Completed,91.5,Certified
T-01107,U-029,P-00604,Advanced,2025-08-17,Incomplete,69.6,Pending
T-01108,U-042,P-01970,Advanced,2025-05-25,Completed,74.2,Pending
T-01109,U-059,P-00857,Safety,2025-12-04,Completed,87.4,Certified
T-01110,U-046,P-00182,Safety,2025-05-02,Incomplete,60.2,Pending
T-01111,U-019,P-01929,Safety,2026-04-18,Completed,77.2,Pending
T-01112,U-002,P-02208,Leadership,2025-03-22,Completed,100.0,Certified
T-01113,U-005,P-00174,Core,2025-02-06,Completed,86.4,Certified
T-01114,U-042,P-00078,Core,2025-05-06,Completed,94.9,Certified
T-01115,U-045,P-02170,Advanced,2025-10-02,Completed,95.4,Certified
T-01116,U-004,P-02047,Advanced,2025-08-09,Completed,82.4,Certified
T-01117,U-059,P-02563,Safety,2026-06-05,Completed,98.0,Certified
T-01118,U-031,P-02723,Safety,2025-02-27,Completed,81.0,Certified
T-01119,U-057,P-00526,Leadership,2025-08-19,Completed,72.8,Pending
T-01120,U-024,P-00354,Safety,2025-12-26,Completed,98.2,Certified
T-01121,U-043,P-02770,Core,2026-05-31,Completed,78.7,Pending
T-01122,U-042,P-01970,Safety,2026-04-17,Completed,71.7,Pending
T-01123,U-033,P-01346,Advanced,2025-04-23,Incomplete,59.4,Pending
T-01124,U-046,P-02085,Advanced,2026-07-19,Completed,96.8,Certified
T-01125,U-052,P-00557,Leadership,2025-02-25,Completed,97.2,Certified
T-01126,U-011,P-02726,Safety,2025-10-09,Completed,88.4,Certified
T-01127,U-058,P-01050,Safety,2025-01-17,Completed,72.5,Pending
T-01128,U-044,P-00432,Core,2025-09-08,Completed,85.0,Certified
T-01129,U-058,P-02075,Safety,2025-04-22,Completed,71.5,Pending
T-01130,U-025,P-02250,Advanced,2025-08-20,Completed,97.3,Certified
T-01131,U-040,P-00659,Safety,2025-11-27,Completed,97.8,Certified
T-01132,U-036,P-01858,Leadership,2026-04-05,Incomplete,57.1,Pending
T-01133,U-038,P-01023,Leadership,2025-02-08,Incomplete,65.3,Pending
T-01134,U-019,P-00274,Safety,2025-07-17,Incomplete,57.1,Pending
T-01135,U-035,P-01646,Safety,2026-08-02,Incomplete,57.0,Pending
T-01136,U-012,P-01993,Leadership,2025-08-27,Incomplete,58.7,Pending
T-01137,U-015,P-00324,Advanced,2026-02-02,Completed,83.2,Certified
T-01138,U-058,P-00676,Leadership,2026-04-25,Completed,84.1,Certified
T-01139,U-049,P-01285,Core,2026-03-21,Completed,73.8,Pending
T-01140,U-017,P-02848,Core,2026-06-02,Incomplete,56.0,Pending
T-01141,U-052,P-01777,Leadership,2025-01-11,Completed,82.7,Certified
T-01142,U-013,P-02502,Leadership,2026-02-17,Completed,98.6,Certified
T-01143,U-021,P-00411,Advanced,2026-07-18,Incomplete,58.8,Pending
T-01144,U-049,P-02365,Core,2025-01-18,Incomplete,60.8,Pending
T-01145,U-042,P-01970,Leadership,2025-11-08,Incomplete,69.1,Pending
T-01146,U-017,P-00899,Advanced,2025-01-23,Completed,71.2,Pending
T-01147,U-027,P-02397,Advanced,2025-07-22,Completed,77.2,Pending
T-01148,U-052,P-02831,Core,2025-09-26,Completed,72.0,Pending
T-01149,U-039,P-02369,Advanced,2026-05-29,Completed,93.9,Certified
T-01150,U-020,P-02579,Core,2026-06-13,Completed,81.6,Certified
T-01151,U-027,P-02811,Leadership,2025-11-24,Completed,73.2,Pending
T-01152,U-051,P-02650,Leadership,2025-08-12,Completed,72.8,Pending
T-01153,U-003,P-01026,Safety,2026-01-27,Completed,95.6,Certified
T-01154,U-032,P-01146,Advanced,2025-06-26,Completed,85.0,Certified
T-01155,U-012,P-00118,Advanced,2025-12-13,Completed,73.7,Pending
T-01156,U-055,P-01406,Advanced,2025-02-25,Completed,78.8,Pending
T-01157,U-022,P-00045,Safety,2026-07-02,Incomplete,63.9,Pending
T-01158,U-036,P-00242,Leadership,2026-01-13,Completed,84.9,Certified
T-01159,U-059,P-01662,Advanced,2025-09-18,Completed,83.2,Certified
T-01160,U-057,P-01188,Core,2026-06-04,Completed,82.8,Certified
T-01161,U-004,P-02121,Advanced,2025-10-25,Completed,70.7,Pending
T-01162,U-024,P-02284,Advanced,2025-03-29,Completed,96.2,Certified
T-01163,U-031,P-02491,Advanced,2026-03-28,Completed,92.5,Certified
T-01164,U-059,P-02969,Leadership,2026-03-30,Completed,99.5,Certified
T-01165,U-006,P-02073,Safety,2025-02-18,Completed,90.3,Certified
T-01166,U-003,P-02035,Advanced,2025-05-21,Completed,81.2,Certified
T-01167,U-057,P-02056,Core,2026-01-31,Incomplete,58.6,Pending
T-01168,U-058,P-02713,Leadership,2026-04-08,Completed,76.3,Pending
T-01169,U-011,P-02726,Core,2025-08-20,Incomplete,59.2,Pending
T-01170,U-050,P-01166,Core,2026-05-19,Incomplete,57.0,Pending
T-01171,U-044,P-00897,Leadership,2025-11-15,Completed,74.7,Pending
T-01172,U-011,P-01309,Safety,2025-04-19,Completed,75.5,Pending
T-01173,U-042,P-01941,Core,2026-05-30,Completed,83.2,Certified
T-01174,U-054,P-01115,Core,2025-01-19,Completed,83.7,Certified
T-01175,U-021,P-00255,Core,2025-04-03,Incomplete,56.3,Pending
T-01176,U-052,P-00933,Advanced,2025-05-01,Incomplete,65.7,Pending
T-01177,U-040,P-01132,Core,2025-09-19,Completed,92.1,Certified
T-01178,U-009,P-00033,Advanced,2026-08-08,Incomplete,58.6,Pending
T-01179,U-041,P-00663,Core,2025-06-03,Incomplete,59.9,Pending
T-01180,U-017,P-01910,Advanced,2025-09-30,Completed,89.6,Certified
T-01181,U-009,P-01183,Leadership,2026-03-07,Incomplete,66.2,Pending
T-01182,U-030,P-01184,Core,2026-06-15,Incomplete,69.5,Pending
T-01183,U-038,P-02996,Safety,2026-03-13,Completed,96.4,Certified
T-01184,U-015,P-02298,Core,2026-01-18,Completed,80.8,Certified
T-01185,U-045,P-02820,Advanced,2025-07-31,Completed,83.6,Certified
T-01186,U-028,P-01627,Leadership,2025-11-13,Completed,97.5,Certified
T-01187,U-056,P-01997,Core,2025-10-26,Completed,94.8,Certified
T-01188,U-040,P-02111,Core,2025-07-09,Completed,75.8,Pending
T-01189,U-057,P-02857,Core,2026-06-08,Completed,85.3,Certified
T-01190,U-057,P-00919,Advanced,2026-01-20,Incomplete,65.0,Pending
T-01191,U-044,P-01424,Leadership,2026-07-02,Completed,74.0,Pending
T-01192,U-055,P-02602,Leadership,2026-07-11,Completed,91.1,Certified
T-01193,U-034,P-00289,Leadership,2026-02-26,Incomplete,61.1,Pending
T-01194,U-007,P-02800,Core,2026-01-30,Completed,82.8,Certified
T-01195,U-057,P-02989,Advanced,2026-04-14,Completed,93.1,Certified
T-01196,U-047,P-01856,Leadership,2026-01-21,Completed,85.3,Certified
T-01197,U-041,P-01455,Safety,2026-07-06,Completed,75.5,Pending
T-01198,U-051,P-01738,Leadership,2026-03-29,Completed,71.7,Pending
T-01199,U-026,P-02719,Leadership,2026-05-18,Completed,97.9,Certified
T-01200,U-052,P-01777,Core,2025-02-10,Completed,76.7,Pending
T-01201,U-037,P-01894,Leadership,2026-06-22,Incomplete,69.3,Pending
T-01202,U-043,P-00546,Advanced,2026-05-02,Incomplete,63.6,Pending
T-01203,U-030,P-00963,Advanced,2026-08-03,Completed,92.7,Certified
T-01204,U-021,P-00979,Safety,2025-04-06,Incomplete,67.6,Pending
T-01205,U-005,P-02721,Leadership,2026-05-26,Completed,87.4,Certified
T-01206,U-037,P-02304,Safety,2026-04-05,Completed,77.5,Pending
T-01207,U-006,P-00214,Safety,2025-09-25,Completed,75.1,Pending
T-01208,U-048,P-01650,Safety,2025-06-09,Incomplete,55.1,Pending
T-01209,U-060,P-00334,Advanced,2025-05-19,Completed,98.8,Certified
T-01210,U-019,P-00274,Core,2025-12-07,Incomplete,66.2,Pending
T-01211,U-040,P-02106,Advanced,2026-06-05,Completed,90.9,Certified
T-01212,U-028,P-02152,Advanced,2025-06-10,Completed,94.9,Certified
T-01213,U-014,P-02411,Safety,2025-12-08,Completed,84.5,Certified
T-01214,U-058,P-02048,Advanced,2025-02-26,Completed,72.9,Pending
T-01215,U-042,P-02098,Advanced,2026-05-26,Completed,78.5,Pending
T-01216,U-018,P-02801,Core,2025-01-11,Incomplete,56.4,Pending
T-01217,U-058,P-01710,Core,2025-12-21,Incomplete,60.7,Pending
T-01218,U-060,P-01156,Safety,2025-10-28,Incomplete,65.1,Pending
T-01219,U-055,P-02559,Leadership,2025-11-14,Incomplete,58.5,Pending
T-01220,U-024,P-01861,Safety,2026-07-09,Incomplete,55.1,Pending
T-01221,U-028,P-01627,Core,2026-03-27,Completed,77.0,Pending
T-01222,U-044,P-00649,Safety,2026-01-22,Incomplete,68.2,Pending
T-01223,U-050,P-00982,Leadership,2026-01-18,Incomplete,66.5,Pending
T-01224,U-001,P-02967,Safety,2025-04-17,Completed,93.6,Certified
T-01225,U-048,P-01711,Leadership,2026-04-12,Completed,97.0,Certified
T-01226,U-016,P-00732,Leadership,2025-06-17,Incomplete,67.0,Pending
T-01227,U-012,P-02293,Core,2025-03-27,Completed,84.9,Certified
T-01228,U-035,P-02922,Core,2026-01-17,Incomplete,66.1,Pending
T-01229,U-033,P-01631,Core,2025-03-06,Completed,74.1,Pending
T-01230,U-042,P-02773,Core,2026-06-08,Completed,94.0,Certified
T-01231,U-037,P-01906,Core,2025-01-08,Incomplete,60.3,Pending
T-01232,U-031,P-01097,Advanced,2025-02-16,Completed,90.4,Certified
T-01233,U-055,P-01952,Core,2025-06-03,Completed,91.4,Certified
T-01234,U-016,P-00707,Core,2026-07-23,Incomplete,58.5,Pending
T-01235,U-030,P-02387,Core,2025-11-17,Completed,84.2,Certified
T-01236,U-007,P-00144,Safety,2026-01-30,Incomplete,63.6,Pending
T-01237,U-010,P-00447,Core,2026-05-01,Completed,94.1,Certified
T-01238,U-058,P-00975,Leadership,2025-09-20,Incomplete,68.3,Pending
T-01239,U-007,P-00361,Safety,2026-01-08,Incomplete,67.5,Pending
T-01240,U-057,P-01229,Advanced,2025-09-11,Incomplete,69.7,Pending
T-01241,U-056,P-00846,Safety,2026-01-08,Completed,97.0,Certified
T-01242,U-001,P-02405,Safety,2025-03-31,Incomplete,58.4,Pending
T-01243,U-052,P-01430,Leadership,2025-07-18,Completed,84.5,Certified
T-01244,U-035,P-00097,Leadership,2025-07-24,Completed,86.1,Certified
T-01245,U-003,P-00954,Safety,2026-06-06,Completed,78.1,Pending
T-01246,U-047,P-01637,Core,2026-04-03,Completed,70.0,Pending
T-01247,U-042,P-01207,Safety,2025-07-03,Incomplete,66.8,Pending
T-01248,U-053,P-01299,Core,2025-03-07,Completed,93.1,Certified
T-01249,U-023,P-02322,Safety,2025-08-25,Incomplete,58.9,Pending
T-01250,U-018,P-01629,Core,2026-02-07,Incomplete,66.7,Pending
T-01251,U-006,P-02668,Leadership,2026-05-07,Completed,74.6,Pending
T-01252,U-009,P-01989,Core,2025-08-01,Completed,77.8,Pending
T-01253,U-016,P-01085,Safety,2025-06-03,Incomplete,57.9,Pending
T-01254,U-018,P-01123,Safety,2026-07-15,Completed,97.7,Certified
T-01255,U-059,P-01775,Core,2025-11-20,Incomplete,67.4,Pending
T-01256,U-060,P-00886,Core,2026-08-08,Completed,70.6,Pending
T-01257,U-008,P-00071,Advanced,2025-12-26,Completed,85.1,Certified
T-01258,U-006,P-00311,Safety,2025-02-10,Completed,92.5,Certified
T-01259,U-014,P-01551,Advanced,2025-09-21,Completed,97.2,Certified
T-01260,U-058,P-02610,Safety,2025-04-11,Completed,87.9,Certified
T-01261,U-054,P-00838,Leadership,2025-03-29,Incomplete,61.5,Pending
T-01262,U-019,P-00202,Core,2025-06-27,Incomplete,56.6,Pending
T-01263,U-029,P-01759,Safety,2025-08-30,Completed,89.5,Certified
T-01264,U-009,P-02116,Leadership,2025-01-27,Incomplete,66.9,Pending
T-01265,U-057,P-02499,Advanced,2025-01-18,Completed,80.2,Certified
T-01266,U-047,P-01485,Core,2026-01-28,Incomplete,57.2,Pending
T-01267,U-004,P-00866,Advanced,2025-09-07,Incomplete,65.8,Pending
T-01268,U-043,P-01602,Advanced,2025-05-18,Incomplete,60.7,Pending
T-01269,U-044,P-02263,Leadership,2025-05-03,Completed,74.3,Pending
T-01270,U-032,P-00456,Advanced,2025-10-28,Completed,99.2,Certified
T-01271,U-023,P-02351,Advanced,2026-06-08,Completed,88.4,Certified
T-01272,U-044,P-00868,Core,2026-03-14,Incomplete,55.1,Pending
T-01273,U-030,P-00710,Core,2026-06-09,Completed,94.2,Certified
T-01274,U-044,P-00868,Advanced,2025-10-02,Completed,96.0,Certified
T-01275,U-039,P-01492,Leadership,2026-08-08,Incomplete,60.2,Pending
T-01276,U-052,P-00366,Leadership,2025-05-06,Completed,77.2,Pending
T-01277,U-058,P-02794,Leadership,2025-01-09,Completed,87.2,Certified
T-01278,U-048,P-02013,Core,2025-04-08,Completed,82.9,Certified
T-01279,U-024,P-01935,Advanced,2025-08-31,Incomplete,61.3,Pending
T-01280,U-023,P-00936,Safety,2026-08-02,Completed,97.6,Certified
T-01281,U-053,P-00504,Advanced,2026-01-06,Incomplete,66.2,Pending
T-01282,U-056,P-00845,Safety,2025-09-11,Incomplete,58.7,Pending
T-01283,U-024,P-01443,Leadership,2025-05-21,Completed,74.4,Pending
T-01284,U-003,P-02943,Safety,2025-01-23,Incomplete,69.0,Pending
T-01285,U-047,P-01117,Core,2026-08-12,Completed,87.3,Certified
T-01286,U-021,P-01040,Leadership,2026-05-24,Incomplete,59.7,Pending
T-01287,U-012,P-00369,Leadership,2026-07-18,Completed,89.0,Certified
T-01288,U-023,P-00680,Advanced,2025-03-21,Completed,78.9,Pending
T-01289,U-034,P-02197,Safety,2025-10-20,Completed,84.3,Certified
T-01290,U-030,P-01582,Core,2026-02-14,Completed,79.6,Pending
T-01291,U-055,P-00798,Leadership,2025-01-05,Completed,71.9,Pending
T-01292,U-059,P-00869,Safety,2026-03-26,Completed,78.5,Pending
T-01293,U-031,P-00945,Advanced,2025-08-11,Incomplete,61.4,Pending
T-01294,U-014,P-00570,Safety,2025-06-12,Completed,98.1,Certified
T-01295,U-018,P-01773,Advanced,2026-02-07,Incomplete,64.0,Pending
T-01296,U-037,P-02099,Advanced,2025-12-15,Completed,88.6,Certified
T-01297,U-026,P-01030,Safety,2025-05-20,Incomplete,59.7,Pending
T-01298,U-031,P-02136,Safety,2026-05-04,Completed,90.0,Certified
T-01299,U-051,P-01423,Safety,2025-09-22,Completed,82.5,Certified
T-01300,U-048,P-01908,Core,2026-03-30,Incomplete,67.7,Pending
T-01301,U-051,P-01738,Safety,2025-10-03,Incomplete,69.0,Pending
T-01302,U-015,P-00320,Leadership,2025-11-03,Incomplete,55.2,Pending
T-01303,U-023,P-02736,Leadership,2025-11-26,Completed,87.9,Certified
T-01304,U-034,P-00748,Advanced,2025-06-30,Completed,89.0,Certified
T-01305,U-026,P-02372,Advanced,2025-10-02,Incomplete,66.1,Pending
T-01306,U-009,P-01225,Advanced,2025-10-12,Completed,92.6,Certified
T-01307,U-040,P-02978,Safety,2025-11-23,Completed,71.8,Pending
T-01308,U-005,P-00022,Leadership,2026-05-10,Completed,88.9,Certified
T-01309,U-011,P-01304,Safety,2026-05-21,Completed,96.5,Certified
T-01310,U-052,P-00559,Core,2025-11-26,Completed,87.3,Certified
T-01311,U-049,P-02740,Leadership,2026-03-10,Completed,75.3,Pending
T-01312,U-056,P-00729,Core,2025-04-17,Completed,70.6,Pending
T-01313,U-006,P-02892,Advanced,2025-07-11,Completed,74.3,Pending
T-01314,U-006,P-00108,Leadership,2026-03-31,Incomplete,68.5,Pending
T-01315,U-039,P-00512,Safety,2026-07-16,Incomplete,66.7,Pending
T-01316,U-020,P-01950,Safety,2025-05-13,Incomplete,62.4,Pending
T-01317,U-050,P-01760,Advanced,2026-06-16,Incomplete,60.3,Pending
T-01318,U-027,P-02806,Advanced,2025-01-06,Completed,99.0,Certified
T-01319,U-039,P-01322,Advanced,2025-02-22,Completed,88.8,Certified
T-01320,U-012,P-02293,Advanced,2025-01-22,Completed,93.5,Certified
T-01321,U-047,P-02968,Core,2026-05-29,Completed,76.3,Pending
T-01322,U-053,P-02108,Advanced,2025-02-06,Completed,95.4,Certified
T-01323,U-022,P-02377,Safety,2025-07-01,Completed,92.2,Certified
T-01324,U-041,P-02565,Safety,2025-05-28,Incomplete,60.2,Pending
T-01325,U-056,P-00801,Safety,2026-05-18,Completed,83.6,Certified
T-01326,U-043,P-02314,Core,2025-06-10,Incomplete,58.7,Pending
T-01327,U-023,P-02007,Advanced,2025-01-12,Completed,93.9,Certified
T-01328,U-034,P-00687,Core,2025-01-16,Incomplete,69.2,Pending
T-01329,U-038,P-02755,Advanced,2026-05-06,Completed,96.1,Certified
T-01330,U-036,P-02449,Advanced,2026-01-05,Completed,80.3,Certified
T-01331,U-038,P-01899,Advanced,2025-12-07,Completed,80.7,Certified
T-01332,U-018,P-02509,Safety,2025-08-05,Completed,86.1,Certified
T-01333,U-028,P-00692,Core,2025-08-26,Completed,74.4,Pending
T-01334,U-011,P-00730,Safety,2025-02-20,Completed,92.8,Certified
T-01335,U-025,P-02257,Leadership,2026-04-30,Incomplete,55.2,Pending
T-01336,U-051,P-02629,Advanced,2026-05-08,Incomplete,56.4,Pending
T-01337,U-041,P-02188,Core,2025-12-22,Incomplete,59.7,Pending
T-01338,U-019,P-00202,Safety,2025-06-01,Completed,95.3,Certified
T-01339,U-010,P-01203,Safety,2026-08-13,Completed,72.2,Pending
T-01340,U-041,P-00663,Core,2026-07-09,Completed,98.0,Certified
T-01341,U-040,P-01338,Safety,2025-03-28,Incomplete,60.3,Pending
T-01342,U-045,P-00766,Leadership,2026-01-28,Incomplete,61.3,Pending
T-01343,U-012,P-00187,Leadership,2025-10-24,Incomplete,56.0,Pending
T-01344,U-042,P-02367,Core,2025-04-16,Incomplete,67.6,Pending
T-01345,U-059,P-01811,Core,2025-08-29,Incomplete,59.9,Pending
T-01346,U-059,P-01662,Leadership,2025-09-12,Incomplete,68.3,Pending
T-01347,U-002,P-01931,Safety,2025-01-22,Incomplete,60.7,Pending
T-01348,U-057,P-00433,Leadership,2026-06-03,Incomplete,61.6,Pending
T-01349,U-033,P-01144,Advanced,2025-10-03,Completed,78.5,Pending
T-01350,U-017,P-00940,Leadership,2026-07-08,Completed,86.4,Certified
T-01351,U-010,P-02705,Leadership,2025-03-18,Completed,74.2,Pending
T-01352,U-006,P-01374,Advanced,2026-08-04,Incomplete,69.1,Pending
T-01353,U-051,P-02826,Safety,2025-11-28,Completed,89.3,Certified
T-01354,U-032,P-01987,Safety,2026-03-26,Incomplete,58.7,Pending
T-01355,U-001,P-02751,Leadership,2025-02-22,Completed,94.1,Certified
T-01356,U-053,P-00183,Core,2025-03-27,Completed,76.0,Pending
T-01357,U-026,P-02639,Core,2025-08-26,Completed,86.7,Certified
T-01358,U-043,P-01502,Leadership,2025-08-17,Incomplete,63.5,Pending
T-01359,U-033,P-01431,Core,2026-04-27,Completed,83.1,Certified
T-01360,U-029,P-00736,Core,2025-12-13,Incomplete,64.1,Pending
T-01361,U-051,P-02586,Safety,2026-06-30,Incomplete,58.9,Pending
T-01362,U-020,P-02956,Leadership,2026-03-07,Completed,96.9,Certified
T-01363,U-045,P-01015,Core,2025-10-06,Completed,91.8,Certified
T-01364,U-028,P-02731,Leadership,2025-02-27,Incomplete,65.0,Pending
T-01365,U-030,P-01538,Safety,2025-11-08,Incomplete,59.9,Pending
T-01366,U-021,P-00598,Core,2025-04-26,Completed,93.6,Certified
T-01367,U-017,P-02855,Safety,2025-09-20,Completed,78.5,Pending
T-01368,U-037,P-02447,Core,2025-06-01,Completed,86.9,Certified
T-01369,U-036,P-02971,Safety,2025-12-10,Completed,86.9,Certified
T-01370,U-028,P-00482,Advanced,2026-02-08,Completed,76.4,Pending
T-01371,U-051,P-02680,Safety,2026-07-16,Completed,72.5,Pending
T-01372,U-056,P-00492,Core,2025-08-12,Incomplete,67.5,Pending
T-01373,U-013,P-01846,Core,2025-01-01,Completed,95.6,Certified
T-01374,U-039,P-02867,Core,2025-04-30,Incomplete,59.2,Pending
T-01375,U-041,P-00441,Leadership,2025-09-11,Incomplete,55.2,Pending
T-01376,U-026,P-02275,Safety,2025-10-05,Incomplete,62.4,Pending
T-01377,U-046,P-00964,Safety,2025-09-29,Incomplete,62.2,Pending
T-01378,U-026,P-02329,Safety,2025-03-24,Completed,92.0,Certified
T-01379,U-003,P-02729,Core,2026-05-14,Completed,78.1,Pending
T-01380,U-027,P-02051,Safety,2025-11-30,Completed,84.4,Certified
T-01381,U-018,P-00267,Core,2025-12-21,Completed,99.6,Certified
T-01382,U-057,P-01168,Leadership,2026-07-26,Completed,94.3,Certified
T-01383,U-008,P-00168,Advanced,2025-10-04,Completed,95.2,Certified
T-01384,U-037,P-01504,Safety,2026-07-01,Completed,82.1,Certified
T-01385,U-017,P-02435,Safety,2025-10-07,Incomplete,64.2,Pending
T-01386,U-043,P-00203,Core,2025-02-04,Completed,78.6,Pending
T-01387,U-019,P-00024,Safety,2026-02-15,Completed,73.7,Pending
T-01388,U-025,P-02512,Advanced,2025-07-12,Completed,79.3,Pending
T-01389,U-005,P-00781,Leadership,2025-06-22,Incomplete,58.9,Pending
T-01390,U-026,P-01595,Safety,2025-01-18,Completed,91.0,Certified
T-01391,U-058,P-02868,Core,2026-04-03,Incomplete,65.7,Pending
T-01392,U-058,P-01422,Core,2026-03-17,Incomplete,55.1,Pending
T-01393,U-058,P-01140,Core,2025-03-03,Incomplete,55.9,Pending
T-01394,U-024,P-01539,Core,2026-08-13,Completed,75.1,Pending
T-01395,U-016,P-00429,Leadership,2026-01-14,Completed,74.9,Pending
T-01396,U-024,P-00402,Safety,2025-06-16,Incomplete,55.8,Pending
T-01397,U-049,P-00105,Safety,2025-08-09,Completed,79.3,Pending
T-01398,U-001,P-02967,Safety,2025-12-29,Completed,77.4,Pending
T-01399,U-037,P-02829,Advanced,2025-07-12,Completed,71.1,Pending
T-01400,U-017,P-00349,Leadership,2026-01-30,Completed,78.6,Pending
T-01401,U-014,P-02937,Advanced,2025-09-19,Completed,70.0,Pending
T-01402,U-037,P-01894,Core,2025-06-01,Completed,98.0,Certified
T-01403,U-038,P-01681,Core,2025-01-08,Completed,78.3,Pending
T-01404,U-024,P-01921,Leadership,2025-09-02,Completed,83.2,Certified
T-01405,U-009,P-00721,Leadership,2025-02-10,Incomplete,57.7,Pending
T-01406,U-010,P-02574,Core,2026-05-18,Completed,91.7,Certified
T-01407,U-028,P-02571,Core,2026-04-21,Completed,89.9,Certified
T-01408,U-018,P-01736,Advanced,2025-12-01,Incomplete,60.8,Pending
T-01409,U-006,P-01374,Core,2025-03-28,Completed,96.3,Certified
T-01410,U-051,P-02650,Core,2025-06-19,Completed,88.3,Certified
T-01411,U-022,P-01802,Core,2026-01-07,Completed,75.9,Pending
T-01412,U-053,P-00391,Leadership,2026-05-30,Completed,79.5,Pending
T-01413,U-045,P-01090,Safety,2026-02-03,Incomplete,69.0,Pending
T-01414,U-011,P-01919,Core,2025-03-04,Completed,74.6,Pending
T-01415,U-036,P-01041,Advanced,2025-12-20,Completed,94.1,Certified
T-01416,U-002,P-02492,Leadership,2025-11-20,Completed,75.0,Pending
T-01417,U-037,P-02036,Safety,2025-09-20,Incomplete,59.2,Pending
T-01418,U-003,P-01222,Safety,2026-03-28,Completed,94.4,Certified
T-01419,U-010,P-02328,Safety,2025-03-31,Completed,84.9,Certified
T-01420,U-016,P-02438,Safety,2026-08-11,Completed,72.6,Pending
T-01421,U-050,P-02521,Core,2025-09-28,Incomplete,55.8,Pending
T-01422,U-039,P-00115,Core,2025-12-09,Completed,86.2,Certified
T-01423,U-009,P-01244,Safety,2025-11-15,Completed,96.9,Certified
T-01424,U-043,P-02341,Safety,2025-05-29,Completed,74.0,Pending
T-01425,U-048,P-00449,Advanced,2026-07-19,Completed,73.9,Pending
T-01426,U-018,P-02520,Advanced,2025-02-19,Completed,75.6,Pending
T-01427,U-045,P-01874,Leadership,2026-02-16,Completed,95.5,Certified
T-01428,U-021,P-01991,Advanced,2025-09-20,Completed,71.0,Pending
T-01429,U-026,P-02639,Core,2025-09-04,Incomplete,68.4,Pending
T-01430,U-018,P-00426,Safety,2026-05-08,Completed,92.7,Certified
T-01431,U-028,P-02414,Core,2026-02-19,Completed,81.7,Certified
T-01432,U-058,P-01422,Core,2025-04-15,Completed,90.3,Certified
T-01433,U-013,P-00537,Core,2026-04-30,Incomplete,67.5,Pending
T-01434,U-023,P-01793,Leadership,2025-08-18,Completed,79.8,Pending
T-01435,U-036,P-01341,Leadership,2026-06-08,Incomplete,56.9,Pending
T-01436,U-008,P-00200,Advanced,2025-05-30,Completed,94.3,Certified
T-01437,U-007,P-01883,Leadership,2026-03-02,Incomplete,60.4,Pending
T-01438,U-050,P-00702,Advanced,2026-01-02,Incomplete,64.3,Pending
T-01439,U-050,P-00739,Core,2025-03-28,Completed,95.7,Certified
T-01440,U-015,P-01889,Leadership,2025-06-27,Completed,99.9,Certified
T-01441,U-058,P-01707,Core,2025-07-28,Completed,70.4,Pending
T-01442,U-042,P-00521,Leadership,2025-04-11,Completed,90.7,Certified
T-01443,U-014,P-00778,Safety,2025-05-20,Completed,70.1,Pending
T-01444,U-058,P-01854,Core,2025-03-26,Completed,96.4,Certified
T-01445,U-001,P-02751,Advanced,2025-08-07,Completed,99.4,Certified
T-01446,U-013,P-00829,Advanced,2025-02-28,Completed,84.1,Certified
T-01447,U-045,P-00212,Advanced,2025-02-14,Incomplete,62.5,Pending
T-01448,U-027,P-01129,Leadership,2026-04-28,Completed,92.4,Certified
T-01449,U-024,P-01266,Leadership,2025-04-07,Incomplete,55.8,Pending
T-01450,U-038,P-02231,Safety,2025-08-14,Completed,96.6,Certified
T-01451,U-015,P-00953,Core,2025-12-15,Incomplete,60.1,Pending
T-01452,U-037,P-01654,Advanced,2025-11-28,Incomplete,68.3,Pending
T-01453,U-007,P-01699,Leadership,2025-12-14,Incomplete,63.0,Pending
T-01454,U-058,P-00792,Safety,2026-07-10,Completed,85.9,Certified
T-01455,U-008,P-00970,Safety,2026-07-31,Incomplete,65.7,Pending
T-01456,U-010,P-00618,Advanced,2026-03-01,Incomplete,60.0,Pending
T-01457,U-032,P-01038,Leadership,2025-03-06,Completed,71.4,Pending
T-01458,U-021,P-01550,Advanced,2025-02-18,Completed,72.3,Pending
T-01459,U-023,P-00850,Advanced,2025-04-09,Completed,99.8,Certified
T-01460,U-037,P-01778,Core,2026-04-23,Completed,89.1,Certified
T-01461,U-040,P-00013,Advanced,2025-03-27,Incomplete,59.3,Pending
T-01462,U-056,P-02871,Safety,2025-12-11,Completed,92.1,Certified
T-01463,U-042,P-02005,Core,2025-05-18,Incomplete,66.8,Pending
T-01464,U-036,P-01507,Core,2026-07-12,Incomplete,59.5,Pending
T-01465,U-034,P-02238,Advanced,2025-10-25,Incomplete,63.6,Pending
T-01466,U-030,P-00063,Core,2026-04-26,Completed,93.5,Certified
T-01467,U-034,P-02356,Safety,2025-09-30,Completed,87.1,Certified
T-01468,U-057,P-02857,Safety,2026-04-30,Completed,86.9,Certified
T-01469,U-026,P-01790,Leadership,2025-06-04,Completed,88.2,Certified
T-01470,U-034,P-01409,Leadership,2025-04-16,Incomplete,64.1,Pending
T-01471,U-033,P-00420,Advanced,2025-02-14,Completed,76.8,Pending
T-01472,U-003,P-00935,Safety,2026-05-07,Incomplete,68.7,Pending
T-01473,U-045,P-02835,Leadership,2025-12-15,Incomplete,67.1,Pending
T-01474,U-001,P-01560,Advanced,2025-08-02,Completed,70.5,Pending
T-01475,U-019,P-00024,Advanced,2025-07-09,Incomplete,57.1,Pending
T-01476,U-002,P-01199,Advanced,2025-08-25,Completed,99.0,Certified
T-01477,U-050,P-01844,Leadership,2025-11-15,Incomplete,59.1,Pending
T-01478,U-018,P-00934,Advanced,2025-12-31,Completed,99.5,Certified
T-01479,U-011,P-00347,Leadership,2025-06-13,Completed,91.5,Certified
T-01480,U-048,P-00269,Safety,2025-05-17,Incomplete,58.0,Pending
T-01481,U-038,P-02514,Core,2025-08-06,Incomplete,62.3,Pending
T-01482,U-011,P-02972,Leadership,2026-03-16,Incomplete,57.5,Pending
T-01483,U-060,P-02583,Core,2025-04-30,Incomplete,66.5,Pending
T-01484,U-039,P-02981,Leadership,2025-09-09,Completed,89.8,Certified
T-01485,U-025,P-00308,Core,2025-04-28,Incomplete,56.8,Pending
T-01486,U-010,P-00127,Safety,2026-02-06,Completed,98.0,Certified
T-01487,U-036,P-00147,Safety,2025-07-10,Incomplete,57.2,Pending
T-01488,U-023,P-02656,Safety,2025-12-15,Completed,96.6,Certified
T-01489,U-006,P-01586,Leadership,2025-12-21,Completed,95.4,Certified
T-01490,U-007,P-00365,Safety,2025-08-04,Incomplete,55.9,Pending
T-01491,U-024,P-01935,Advanced,2025-05-19,Completed,85.9,Certified
T-01492,U-047,P-01882,Advanced,2026-08-11,Completed,89.8,Certified
T-01493,U-007,P-00749,Core,2025-06-20,Completed,88.2,Certified
T-01494,U-031,P-01395,Advanced,2025-11-11,Completed,90.5,Certified
T-01495,U-046,P-01098,Core,2026-05-19,Completed,78.8,Pending
T-01496,U-060,P-01677,Leadership,2026-01-01,Completed,81.9,Certified
T-01497,U-008,P-01896,Leadership,2025-11-19,Completed,76.3,Pending
T-01498,U-059,P-01278,Safety,2025-06-18,Incomplete,64.6,Pending
T-01499,U-038,P-02270,Safety,2026-03-10,Completed,80.5,Certified
T-01500,U-029,P-00967,Advanced,2025-10-30,Completed,89.3,Certified
T-01501,U-053,P-01403,Safety,2026-04-10,Completed,85.8,Certified
T-01502,U-060,P-01072,Core,2025-03-20,Completed,81.2,Certified
T-01503,U-013,P-01664,Safety,2026-04-22,Incomplete,56.5,Pending
T-01504,U-029,P-02229,Core,2026-07-26,Completed,85.6,Certified
T-01505,U-010,P-00648,Advanced,2025-09-30,Incomplete,61.5,Pending
T-01506,U-049,P-02782,Safety,2025-10-13,Incomplete,67.2,Pending
T-01507,U-038,P-01860,Safety,2026-07-03,Completed,90.5,Certified
T-01508,U-033,P-01245,Leadership,2025-11-14,Completed,78.6,Pending
T-01509,U-016,P-01234,Core,2025-09-26,Completed,98.7,Certified
T-01510,U-013,P-00726,Safety,2026-04-20,Incomplete,60.3,Pending
T-01511,U-022,P-00576,Core,2025-09-20,Completed,82.9,Certified
T-01512,U-004,P-00543,Core,2026-05-07,Completed,72.1,Pending
T-01513,U-044,P-00264,Core,2025-10-04,Incomplete,64.9,Pending
T-01514,U-025,P-00960,Advanced,2026-03-28,Completed,95.7,Certified
T-01515,U-023,P-01652,Leadership,2025-04-29,Completed,90.4,Certified
T-01516,U-011,P-00542,Safety,2025-11-27,Incomplete,64.5,Pending
T-01517,U-033,P-01082,Advanced,2025-12-10,Completed,71.5,Pending
T-01518,U-047,P-02968,Core,2025-08-01,Completed,80.7,Certified
T-01519,U-030,P-01809,Core,2026-02-28,Incomplete,62.8,Pending
T-01520,U-006,P-01920,Advanced,2025-03-03,Completed,74.9,Pending
T-01521,U-034,P-02541,Leadership,2026-07-30,Completed,98.3,Certified
T-01522,U-010,P-00109,Advanced,2025-09-19,Incomplete,65.9,Pending
T-01523,U-044,P-01640,Advanced,2025-02-22,Completed,80.2,Certified
T-01524,U-024,P-02927,Advanced,2026-07-31,Completed,76.5,Pending
T-01525,U-041,P-00475,Core,2025-07-14,Completed,91.8,Certified
T-01526,U-042,P-02249,Core,2026-06-07,Completed,97.0,Certified
T-01527,U-035,P-02955,Safety,2025-01-14,Incomplete,64.5,Pending
T-01528,U-026,P-01813,Safety,2026-06-29,Incomplete,65.6,Pending
T-01529,U-015,P-02616,Safety,2025-01-12,Completed,97.3,Certified
T-01530,U-039,P-01488,Core,2025-12-21,Incomplete,56.7,Pending
T-01531,U-049,P-00385,Safety,2026-03-01,Completed,85.8,Certified
T-01532,U-043,P-00546,Safety,2026-02-09,Completed,75.7,Pending
T-01533,U-060,P-02600,Core,2026-04-26,Completed,73.3,Pending
T-01534,U-020,P-02893,Advanced,2026-04-19,Completed,88.9,Certified
T-01535,U-044,P-02931,Advanced,2026-06-02,Incomplete,63.0,Pending
T-01536,U-007,P-00505,Safety,2025-10-03,Completed,98.1,Certified
T-01537,U-030,P-01486,Safety,2025-03-27,Completed,73.4,Pending
T-01538,U-032,P-02906,Safety,2026-04-09,Completed,93.1,Certified
T-01539,U-003,P-01405,Core,2025-03-13,Incomplete,64.2,Pending
T-01540,U-008,P-01213,Advanced,2025-09-07,Incomplete,66.7,Pending
T-01541,U-029,P-02229,Safety,2025-10-18,Incomplete,66.8,Pending
T-01542,U-043,P-01367,Core,2025-05-09,Completed,91.0,Certified
T-01543,U-001,P-02685,Core,2026-06-18,Incomplete,61.4,Pending
T-01544,U-012,P-02651,Safety,2026-07-28,Completed,98.2,Certified
T-01545,U-021,P-00411,Advanced,2025-02-24,Incomplete,64.2,Pending
T-01546,U-059,P-01466,Advanced,2025-02-27,Completed,94.4,Certified
T-01547,U-024,P-02268,Advanced,2025-01-25,Completed,80.8,Certified
T-01548,U-026,P-02318,Advanced,2025-06-05,Completed,86.6,Certified
T-01549,U-014,P-02918,Safety,2025-03-12,Incomplete,56.8,Pending
T-01550,U-058,P-02048,Leadership,2025-02-16,Completed,74.2,Pending
T-01551,U-029,P-02785,Advanced,2026-07-15,Completed,73.2,Pending
T-01552,U-007,P-00651,Leadership,2026-02-23,Completed,79.9,Pending
T-01553,U-006,P-01837,Core,2025-01-08,Incomplete,68.0,Pending
T-01554,U-016,P-02451,Leadership,2026-05-15,Completed,97.5,Certified
T-01555,U-058,P-00907,Safety,2026-02-24,Incomplete,69.7,Pending
T-01556,U-030,P-00759,Safety,2025-01-19,Completed,71.4,Pending
T-01557,U-030,P-02994,Core,2025-08-11,Incomplete,60.2,Pending
T-01558,U-039,P-01492,Advanced,2025-02-23,Completed,70.0,Pending
T-01559,U-024,P-00485,Advanced,2025-09-16,Incomplete,62.3,Pending
T-01560,U-054,P-02805,Leadership,2025-09-22,Completed,99.8,Certified
T-01561,U-047,P-01593,Advanced,2026-04-22,Completed,74.3,Pending
T-01562,U-026,P-00253,Safety,2026-03-22,Completed,74.2,Pending
T-01563,U-008,P-01223,Advanced,2025-03-30,Incomplete,68.1,Pending
T-01564,U-046,P-01098,Advanced,2025-05-03,Completed,78.2,Pending
T-01565,U-037,P-00304,Safety,2025-12-05,Completed,82.9,Certified
T-01566,U-012,P-02859,Core,2025-12-22,Completed,77.2,Pending
T-01567,U-040,P-01536,Advanced,2025-06-16,Incomplete,69.4,Pending
T-01568,U-039,P-00413,Safety,2025-12-27,Completed,72.8,Pending
T-01569,U-047,P-01300,Leadership,2025-10-19,Incomplete,55.0,Pending
T-01570,U-012,P-01505,Advanced,2026-02-06,Incomplete,55.6,Pending
T-01571,U-026,P-00221,Advanced,2026-07-28,Completed,75.8,Pending
T-01572,U-033,P-02060,Advanced,2025-06-03,Incomplete,67.7,Pending
T-01573,U-001,P-02986,Leadership,2026-02-02,Completed,92.2,Certified
T-01574,U-042,P-02071,Core,2025-04-11,Completed,81.0,Certified
T-01575,U-045,P-00128,Safety,2025-07-04,Completed,73.0,Pending
T-01576,U-050,P-02172,Safety,2025-07-20,Completed,70.5,Pending
T-01577,U-014,P-00132,Advanced,2026-03-12,Incomplete,69.1,Pending
T-01578,U-004,P-00423,Core,2026-03-19,Completed,97.7,Certified
T-01579,U-042,P-00957,Core,2026-04-17,Completed,84.4,Certified
T-01580,U-045,P-02614,Safety,2025-05-23,Incomplete,62.3,Pending
T-01581,U-005,P-00120,Safety,2025-02-24,Incomplete,57.0,Pending
T-01582,U-050,P-00751,Safety,2025-01-05,Completed,84.2,Certified
T-01583,U-026,P-01813,Advanced,2026-03-30,Completed,80.7,Certified
T-01584,U-042,P-01941,Core,2025-02-18,Completed,88.0,Certified
T-01585,U-052,P-01076,Core,2025-12-23,Completed,77.9,Pending
T-01586,U-021,P-02448,Safety,2025-09-29,Incomplete,56.1,Pending
T-01587,U-040,P-00700,Safety,2026-07-24,Completed,94.7,Certified
T-01588,U-038,P-01832,Core,2025-11-12,Completed,78.5,Pending
T-01589,U-036,P-00430,Leadership,2025-04-17,Completed,89.5,Certified
T-01590,U-047,P-01067,Leadership,2026-05-15,Incomplete,55.3,Pending
T-01591,U-021,P-02361,Core,2025-11-28,Completed,89.2,Certified
T-01592,U-004,P-02860,Advanced,2025-05-18,Completed,97.4,Certified
T-01593,U-043,P-02423,Advanced,2026-04-13,Incomplete,60.2,Pending
T-01594,U-054,P-02589,Core,2025-03-06,Completed,89.6,Certified
T-01595,U-033,P-01631,Safety,2025-01-15,Completed,80.0,Certified
T-01596,U-013,P-01263,Leadership,2025-08-30,Completed,86.4,Certified
T-01597,U-005,P-00942,Safety,2026-04-28,Incomplete,55.5,Pending
T-01598,U-057,P-02627,Safety,2025-04-15,Completed,81.8,Certified
T-01599,U-037,P-01288,Advanced,2026-05-29,Completed,84.5,Certified
T-01600,U-004,P-01237,Leadership,2026-05-18,Incomplete,61.2,Pending
T-01601,U-007,P-01871,Leadership,2025-12-11,Incomplete,67.5,Pending
T-01602,U-057,P-00992,Safety,2026-02-22,Completed,90.0,Certified
T-01603,U-010,P-01537,Leadership,2026-07-24,Completed,89.3,Certified
T-01604,U-058,P-01408,Advanced,2026-03-30,Completed,92.2,Certified
T-01605,U-044,P-00416,Advanced,2026-02-11,Completed,72.0,Pending
T-01606,U-052,P-00279,Core,2025-04-07,Completed,84.4,Certified
T-01607,U-023,P-01659,Safety,2026-01-16,Completed,91.2,Certified
T-01608,U-029,P-00567,Leadership,2025-05-01,Incomplete,69.0,Pending
T-01609,U-008,P-01763,Safety,2026-05-18,Completed,78.5,Pending
T-01610,U-038,P-02244,Leadership,2025-09-11,Incomplete,62.4,Pending
T-01611,U-021,P-01118,Advanced,2025-06-27,Completed,87.9,Certified
T-01612,U-049,P-01330,Core,2025-03-25,Incomplete,59.0,Pending
T-01613,U-023,P-00111,Advanced,2025-05-01,Incomplete,62.4,Pending
T-01614,U-046,P-01098,Core,2025-10-04,Completed,80.7,Certified
T-01615,U-014,P-00314,Core,2025-05-13,Incomplete,57.4,Pending
T-01616,U-012,P-00187,Leadership,2025-11-09,Completed,91.3,Certified
T-01617,U-046,P-01915,Core,2025-11-17,Incomplete,66.6,Pending
T-01618,U-059,P-02813,Leadership,2025-04-09,Completed,76.4,Pending
T-01619,U-045,P-02409,Safety,2025-05-13,Completed,94.1,Certified
T-01620,U-040,P-00774,Core,2025-07-10,Completed,90.0,Certified
T-01621,U-034,P-00278,Safety,2026-07-06,Incomplete,62.8,Pending
T-01622,U-006,P-00632,Leadership,2025-01-09,Incomplete,66.8,Pending
T-01623,U-046,P-02085,Leadership,2025-02-14,Completed,98.6,Certified
T-01624,U-022,P-02395,Safety,2026-04-05,Incomplete,63.1,Pending
T-01625,U-009,P-01103,Leadership,2025-10-23,Completed,88.0,Certified
T-01626,U-005,P-00671,Advanced,2025-11-14,Incomplete,69.9,Pending
T-01627,U-041,P-02781,Advanced,2026-01-31,Completed,75.8,Pending
T-01628,U-055,P-02559,Safety,2025-10-27,Completed,94.5,Certified
T-01629,U-012,P-01633,Advanced,2025-01-02,Completed,73.3,Pending
T-01630,U-042,P-01982,Advanced,2026-08-09,Completed,89.9,Certified
T-01631,U-020,P-01881,Advanced,2025-04-29,Incomplete,61.7,Pending
T-01632,U-009,P-02950,Leadership,2025-01-27,Completed,96.9,Certified
T-01633,U-055,P-02084,Advanced,2025-08-02,Completed,94.6,Certified
T-01634,U-057,P-01240,Safety,2025-12-25,Completed,89.0,Certified
T-01635,U-031,P-00945,Safety,2025-02-17,Completed,81.2,Certified
T-01636,U-042,P-02249,Core,2025-07-25,Incomplete,62.8,Pending
T-01637,U-007,P-02104,Safety,2026-02-03,Completed,87.4,Certified
T-01638,U-036,P-02870,Core,2025-05-22,Completed,93.6,Certified
T-01639,U-008,P-02282,Core,2025-06-07,Incomplete,68.6,Pending
T-01640,U-033,P-01847,Leadership,2025-05-16,Completed,78.3,Pending
T-01641,U-026,P-02700,Safety,2025-10-31,Completed,72.0,Pending
T-01642,U-055,P-00446,Safety,2026-04-14,Completed,85.8,Certified
T-01643,U-007,P-02456,Safety,2026-04-12,Incomplete,57.5,Pending
T-01644,U-024,P-01337,Advanced,2026-05-18,Incomplete,58.7,Pending
T-01645,U-015,P-02593,Leadership,2025-01-19,Completed,82.3,Certified
T-01646,U-029,P-01767,Advanced,2025-09-13,Incomplete,55.9,Pending
T-01647,U-007,P-02800,Core,2025-01-17,Completed,78.3,Pending
T-01648,U-049,P-00057,Advanced,2026-04-29,Completed,85.7,Certified
T-01649,U-034,P-02197,Leadership,2026-07-20,Incomplete,55.4,Pending
T-01650,U-014,P-00570,Leadership,2025-11-18,Completed,83.2,Certified
T-01651,U-037,P-02587,Core,2025-05-31,Incomplete,69.1,Pending
T-01652,U-023,P-00612,Advanced,2025-05-04,Incomplete,63.1,Pending
T-01653,U-048,P-00524,Core,2026-02-13,Completed,78.1,Pending
T-01654,U-007,P-02554,Safety,2026-07-04,Incomplete,55.9,Pending
T-01655,U-059,P-00890,Advanced,2025-06-03,Completed,89.8,Certified
T-01656,U-052,P-00933,Advanced,2025-08-19,Incomplete,62.5,Pending
T-01657,U-022,P-01250,Safety,2025-03-15,Incomplete,66.7,Pending
T-01658,U-027,P-01606,Advanced,2026-07-24,Completed,93.2,Certified
T-01659,U-047,P-02151,Core,2025-09-18,Completed,97.0,Certified
T-01660,U-048,P-02226,Safety,2026-07-09,Completed,81.3,Certified
T-01661,U-040,P-02742,Advanced,2025-08-08,Incomplete,62.5,Pending
T-01662,U-032,P-02809,Advanced,2025-06-30,Completed,98.0,Certified
T-01663,U-030,P-02057,Safety,2026-03-12,Completed,97.3,Certified
T-01664,U-008,P-01619,Leadership,2025-03-25,Incomplete,60.4,Pending
T-01665,U-057,P-00186,Core,2026-06-06,Completed,77.9,Pending
T-01666,U-059,P-01639,Core,2025-09-03,Incomplete,63.9,Pending
T-01667,U-006,P-02635,Safety,2025-07-02,Incomplete,65.2,Pending
T-01668,U-025,P-00331,Safety,2026-01-01,Completed,90.1,Certified
T-01669,U-004,P-01237,Advanced,2025-06-08,Incomplete,66.6,Pending
T-01670,U-024,P-01959,Core,2025-09-28,Incomplete,56.3,Pending
T-01671,U-052,P-02114,Leadership,2025-09-27,Completed,95.9,Certified
T-01672,U-020,P-01042,Advanced,2025-12-18,Incomplete,62.4,Pending
T-01673,U-058,P-02513,Leadership,2025-07-25,Completed,85.7,Certified
T-01674,U-039,P-00131,Safety,2026-06-12,Incomplete,64.8,Pending
T-01675,U-010,P-01494,Advanced,2026-03-25,Completed,84.1,Certified
T-01676,U-038,P-01102,Advanced,2025-02-21,Completed,93.1,Certified
T-01677,U-006,P-00214,Core,2026-07-18,Completed,73.0,Pending
T-01678,U-014,P-01010,Leadership,2026-05-15,Incomplete,55.1,Pending
T-01679,U-036,P-00997,Leadership,2026-05-10,Completed,98.0,Certified
T-01680,U-059,P-01489,Safety,2026-06-16,Completed,97.9,Certified
T-01681,U-028,P-01810,Core,2025-11-21,Completed,95.7,Certified
T-01682,U-031,P-01917,Advanced,2025-08-27,Completed,92.8,Certified
T-01683,U-025,P-01362,Advanced,2026-05-26,Completed,99.8,Certified
T-01684,U-054,P-02416,Advanced,2025-09-10,Completed,98.5,Certified
T-01685,U-041,P-02188,Safety,2025-02-27,Completed,87.6,Certified
T-01686,U-040,P-01338,Safety,2026-04-15,Completed,74.7,Pending
T-01687,U-051,P-01556,Advanced,2026-04-20,Completed,89.3,Certified
T-01688,U-044,P-02149,Core,2026-04-18,Incomplete,60.4,Pending
T-01689,U-042,P-02481,Advanced,2025-10-14,Completed,83.4,Certified
T-01690,U-029,P-02216,Safety,2025-06-12,Incomplete,56.6,Pending
T-01691,U-050,P-00655,Advanced,2026-04-11,Incomplete,66.8,Pending
T-01692,U-047,P-01343,Leadership,2025-09-09,Completed,74.2,Pending
T-01693,U-004,P-01830,Core,2026-05-03,Incomplete,61.8,Pending
T-01694,U-040,P-02978,Core,2025-03-07,Completed,86.2,Certified
T-01695,U-016,P-00461,Safety,2025-12-07,Completed,75.1,Pending
T-01696,U-009,P-02841,Leadership,2025-10-29,Completed,72.6,Pending
T-01697,U-006,P-01966,Core,2025-02-14,Incomplete,66.2,Pending
T-01698,U-050,P-01715,Safety,2025-11-01,Completed,75.4,Pending
T-01699,U-047,P-01067,Core,2026-05-18,Completed,86.1,Certified
T-01700,U-003,P-00510,Leadership,2026-05-19,Completed,86.5,Certified
T-01701,U-040,P-02128,Core,2025-08-29,Completed,95.3,Certified
T-01702,U-027,P-00075,Safety,2026-08-13,Completed,91.5,Certified
T-01703,U-026,P-00556,Core,2025-01-10,Incomplete,64.9,Pending
T-01704,U-003,P-02295,Safety,2025-05-04,Incomplete,64.6,Pending
T-01705,U-002,P-02185,Core,2025-11-24,Completed,76.6,Pending
T-01706,U-039,P-02896,Core,2025-07-20,Incomplete,69.1,Pending
T-01707,U-028,P-02528,Core,2025-08-24,Completed,83.1,Certified
T-01708,U-046,P-02088,Core,2025-07-14,Completed,97.4,Certified
T-01709,U-024,P-01513,Core,2025-09-13,Incomplete,67.1,Pending
T-01710,U-039,P-01807,Core,2025-06-04,Completed,88.1,Certified
T-01711,U-021,P-02914,Core,2025-10-05,Completed,80.7,Certified
T-01712,U-025,P-02257,Core,2026-07-09,Completed,95.5,Certified
T-01713,U-013,P-02043,Leadership,2025-08-22,Completed,86.6,Certified
T-01714,U-033,P-00566,Advanced,2026-05-08,Completed,86.2,Certified
T-01715,U-028,P-02152,Advanced,2026-06-19,Incomplete,56.8,Pending
T-01716,U-046,P-00964,Leadership,2025-08-04,Completed,94.7,Certified
T-01717,U-060,P-02368,Core,2026-03-06,Incomplete,59.2,Pending
T-01718,U-016,P-00732,Leadership,2026-04-17,Incomplete,56.4,Pending
T-01719,U-028,P-02302,Advanced,2025-02-11,Completed,73.7,Pending
T-01720,U-058,P-00912,Leadership,2025-03-11,Completed,79.4,Pending
T-01721,U-043,P-02341,Leadership,2026-05-07,Completed,89.0,Certified
T-01722,U-001,P-00161,Leadership,2026-07-05,Completed,76.0,Pending
T-01723,U-027,P-01667,Safety,2025-10-07,Completed,93.1,Certified
T-01724,U-018,P-01123,Core,2026-07-13,Completed,81.4,Certified
T-01725,U-060,P-01438,Core,2025-12-18,Incomplete,58.7,Pending
T-01726,U-045,P-01077,Leadership,2025-06-29,Completed,85.1,Certified
T-01727,U-049,P-01323,Leadership,2025-08-23,Completed,70.0,Pending
T-01728,U-006,P-00061,Core,2026-06-23,Completed,88.1,Certified
T-01729,U-034,P-02025,Safety,2025-06-29,Incomplete,61.1,Pending
T-01730,U-057,P-00919,Advanced,2026-05-02,Incomplete,55.7,Pending
T-01731,U-021,P-00737,Safety,2025-06-12,Completed,76.8,Pending
T-01732,U-012,P-00470,Advanced,2026-05-14,Completed,85.9,Certified
T-01733,U-057,P-02989,Advanced,2025-09-05,Completed,98.7,Certified
T-01734,U-017,P-00283,Safety,2025-08-15,Completed,93.9,Certified
T-01735,U-019,P-01177,Leadership,2026-01-28,Incomplete,58.1,Pending
T-01736,U-030,P-00958,Leadership,2026-04-19,Completed,79.4,Pending
T-01737,U-035,P-01799,Leadership,2025-05-16,Completed,89.1,Certified
T-01738,U-037,P-01906,Core,2026-08-09,Completed,74.8,Pending
T-01739,U-046,P-02085,Leadership,2025-01-28,Completed,86.5,Certified
T-01740,U-043,P-01444,Safety,2026-02-08,Incomplete,63.5,Pending
T-01741,U-030,P-02994,Leadership,2025-10-21,Incomplete,69.9,Pending
T-01742,U-013,P-00250,Advanced,2025-09-23,Completed,82.6,Certified
T-01743,U-037,P-02829,Leadership,2026-06-01,Completed,84.1,Certified
T-01744,U-014,P-02006,Safety,2026-02-15,Incomplete,59.2,Pending
T-01745,U-044,P-00649,Core,2026-05-25,Completed,82.6,Certified
T-01746,U-038,P-01968,Leadership,2025-01-20,Completed,88.8,Certified
T-01747,U-038,P-01334,Core,2026-07-11,Incomplete,65.9,Pending
T-01748,U-044,P-00264,Core,2025-01-24,Incomplete,58.8,Pending
T-01749,U-039,P-00131,Leadership,2026-07-08,Completed,76.7,Pending
T-01750,U-026,P-00969,Core,2026-06-15,Completed,98.8,Certified
T-01751,U-042,P-00641,Advanced,2026-05-04,Completed,88.0,Certified
T-01752,U-001,P-02619,Leadership,2025-02-18,Incomplete,66.3,Pending
T-01753,U-002,P-00852,Advanced,2025-11-22,Completed,96.0,Certified
T-01754,U-054,P-00232,Core,2025-07-23,Completed,88.0,Certified
T-01755,U-030,P-00946,Advanced,2025-06-14,Completed,83.1,Certified
T-01756,U-022,P-01945,Safety,2025-10-26,Completed,98.8,Certified
T-01757,U-024,P-01513,Safety,2025-10-18,Incomplete,66.9,Pending
T-01758,U-022,P-01160,Advanced,2026-03-31,Completed,96.0,Certified
T-01759,U-040,P-02125,Advanced,2025-10-25,Completed,96.1,Certified
T-01760,U-011,P-01158,Leadership,2025-03-19,Completed,90.9,Certified
T-01761,U-051,P-01867,Leadership,2026-02-06,Incomplete,69.0,Pending
T-01762,U-002,P-02286,Safety,2025-05-09,Completed,72.4,Pending
T-01763,U-019,P-00024,Leadership,2025-05-04,Completed,85.6,Certified
T-01764,U-010,P-00896,Advanced,2025-07-15,Completed,76.3,Pending
T-01765,U-027,P-01855,Advanced,2025-11-21,Completed,71.9,Pending
T-01766,U-032,P-02952,Advanced,2025-01-31,Completed,82.2,Certified
T-01767,U-038,P-02231,Leadership,2026-08-01,Completed,77.2,Pending
T-01768,U-005,P-00120,Advanced,2026-05-28,Completed,82.0,Certified
T-01769,U-046,P-00315,Core,2025-06-15,Incomplete,62.9,Pending
T-01770,U-052,P-01663,Core,2026-01-10,Incomplete,64.8,Pending
T-01771,U-006,P-01780,Core,2025-06-27,Completed,76.5,Pending
T-01772,U-047,P-01593,Safety,2025-04-15,Incomplete,62.7,Pending
T-01773,U-031,P-02490,Safety,2026-03-06,Incomplete,64.0,Pending
T-01774,U-009,P-00535,Safety,2025-10-25,Completed,90.9,Certified
T-01775,U-005,P-00942,Advanced,2026-07-09,Completed,76.9,Pending
T-01776,U-035,P-00753,Safety,2025-01-29,Completed,94.8,Certified
T-01777,U-008,P-02966,Advanced,2025-12-30,Completed,95.3,Certified
T-01778,U-021,P-02856,Core,2025-09-29,Incomplete,61.0,Pending
T-01779,U-041,P-01006,Core,2026-07-08,Incomplete,63.4,Pending
T-01780,U-046,P-00642,Core,2025-06-07,Completed,77.5,Pending
T-01781,U-006,P-01195,Leadership,2026-03-05,Completed,76.7,Pending
T-01782,U-038,P-01766,Leadership,2026-06-10,Completed,96.0,Certified
T-01783,U-056,P-00845,Core,2026-05-17,Incomplete,56.2,Pending
T-01784,U-004,P-00695,Safety,2025-02-21,Completed,81.9,Certified
T-01785,U-018,P-02520,Leadership,2025-12-25,Completed,82.4,Certified
T-01786,U-020,P-00330,Leadership,2026-07-02,Incomplete,64.6,Pending
T-01787,U-035,P-01057,Safety,2025-04-15,Completed,78.9,Pending
T-01788,U-022,P-02921,Leadership,2026-05-22,Completed,81.8,Certified
T-01789,U-043,P-02308,Core,2026-07-24,Completed,82.7,Certified
T-01790,U-009,P-01191,Core,2025-06-07,Completed,91.6,Certified
T-01791,U-058,P-00012,Safety,2026-03-13,Completed,77.9,Pending
T-01792,U-033,P-01435,Safety,2025-04-04,Incomplete,66.2,Pending
T-01793,U-047,P-02335,Safety,2026-02-17,Incomplete,66.8,Pending
T-01794,U-043,P-02211,Safety,2025-08-08,Incomplete,68.1,Pending
T-01795,U-017,P-02843,Core,2025-02-18,Incomplete,66.3,Pending
T-01796,U-011,P-01892,Advanced,2026-07-16,Completed,71.4,Pending
T-01797,U-027,P-01855,Leadership,2025-06-18,Completed,86.9,Certified
T-01798,U-055,P-00571,Safety,2026-04-29,Completed,93.9,Certified
T-01799,U-027,P-02985,Safety,2025-02-18,Completed,84.6,Certified
T-01800,U-015,P-00528,Safety,2025-09-12,Completed,95.9,Certified
T-01801,U-004,P-02941,Advanced,2025-07-09,Completed,91.5,Certified
T-01802,U-022,P-01946,Safety,2025-10-20,Incomplete,62.6,Pending
T-01803,U-010,P-02775,Safety,2025-11-19,Completed,90.1,Certified
T-01804,U-009,P-02561,Core,2026-04-09,Incomplete,55.5,Pending
T-01805,U-058,P-02362,Advanced,2025-12-05,Incomplete,69.3,Pending
T-01806,U-026,P-01030,Leadership,2026-03-27,Completed,90.2,Certified
T-01807,U-036,P-00609,Leadership,2026-03-29,Incomplete,65.7,Pending
T-01808,U-030,P-02732,Advanced,2026-08-01,Completed,76.8,Pending
T-01809,U-022,P-00045,Safety,2025-03-24,Completed,98.2,Certified
T-01810,U-049,P-01668,Core,2026-02-15,Incomplete,64.1,Pending
T-01811,U-035,P-01746,Leadership,2025-11-03,Incomplete,63.1,Pending
T-01812,U-028,P-00054,Core,2026-04-16,Completed,82.4,Certified
T-01813,U-030,P-00855,Advanced,2025-06-23,Completed,76.0,Pending
T-01814,U-017,P-02529,Core,2026-05-27,Completed,98.3,Certified
T-01815,U-053,P-01599,Core,2025-08-11,Incomplete,67.3,Pending
T-01816,U-059,P-01639,Safety,2025-11-07,Incomplete,58.1,Pending
T-01817,U-013,P-01028,Advanced,2025-03-23,Incomplete,56.1,Pending
T-01818,U-014,P-02505,Safety,2025-01-20,Completed,71.3,Pending
T-01819,U-011,P-02726,Safety,2026-07-28,Completed,92.3,Certified
T-01820,U-022,P-01232,Safety,2026-08-08,Incomplete,58.2,Pending
T-01821,U-029,P-00736,Advanced,2025-12-02,Completed,91.4,Certified
T-01822,U-022,P-02921,Advanced,2025-05-19,Completed,73.1,Pending
T-01823,U-056,P-02431,Safety,2025-03-07,Incomplete,65.5,Pending
T-01824,U-016,P-00336,Safety,2026-06-08,Completed,84.8,Certified
T-01825,U-060,P-02600,Leadership,2025-09-06,Completed,73.3,Pending
T-01826,U-044,P-02214,Safety,2026-07-06,Completed,88.1,Certified
T-01827,U-032,P-01038,Core,2026-05-01,Completed,72.6,Pending
T-01828,U-040,P-00025,Safety,2025-08-23,Completed,84.8,Certified
T-01829,U-034,P-01382,Core,2026-05-14,Completed,85.2,Certified
T-01830,U-022,P-01535,Core,2026-03-25,Completed,82.3,Certified
T-01831,U-028,P-00658,Core,2025-02-04,Completed,74.0,Pending
T-01832,U-059,P-02217,Safety,2025-12-01,Completed,85.3,Certified
T-01833,U-028,P-01627,Core,2025-09-14,Incomplete,64.0,Pending
T-01834,U-057,P-01831,Leadership,2025-04-17,Completed,85.7,Certified
T-01835,U-029,P-00736,Core,2026-06-25,Completed,74.0,Pending
T-01836,U-037,P-02194,Leadership,2026-01-04,Completed,87.0,Certified
T-01837,U-043,P-01373,Safety,2025-07-19,Completed,77.8,Pending
T-01838,U-030,P-01937,Leadership,2026-07-06,Completed,81.6,Certified
T-01839,U-038,P-02096,Leadership,2026-03-06,Completed,92.8,Certified
T-01840,U-038,P-02110,Leadership,2025-12-04,Completed,83.6,Certified
T-01841,U-015,P-00320,Leadership,2025-10-20,Incomplete,59.7,Pending
T-01842,U-047,P-02638,Leadership,2025-07-18,Incomplete,68.6,Pending
T-01843,U-044,P-00741,Leadership,2026-06-06,Incomplete,58.8,Pending
T-01844,U-049,P-01323,Leadership,2025-10-20,Incomplete,68.2,Pending
T-01845,U-058,P-01954,Leadership,2025-01-24,Completed,96.6,Certified
T-01846,U-056,P-01626,Safety,2025-12-14,Incomplete,56.8,Pending
T-01847,U-045,P-02262,Advanced,2025-11-16,Completed,87.5,Certified
T-01848,U-044,P-02214,Leadership,2025-10-18,Completed,90.6,Certified
T-01849,U-037,P-02946,Advanced,2026-04-23,Incomplete,65.4,Pending
T-01850,U-006,P-02892,Core,2025-03-14,Completed,71.4,Pending
T-01851,U-039,P-02974,Leadership,2026-01-08,Completed,92.1,Certified
T-01852,U-001,P-00616,Core,2025-03-28,Completed,76.3,Pending
T-01853,U-035,P-02632,Leadership,2025-06-15,Completed,70.5,Pending
T-01854,U-047,P-01597,Core,2026-07-07,Completed,73.0,Pending
T-01855,U-060,P-00233,Advanced,2026-04-07,Completed,92.0,Certified
T-01856,U-015,P-02408,Core,2026-07-26,Incomplete,61.7,Pending
T-01857,U-030,P-01335,Advanced,2025-04-15,Incomplete,66.5,Pending
T-01858,U-003,P-01731,Safety,2026-02-23,Completed,87.4,Certified
T-01859,U-001,P-00161,Leadership,2025-11-13,Completed,73.0,Pending
T-01860,U-009,P-02311,Advanced,2025-09-02,Completed,90.1,Certified
T-01861,U-021,P-01986,Advanced,2026-06-12,Completed,70.1,Pending
T-01862,U-012,P-02133,Advanced,2025-08-21,Incomplete,64.1,Pending
T-01863,U-018,P-02679,Advanced,2025-06-08,Incomplete,59.0,Pending
T-01864,U-025,P-01465,Safety,2025-06-18,Completed,93.3,Certified
T-01865,U-035,P-02055,Advanced,2025-01-09,Completed,91.1,Certified
T-01866,U-002,P-01614,Safety,2025-08-01,Completed,74.3,Pending
T-01867,U-041,P-01060,Leadership,2025-03-31,Completed,77.5,Pending
T-01868,U-007,P-00144,Core,2025-06-05,Completed,80.5,Certified
T-01869,U-050,P-02200,Core,2025-02-10,Completed,97.0,Certified
T-01870,U-039,P-00081,Advanced,2026-03-05,Incomplete,64.2,Pending
T-01871,U-057,P-01636,Core,2026-04-23,Completed,73.4,Pending
T-01872,U-050,P-02297,Leadership,2025-09-20,Incomplete,55.6,Pending
T-01873,U-041,P-01264,Core,2026-02-05,Completed,86.2,Certified
T-01874,U-023,P-00589,Leadership,2026-02-28,Completed,97.9,Certified
T-01875,U-021,P-01416,Safety,2025-06-15,Incomplete,55.2,Pending
T-01876,U-032,P-01452,Core,2025-06-07,Incomplete,57.8,Pending
T-01877,U-043,P-00546,Core,2026-01-06,Completed,91.6,Certified
T-01878,U-045,P-00825,Leadership,2025-12-02,Completed,71.6,Pending
T-01879,U-055,P-02399,Advanced,2026-05-08,Completed,99.1,Certified
T-01880,U-030,P-00300,Leadership,2026-02-09,Completed,98.2,Certified
T-01881,U-053,P-01616,Leadership,2025-06-21,Completed,95.9,Certified
T-01882,U-009,P-01183,Advanced,2025-08-06,Incomplete,61.1,Pending
T-01883,U-012,P-02174,Core,2026-05-01,Incomplete,56.1,Pending
T-01884,U-058,P-02795,Leadership,2026-04-18,Incomplete,57.0,Pending
T-01885,U-010,P-01203,Core,2026-07-07,Incomplete,68.9,Pending
T-01886,U-030,P-00906,Leadership,2025-09-29,Incomplete,68.3,Pending
T-01887,U-034,P-02354,Safety,2025-01-10,Incomplete,60.3,Pending
T-01888,U-051,P-01867,Advanced,2025-04-08,Completed,79.6,Pending
T-01889,U-002,P-00541,Advanced,2025-04-29,Completed,98.2,Certified
T-01890,U-059,P-01307,Advanced,2025-10-07,Completed,93.4,Certified
T-01891,U-020,P-02452,Advanced,2025-04-16,Completed,77.4,Pending
T-01892,U-013,P-02008,Core,2025-08-15,Incomplete,67.9,Pending
T-01893,U-058,P-01854,Safety,2025-04-20,Completed,70.7,Pending
T-01894,U-051,P-01556,Leadership,2026-01-29,Incomplete,67.6,Pending
T-01895,U-034,P-02164,Advanced,2025-07-14,Completed,85.8,Certified
T-01896,U-040,P-02497,Advanced,2025-05-14,Completed,87.3,Certified
T-01897,U-019,P-01824,Core,2025-06-13,Completed,78.8,Pending
T-01898,U-014,P-02154,Leadership,2025-08-09,Incomplete,68.0,Pending
T-01899,U-001,P-01474,Safety,2025-01-18,Completed,71.5,Pending
T-01900,U-052,P-00279,Core,2025-09-26,Incomplete,61.4,Pending
T-01901,U-053,P-02772,Safety,2025-05-13,Completed,81.6,Certified
T-01902,U-007,P-01318,Safety,2026-08-14,Incomplete,63.6,Pending
T-01903,U-042,P-01497,Core,2025-03-27,Incomplete,65.6,Pending
T-01904,U-040,P-02345,Safety,2026-08-06,Completed,72.4,Pending
T-01905,U-010,P-02992,Safety,2025-10-24,Completed,77.0,Pending
T-01906,U-058,P-01050,Core,2025-09-24,Completed,71.2,Pending
T-01907,U-002,P-01283,Core,2025-01-05,Incomplete,61.7,Pending
T-01908,U-029,P-00561,Advanced,2026-06-01,Incomplete,56.7,Pending
T-01909,U-021,P-02234,Core,2026-04-08,Completed,85.0,Certified
T-01910,U-044,P-00299,Leadership,2025-01-23,Incomplete,66.1,Pending
T-01911,U-031,P-01180,Core,2025-05-25,Completed,97.4,Certified
T-01912,U-024,P-00407,Core,2025-02-04,Completed,91.2,Certified
T-01913,U-002,P-01173,Leadership,2026-04-28,Completed,73.3,Pending
T-01914,U-060,P-01449,Core,2025-03-03,Incomplete,61.5,Pending
T-01915,U-026,P-02156,Leadership,2025-11-18,Incomplete,67.8,Pending
T-01916,U-008,P-01228,Safety,2026-03-20,Incomplete,62.9,Pending
T-01917,U-003,P-02886,Advanced,2025-07-07,Completed,78.3,Pending
T-01918,U-034,P-00678,Safety,2025-09-30,Completed,82.8,Certified
T-01919,U-016,P-01161,Leadership,2025-04-01,Completed,91.3,Certified
T-01920,U-040,P-00073,Leadership,2026-05-25,Completed,70.6,Pending
T-01921,U-037,P-00880,Advanced,2025-08-10,Completed,82.0,Certified
T-01922,U-012,P-02859,Leadership,2026-08-11,Completed,94.0,Certified
T-01923,U-051,P-00135,Core,2026-01-25,Completed,76.0,Pending
T-01924,U-032,P-01029,Leadership,2025-05-26,Completed,85.6,Certified
T-01925,U-041,P-02929,Advanced,2026-07-30,Incomplete,65.8,Pending
T-01926,U-029,P-02592,Safety,2025-03-26,Completed,95.7,Certified
T-01927,U-047,P-01893,Advanced,2025-02-25,Completed,94.4,Certified
T-01928,U-020,P-01246,Core,2025-02-10,Completed,75.9,Pending
T-01929,U-036,P-01255,Core,2026-04-03,Completed,78.4,Pending
T-01930,U-052,P-01601,Advanced,2025-06-24,Incomplete,60.8,Pending
T-01931,U-039,P-01483,Advanced,2026-04-17,Completed,70.4,Pending
T-01932,U-003,P-02990,Advanced,2025-06-09,Incomplete,68.8,Pending
T-01933,U-046,P-02854,Advanced,2025-05-11,Completed,91.9,Certified
T-01934,U-034,P-01382,Advanced,2025-11-08,Incomplete,57.6,Pending
T-01935,U-035,P-02169,Advanced,2025-05-21,Incomplete,64.5,Pending
T-01936,U-051,P-00950,Core,2025-09-24,Completed,93.6,Certified
T-01937,U-008,P-01683,Leadership,2026-01-08,Incomplete,66.5,Pending
T-01938,U-040,P-00123,Core,2025-12-01,Incomplete,66.2,Pending
T-01939,U-051,P-01209,Core,2026-07-09,Completed,95.5,Certified
T-01940,U-056,P-01292,Core,2025-08-06,Completed,86.3,Certified
T-01941,U-050,P-02396,Core,2025-05-04,Completed,77.3,Pending
T-01942,U-005,P-02836,Safety,2025-10-04,Completed,96.9,Certified
T-01943,U-031,P-00887,Safety,2025-02-14,Incomplete,64.8,Pending
T-01944,U-026,P-02392,Advanced,2025-09-18,Completed,79.3,Pending
T-01945,U-053,P-00169,Leadership,2025-01-21,Completed,84.9,Certified
T-01946,U-043,P-00225,Leadership,2026-02-18,Completed,87.8,Certified
T-01947,U-007,P-02064,Leadership,2026-01-18,Incomplete,68.1,Pending
T-01948,U-036,P-01341,Safety,2025-06-09,Completed,78.5,Pending
T-01949,U-055,P-00667,Leadership,2026-03-27,Completed,70.8,Pending
T-01950,U-053,P-01599,Leadership,2025-12-10,Completed,78.5,Pending
T-01951,U-020,P-01501,Safety,2025-11-16,Completed,86.2,Certified
T-01952,U-039,P-00580,Leadership,2026-05-21,Completed,81.2,Certified
T-01953,U-025,P-01398,Advanced,2025-05-30,Incomplete,56.0,Pending
T-01954,U-036,P-01473,Leadership,2026-03-28,Incomplete,60.9,Pending
T-01955,U-053,P-01279,Advanced,2025-07-11,Completed,82.4,Certified
T-01956,U-060,P-00709,Leadership,2025-03-01,Incomplete,59.1,Pending
T-01957,U-025,P-02512,Safety,2025-06-28,Completed,98.2,Certified
T-01958,U-056,P-00782,Core,2025-10-09,Completed,77.9,Pending
T-01959,U-007,P-02495,Core,2025-10-22,Completed,79.6,Pending
T-01960,U-003,P-00744,Advanced,2025-11-22,Completed,88.6,Certified
T-01961,U-021,P-01870,Leadership,2025-08-14,Completed,94.7,Certified
T-01962,U-058,P-00493,Core,2025-10-24,Incomplete,63.0,Pending
T-01963,U-024,P-02415,Leadership,2025-08-07,Incomplete,66.0,Pending
T-01964,U-010,P-01537,Advanced,2025-03-11,Incomplete,61.6,Pending
T-01965,U-002,P-02009,Safety,2025-07-28,Completed,70.2,Pending
T-01966,U-017,P-00894,Advanced,2025-11-01,Completed,87.9,Certified
T-01967,U-060,P-01979,Leadership,2025-08-11,Completed,99.2,Certified
T-01968,U-035,P-00256,Leadership,2025-11-24,Completed,94.3,Certified
T-01969,U-034,P-02197,Advanced,2026-04-10,Completed,71.0,Pending
T-01970,U-038,P-01766,Safety,2026-02-02,Completed,99.6,Certified
T-01971,U-033,P-02548,Core,2025-12-20,Completed,81.4,Certified
T-01972,U-049,P-02769,Leadership,2025-08-13,Completed,83.7,Certified
T-01973,U-043,P-02603,Advanced,2026-05-19,Incomplete,56.3,Pending
T-01974,U-030,P-02090,Core,2025-10-02,Completed,96.7,Certified
T-01975,U-040,P-02742,Safety,2025-05-10,Completed,89.8,Certified
T-01976,U-023,P-02322,Advanced,2026-02-23,Completed,78.6,Pending
T-01977,U-009,P-02180,Core,2025-01-22,Completed,76.0,Pending
T-01978,U-049,P-01885,Safety,2026-02-10,Incomplete,69.1,Pending
T-01979,U-011,P-00322,Safety,2025-12-28,Incomplete,59.5,Pending
T-01980,U-060,P-01491,Core,2026-05-21,Completed,91.1,Certified
T-01981,U-009,P-01225,Core,2026-07-30,Completed,91.3,Certified
T-01982,U-006,P-02135,Leadership,2025-04-17,Completed,73.1,Pending
T-01983,U-024,P-00354,Core,2025-03-07,Completed,71.8,Pending
T-01984,U-052,P-01999,Leadership,2025-05-10,Incomplete,58.2,Pending
T-01985,U-020,P-02428,Core,2025-03-23,Completed,75.5,Pending
T-01986,U-030,P-02987,Leadership,2026-06-04,Incomplete,63.4,Pending
T-01987,U-043,P-00876,Safety,2026-02-20,Completed,83.9,Certified
T-01988,U-012,P-00691,Safety,2025-07-10,Completed,84.2,Certified
T-01989,U-004,P-00247,Safety,2025-03-12,Completed,72.6,Pending
T-01990,U-047,P-00396,Leadership,2026-03-04,Completed,73.2,Pending
T-01991,U-057,P-02499,Safety,2025-09-10,Incomplete,55.5,Pending
T-01992,U-043,P-01367,Leadership,2026-07-19,Completed,89.4,Certified
T-01993,U-011,P-00514,Core,2025-11-01,Completed,88.0,Certified
T-01994,U-053,P-02910,Core,2025-05-15,Completed,75.1,Pending
T-01995,U-003,P-02729,Leadership,2025-04-18,Incomplete,66.1,Pending
T-01996,U-014,P-00132,Leadership,2025-09-10,Completed,97.3,Certified
T-01997,U-046,P-00517,Leadership,2026-01-10,Completed,70.3,Pending
T-01998,U-007,P-02554,Core,2025-07-05,Completed,92.4,Certified
T-01999,U-010,P-00984,Advanced,2025-11-03,Completed,91.5,Certified
T-02000,U-055,P-02084,Core,2025-11-29,Completed,82.6,Certified
T-02001,U-041,P-01679,Advanced,2025-03-25,Completed,87.1,Certified
T-02002,U-042,P-01814,Core,2025-02-28,Incomplete,61.2,Pending
T-02003,U-050,P-02647,Leadership,2025-08-03,Completed,84.4,Certified
T-02004,U-019,P-00274,Leadership,2026-04-11,Completed,90.6,Certified
T-02005,U-004,P-00067,Leadership,2026-07-02,Completed,84.3,Certified
T-02006,U-031,P-00858,Safety,2025-11-05,Completed,70.7,Pending
T-02007,U-053,P-01210,Advanced,2025-04-22,Completed,71.3,Pending
T-02008,U-049,P-02242,Core,2025-06-02,Incomplete,59.8,Pending
T-02009,U-019,P-01471,Leadership,2025-01-04,Incomplete,68.2,Pending
T-02010,U-049,P-02365,Advanced,2025-09-20,Completed,81.1,Certified
T-02011,U-045,P-00424,Core,2025-12-17,Incomplete,65.6,Pending
T-02012,U-058,P-01140,Leadership,2026-02-26,Completed,86.2,Certified
T-02013,U-020,P-01042,Leadership,2025-04-23,Completed,88.8,Certified
T-02014,U-051,P-02662,Leadership,2025-05-14,Completed,80.0,Certified
T-02015,U-029,P-02581,Advanced,2026-02-23,Completed,81.4,Certified
T-02016,U-010,P-02246,Advanced,2025-04-01,Completed,86.0,Certified
T-02017,U-018,P-01211,Advanced,2025-10-16,Completed,94.5,Certified
T-02018,U-047,P-02265,Leadership,2025-05-17,Completed,84.3,Certified
T-02019,U-032,P-00093,Leadership,2026-06-29,Completed,91.8,Certified
T-02020,U-008,P-01025,Safety,2026-06-15,Completed,87.8,Certified
T-02021,U-026,P-01135,Safety,2025-02-25,Incomplete,69.8,Pending
T-02022,U-054,P-00725,Leadership,2026-05-11,Incomplete,60.9,Pending
T-02023,U-012,P-01552,Advanced,2025-04-09,Completed,85.9,Certified
T-02024,U-038,P-02270,Leadership,2026-03-21,Completed,99.3,Certified
T-02025,U-032,P-01987,Advanced,2026-04-05,Incomplete,60.7,Pending
T-02026,U-033,P-02420,Safety,2025-09-18,Incomplete,63.6,Pending
T-02027,U-053,P-01111,Core,2025-02-09,Completed,70.8,Pending
T-02028,U-059,P-01662,Safety,2025-05-28,Completed,74.8,Pending
T-02029,U-003,P-00268,Core,2026-07-25,Completed,88.0,Certified
T-02030,U-022,P-00788,Advanced,2025-10-11,Incomplete,55.7,Pending
T-02031,U-053,P-01210,Leadership,2025-04-16,Incomplete,64.0,Pending
T-02032,U-020,P-00080,Safety,2025-06-21,Completed,85.7,Certified
T-02033,U-008,P-01359,Safety,2025-10-04,Completed,75.0,Pending
T-02034,U-030,P-00759,Leadership,2025-09-02,Completed,91.5,Certified
T-02035,U-055,P-01383,Safety,2026-08-03,Incomplete,64.5,Pending
T-02036,U-034,P-01869,Safety,2026-06-19,Incomplete,60.7,Pending
T-02037,U-048,P-01718,Advanced,2025-06-19,Completed,78.4,Pending
T-02038,U-050,P-00661,Advanced,2025-12-11,Completed,95.4,Certified
T-02039,U-006,P-00108,Advanced,2026-04-04,Incomplete,63.3,Pending
T-02040,U-060,P-01827,Leadership,2025-01-08,Incomplete,66.8,Pending
T-02041,U-040,P-00789,Safety,2026-05-19,Incomplete,65.4,Pending
T-02042,U-032,P-00454,Leadership,2025-01-10,Incomplete,64.9,Pending
T-02043,U-021,P-01391,Leadership,2026-05-18,Completed,78.8,Pending
T-02044,U-016,P-02984,Advanced,2025-07-06,Completed,70.1,Pending
T-02045,U-028,P-00338,Advanced,2025-02-16,Completed,93.2,Certified
T-02046,U-047,P-00138,Core,2025-06-03,Completed,88.0,Certified
T-02047,U-037,P-00880,Safety,2025-05-17,Completed,84.8,Certified
T-02048,U-010,P-00194,Leadership,2025-08-04,Incomplete,63.4,Pending
T-02049,U-045,P-02266,Advanced,2026-01-03,Incomplete,68.6,Pending
T-02050,U-051,P-00135,Advanced,2025-04-10,Completed,90.7,Certified
T-02051,U-060,P-01286,Leadership,2025-09-03,Completed,84.8,Certified
T-02052,U-057,P-02225,Leadership,2026-03-02,Incomplete,63.9,Pending
T-02053,U-026,P-02318,Advanced,2026-02-21,Incomplete,67.6,Pending
T-02054,U-026,P-01388,Safety,2025-03-14,Completed,77.8,Pending
T-02055,U-011,P-02482,Safety,2025-04-27,Completed,81.0,Certified
T-02056,U-044,P-00901,Safety,2025-10-28,Completed,86.9,Certified
T-02057,U-056,P-01292,Advanced,2025-06-15,Completed,87.7,Certified
T-02058,U-013,P-02444,Leadership,2025-07-14,Completed,72.5,Pending
T-02059,U-052,P-02014,Safety,2025-06-09,Completed,93.4,Certified
T-02060,U-059,P-02219,Leadership,2025-04-22,Incomplete,64.4,Pending
T-02061,U-018,P-01629,Leadership,2025-08-24,Completed,97.8,Certified
T-02062,U-041,P-00999,Advanced,2026-06-09,Completed,91.6,Certified
T-02063,U-057,P-00143,Core,2025-12-14,Completed,82.1,Certified
T-02064,U-013,P-01064,Leadership,2026-06-07,Completed,87.9,Certified
T-02065,U-007,P-00706,Leadership,2026-04-13,Incomplete,68.3,Pending
T-02066,U-019,P-00024,Safety,2026-08-11,Completed,89.0,Certified
T-02067,U-038,P-00467,Safety,2025-02-02,Incomplete,58.2,Pending
T-02068,U-019,P-01756,Safety,2026-05-21,Completed,71.7,Pending
T-02069,U-056,P-01626,Advanced,2026-03-11,Completed,70.9,Pending
T-02070,U-013,P-01977,Safety,2025-01-18,Completed,85.8,Certified
T-02071,U-026,P-01877,Advanced,2025-12-23,Completed,71.0,Pending
T-02072,U-044,P-00416,Advanced,2025-09-24,Incomplete,64.0,Pending
T-02073,U-015,P-01498,Advanced,2025-08-15,Completed,73.6,Pending
T-02074,U-004,P-01237,Safety,2026-03-09,Completed,85.0,Certified
T-02075,U-047,P-01355,Advanced,2025-06-08,Incomplete,59.9,Pending
T-02076,U-039,P-02888,Advanced,2025-02-23,Completed,97.9,Certified
T-02077,U-047,P-02433,Safety,2026-05-14,Completed,92.0,Certified
T-02078,U-001,P-01643,Leadership,2026-04-04,Incomplete,56.6,Pending
T-02079,U-034,P-01673,Safety,2026-03-20,Completed,99.1,Certified
T-02080,U-036,P-00344,Advanced,2025-08-24,Incomplete,62.5,Pending
T-02081,U-008,P-01223,Safety,2026-01-27,Incomplete,66.6,Pending
T-02082,U-038,P-01990,Leadership,2025-07-29,Completed,90.9,Certified
T-02083,U-058,P-02086,Safety,2025-06-18,Completed,81.4,Certified
T-02084,U-018,P-02520,Safety,2025-08-18,Incomplete,59.5,Pending
T-02085,U-051,P-01940,Safety,2025-06-13,Completed,98.0,Certified
T-02086,U-025,P-02512,Advanced,2025-03-28,Incomplete,57.1,Pending
T-02087,U-024,P-00329,Leadership,2026-04-04,Completed,86.6,Certified
T-02088,U-051,P-02826,Safety,2026-04-04,Incomplete,66.9,Pending
T-02089,U-053,P-02148,Leadership,2025-07-24,Completed,99.4,Certified
T-02090,U-020,P-00538,Core,2026-06-29,Incomplete,55.1,Pending
T-02091,U-002,P-00355,Leadership,2025-09-17,Completed,98.9,Certified
T-02092,U-032,P-01029,Advanced,2026-02-08,Completed,92.7,Certified
T-02093,U-045,P-02470,Core,2026-06-01,Completed,77.4,Pending
T-02094,U-041,P-02929,Core,2025-04-27,Completed,89.3,Certified
T-02095,U-003,P-01405,Leadership,2025-10-02,Incomplete,65.3,Pending
T-02096,U-053,P-00086,Safety,2025-03-21,Completed,70.8,Pending
T-02097,U-042,P-02367,Safety,2026-07-02,Incomplete,57.9,Pending
T-02098,U-015,P-02593,Core,2025-05-06,Incomplete,69.3,Pending
T-02099,U-033,P-01971,Leadership,2025-03-23,Incomplete,68.0,Pending
T-02100,U-005,P-01276,Leadership,2025-11-14,Incomplete,60.9,Pending
T-02101,U-003,P-00117,Core,2025-06-21,Incomplete,68.3,Pending
T-02102,U-054,P-00682,Safety,2026-05-29,Completed,78.6,Pending
T-02103,U-026,P-02318,Advanced,2026-04-17,Completed,84.0,Certified
T-02104,U-040,P-00123,Core,2025-08-30,Completed,80.2,Certified
T-02105,U-021,P-01416,Safety,2025-08-18,Completed,75.4,Pending
T-02106,U-039,P-00358,Core,2025-02-07,Completed,80.0,Certified
T-02107,U-017,P-00122,Advanced,2025-09-19,Incomplete,69.0,Pending
T-02108,U-053,P-01647,Core,2025-06-04,Incomplete,56.6,Pending
T-02109,U-006,P-02221,Safety,2026-08-07,Completed,83.2,Certified
T-02110,U-018,P-02355,Leadership,2025-07-02,Completed,87.7,Certified
T-02111,U-044,P-01640,Advanced,2025-04-13,Completed,89.9,Certified
T-02112,U-003,P-02672,Core,2025-01-09,Completed,70.1,Pending
T-02113,U-024,P-02268,Leadership,2025-02-24,Completed,74.6,Pending
T-02114,U-052,P-01100,Advanced,2026-01-03,Completed,96.8,Certified
T-02115,U-040,P-02815,Core,2025-08-07,Completed,75.2,Pending
T-02116,U-042,P-01320,Core,2026-02-01,Incomplete,67.5,Pending
T-02117,U-008,P-01110,Advanced,2025-08-16,Incomplete,61.7,Pending
T-02118,U-033,P-01475,Safety,2026-06-30,Completed,80.6,Certified
T-02119,U-033,P-02060,Leadership,2025-03-22,Completed,96.0,Certified
T-02120,U-011,P-02203,Leadership,2025-10-17,Completed,87.3,Certified
T-02121,U-046,P-02124,Safety,2025-03-19,Completed,86.2,Certified
T-02122,U-004,P-00720,Advanced,2025-10-16,Incomplete,58.6,Pending
T-02123,U-018,P-02333,Safety,2025-07-29,Completed,72.1,Pending
T-02124,U-004,P-02047,Leadership,2025-05-30,Incomplete,56.9,Pending
T-02125,U-003,P-01900,Safety,2025-05-23,Incomplete,61.4,Pending
T-02126,U-045,P-01603,Advanced,2026-01-26,Incomplete,67.2,Pending
T-02127,U-052,P-00366,Leadership,2025-03-01,Incomplete,60.0,Pending
T-02128,U-011,P-02898,Core,2026-03-19,Incomplete,69.4,Pending
T-02129,U-041,P-00663,Safety,2026-05-25,Completed,92.7,Certified
T-02130,U-058,P-01531,Leadership,2025-02-15,Completed,96.2,Certified
T-02131,U-056,P-00216,Safety,2026-02-26,Completed,80.6,Certified
T-02132,U-007,P-00483,Safety,2026-06-11,Incomplete,67.0,Pending
T-02133,U-002,P-01003,Safety,2026-02-19,Completed,99.3,Certified
T-02134,U-015,P-02960,Leadership,2026-03-09,Incomplete,57.0,Pending
T-02135,U-046,P-02061,Leadership,2026-04-11,Completed,70.2,Pending
T-02136,U-013,P-01801,Safety,2025-08-25,Completed,78.7,Pending
T-02137,U-034,P-00562,Leadership,2025-12-11,Incomplete,68.8,Pending
T-02138,U-043,P-00883,Core,2025-08-21,Completed,82.6,Certified
T-02139,U-060,P-02628,Core,2026-08-08,Completed,72.6,Pending
T-02140,U-026,P-02307,Leadership,2025-01-23,Incomplete,64.4,Pending
T-02141,U-003,P-01016,Leadership,2025-04-25,Completed,90.3,Certified
T-02142,U-010,P-02591,Leadership,2025-10-20,Completed,71.7,Pending
T-02143,U-004,P-00543,Advanced,2026-02-07,Completed,94.0,Certified
T-02144,U-039,P-02192,Core,2025-08-12,Incomplete,64.0,Pending
T-02145,U-004,P-01852,Core,2026-07-18,Incomplete,58.6,Pending
T-02146,U-059,P-01775,Core,2026-04-13,Incomplete,69.5,Pending
T-02147,U-010,P-01167,Core,2025-05-31,Completed,98.0,Certified
T-02148,U-046,P-00162,Leadership,2025-12-12,Incomplete,66.3,Pending
T-02149,U-015,P-01239,Safety,2026-03-21,Incomplete,69.7,Pending
T-02150,U-047,P-01597,Leadership,2025-08-03,Incomplete,64.9,Pending
T-02151,U-052,P-01601,Core,2025-08-02,Incomplete,63.8,Pending
T-02152,U-052,P-02536,Advanced,2025-06-30,Incomplete,61.4,Pending
T-02153,U-039,P-00864,Safety,2025-07-07,Completed,93.7,Certified
T-02154,U-053,P-00397,Leadership,2026-08-08,Incomplete,57.5,Pending
T-02155,U-042,P-02249,Core,2025-11-06,Completed,91.7,Certified
T-02156,U-045,P-02633,Advanced,2026-05-26,Completed,79.2,Pending
T-02157,U-038,P-02962,Core,2025-06-28,Incomplete,57.1,Pending
T-02158,U-051,P-00950,Leadership,2026-08-06,Incomplete,64.0,Pending
T-02159,U-010,P-00892,Leadership,2025-12-22,Completed,88.3,Certified
T-02160,U-042,P-02446,Advanced,2025-05-13,Incomplete,55.3,Pending
T-02161,U-054,P-02416,Advanced,2025-06-08,Completed,92.5,Certified
T-02162,U-003,P-00099,Advanced,2026-03-31,Incomplete,58.1,Pending
T-02163,U-047,P-00060,Safety,2026-05-01,Completed,88.5,Certified
T-02164,U-027,P-01095,Safety,2025-02-20,Completed,87.1,Certified
T-02165,U-008,P-02966,Safety,2025-03-22,Completed,97.2,Certified
T-02166,U-055,P-00332,Advanced,2026-07-06,Completed,99.2,Certified
T-02167,U-050,P-00551,Leadership,2026-03-09,Incomplete,63.8,Pending
T-02168,U-053,P-01279,Advanced,2026-03-20,Completed,83.0,Certified
T-02169,U-015,P-02298,Advanced,2026-07-16,Incomplete,65.1,Pending
T-02170,U-049,P-00057,Advanced,2025-09-13,Completed,85.9,Certified
T-02171,U-033,P-02303,Advanced,2026-03-21,Incomplete,63.9,Pending
T-02172,U-050,P-01868,Advanced,2026-02-19,Completed,88.6,Certified
T-02173,U-053,P-00288,Core,2025-10-18,Incomplete,68.5,Pending
T-02174,U-034,P-02044,Core,2025-10-23,Completed,85.3,Certified
T-02175,U-007,P-01495,Leadership,2025-03-31,Completed,95.0,Certified
T-02176,U-011,P-02743,Core,2026-06-02,Completed,87.4,Certified
T-02177,U-032,P-00456,Core,2026-02-12,Completed,84.0,Certified
T-02178,U-031,P-02865,Safety,2025-06-04,Completed,98.0,Certified
T-02179,U-020,P-02370,Advanced,2025-03-07,Incomplete,63.3,Pending
T-02180,U-016,P-02542,Safety,2026-06-20,Completed,77.1,Pending
T-02181,U-021,P-02380,Advanced,2025-02-12,Incomplete,64.5,Pending
T-02182,U-044,P-00264,Core,2026-07-27,Completed,95.8,Certified
T-02183,U-012,P-02455,Core,2025-01-08,Completed,90.7,Certified
T-02184,U-042,P-01970,Advanced,2025-05-26,Incomplete,62.1,Pending
T-02185,U-018,P-02679,Leadership,2025-11-04,Completed,95.3,Certified
T-02186,U-022,P-01802,Core,2025-04-03,Completed,78.3,Pending
T-02187,U-052,P-02560,Safety,2025-10-01,Completed,95.1,Certified
T-02188,U-014,P-00507,Advanced,2025-11-11,Incomplete,55.3,Pending
T-02189,U-003,P-01104,Safety,2025-09-12,Incomplete,66.3,Pending
T-02190,U-038,P-01990,Safety,2025-11-04,Incomplete,68.1,Pending
T-02191,U-045,P-00378,Safety,2026-07-17,Completed,91.3,Certified
T-02192,U-045,P-01077,Leadership,2025-02-14,Completed,76.4,Pending
T-02193,U-038,P-00637,Advanced,2026-06-04,Incomplete,64.7,Pending
T-02194,U-053,P-02746,Core,2025-02-26,Completed,83.8,Certified
T-02195,U-045,P-02470,Leadership,2025-03-12,Incomplete,58.0,Pending
T-02196,U-037,P-02447,Core,2025-10-27,Completed,94.0,Certified
T-02197,U-057,P-02627,Leadership,2025-06-29,Incomplete,65.8,Pending
T-02198,U-033,P-00983,Core,2025-01-29,Completed,98.6,Certified
T-02199,U-011,P-02743,Advanced,2025-11-05,Completed,88.6,Certified
T-02200,U-013,P-00592,Safety,2026-02-04,Completed,70.7,Pending
T-02201,U-044,P-00833,Leadership,2025-06-11,Incomplete,59.8,Pending
T-02202,U-018,P-01736,Safety,2025-10-16,Completed,92.8,Certified
T-02203,U-031,P-00272,Leadership,2026-04-25,Completed,97.6,Certified
T-02204,U-033,P-01770,Leadership,2025-03-31,Completed,92.5,Certified
T-02205,U-051,P-02826,Leadership,2026-07-01,Completed,76.1,Pending
T-02206,U-044,P-01794,Leadership,2025-05-09,Completed,86.6,Certified
T-02207,U-008,P-02966,Safety,2025-06-24,Completed,94.1,Certified
T-02208,U-058,P-02404,Core,2025-03-01,Completed,77.2,Pending
T-02209,U-035,P-00383,Safety,2025-03-06,Completed,86.0,Certified
T-02210,U-055,P-00193,Advanced,2025-12-19,Completed,87.5,Certified
T-02211,U-037,P-02427,Advanced,2025-02-18,Completed,83.6,Certified
T-02212,U-060,P-01585,Core,2026-05-06,Completed,70.5,Pending
T-02213,U-049,P-01694,Safety,2025-05-02,Completed,80.1,Certified
T-02214,U-023,P-01311,Core,2025-02-13,Completed,94.9,Certified
T-02215,U-011,P-01270,Leadership,2025-01-26,Completed,82.4,Certified
T-02216,U-010,P-01494,Core,2026-01-18,Incomplete,67.3,Pending
T-02217,U-006,P-00177,Safety,2025-03-31,Completed,77.8,Pending
T-02218,U-022,P-01945,Core,2025-09-23,Completed,88.7,Certified
T-02219,U-012,P-00516,Safety,2026-05-06,Completed,91.3,Certified
T-02220,U-016,P-00863,Leadership,2026-07-27,Completed,92.8,Certified
T-02221,U-057,P-02225,Safety,2025-05-10,Completed,92.0,Certified
T-02222,U-018,P-01584,Advanced,2026-06-19,Incomplete,65.1,Pending
T-02223,U-020,P-01042,Advanced,2025-08-25,Incomplete,68.3,Pending
T-02224,U-041,P-02781,Core,2025-06-29,Incomplete,63.6,Pending
T-02225,U-020,P-02799,Core,2025-08-09,Completed,96.5,Certified
T-02226,U-038,P-01968,Core,2025-01-29,Completed,88.7,Certified
T-02227,U-045,P-00582,Advanced,2025-11-22,Incomplete,65.7,Pending
T-02228,U-016,P-02223,Safety,2025-01-25,Incomplete,61.3,Pending
T-02229,U-012,P-01789,Safety,2025-03-26,Incomplete,62.8,Pending
T-02230,U-048,P-01516,Core,2026-06-05,Completed,76.3,Pending
T-02231,U-013,P-02175,Leadership,2025-02-06,Incomplete,64.1,Pending
T-02232,U-060,P-01081,Core,2025-11-16,Incomplete,59.3,Pending
T-02233,U-042,P-00921,Safety,2025-08-14,Completed,70.4,Pending
T-02234,U-035,P-02922,Core,2026-05-31,Incomplete,68.7,Pending
T-02235,U-040,P-02345,Safety,2025-12-21,Incomplete,61.8,Pending
T-02236,U-042,P-02722,Safety,2026-03-07,Incomplete,69.2,Pending
T-02237,U-041,P-02565,Advanced,2025-07-20,Incomplete,68.3,Pending
T-02238,U-031,P-00945,Core,2025-08-11,Incomplete,57.5,Pending
T-02239,U-038,P-00181,Safety,2026-07-15,Completed,85.0,Certified
T-02240,U-060,P-00334,Safety,2026-06-10,Completed,77.5,Pending
T-02241,U-059,P-01433,Core,2026-03-17,Incomplete,65.6,Pending
T-02242,U-011,P-00514,Safety,2026-07-03,Completed,82.1,Certified
T-02243,U-046,P-02718,Safety,2025-03-06,Incomplete,56.5,Pending
T-02244,U-018,P-02333,Safety,2025-09-03,Completed,84.5,Certified
T-02245,U-026,P-01816,Advanced,2025-08-07,Completed,97.1,Certified
T-02246,U-051,P-00276,Advanced,2026-06-28,Incomplete,62.9,Pending
T-02247,U-048,P-01561,Safety,2025-12-11,Completed,88.3,Certified
T-02248,U-035,P-01651,Safety,2025-03-02,Completed,89.9,Certified
T-02249,U-042,P-00641,Core,2026-06-29,Completed,95.1,Certified
T-02250,U-006,P-00074,Safety,2026-05-23,Completed,71.8,Pending
T-02251,U-022,P-02762,Advanced,2026-04-06,Completed,85.4,Certified
T-02252,U-042,P-02434,Advanced,2025-07-08,Completed,71.6,Pending
T-02253,U-019,P-01147,Core,2026-07-14,Completed,72.8,Pending
T-02254,U-040,P-00774,Core,2025-09-19,Completed,85.7,Certified
T-02255,U-047,P-01781,Advanced,2025-02-15,Incomplete,60.1,Pending
T-02256,U-021,P-00469,Core,2026-04-10,Completed,87.9,Certified
T-02257,U-054,P-02416,Advanced,2025-10-09,Completed,95.7,Certified
T-02258,U-027,P-00075,Leadership,2025-03-19,Incomplete,55.2,Pending
T-02259,U-040,P-02816,Core,2025-04-13,Completed,84.3,Certified
T-02260,U-045,P-00128,Advanced,2025-04-23,Completed,80.3,Certified
T-02261,U-055,P-01808,Safety,2026-08-02,Completed,91.2,Certified
T-02262,U-008,P-01763,Core,2026-01-12,Incomplete,64.1,Pending
T-02263,U-036,P-01473,Advanced,2026-04-21,Incomplete,65.0,Pending
T-02264,U-039,P-01313,Leadership,2025-12-02,Incomplete,64.1,Pending
T-02265,U-020,P-00538,Leadership,2025-04-13,Completed,91.8,Certified
T-02266,U-050,P-00758,Advanced,2025-09-19,Completed,97.1,Certified
T-02267,U-048,P-00095,Core,2025-02-03,Completed,95.4,Certified
T-02268,U-017,P-00552,Advanced,2026-05-21,Incomplete,69.1,Pending
T-02269,U-011,P-02904,Core,2026-06-30,Completed,70.0,Pending
T-02270,U-018,P-00934,Core,2025-07-09,Completed,70.5,Pending
T-02271,U-001,P-00596,Safety,2025-01-14,Completed,80.2,Certified
T-02272,U-038,P-02749,Leadership,2026-01-16,Completed,78.9,Pending
T-02273,U-020,P-02643,Safety,2025-05-20,Completed,77.0,Pending
T-02274,U-013,P-00938,Core,2025-06-13,Completed,70.6,Pending
T-02275,U-052,P-01777,Core,2025-11-05,Incomplete,69.0,Pending
T-02276,U-016,P-02398,Safety,2025-03-16,Incomplete,61.3,Pending
T-02277,U-027,P-01588,Safety,2025-10-20,Completed,87.5,Certified
T-02278,U-033,P-02012,Advanced,2026-05-12,Completed,76.1,Pending
T-02279,U-045,P-02633,Advanced,2025-06-04,Completed,83.0,Certified
T-02280,U-019,P-00024,Core,2026-01-11,Completed,70.6,Pending
T-02281,U-026,P-02663,Safety,2025-12-30,Completed,75.9,Pending
T-02282,U-044,P-02934,Advanced,2025-01-12,Incomplete,63.5,Pending
T-02283,U-010,P-01186,Safety,2026-07-23,Incomplete,64.9,Pending
T-02284,U-023,P-00458,Advanced,2026-02-03,Completed,71.3,Pending
T-02285,U-009,P-02116,Safety,2025-08-14,Completed,76.2,Pending
T-02286,U-036,P-00980,Advanced,2025-04-25,Completed,85.3,Certified
T-02287,U-001,P-01078,Core,2025-05-27,Completed,83.4,Certified
T-02288,U-042,P-02496,Core,2025-02-21,Incomplete,55.9,Pending
T-02289,U-042,P-02233,Core,2025-08-16,Incomplete,59.8,Pending
T-02290,U-013,P-02488,Core,2025-11-03,Incomplete,59.1,Pending
T-02291,U-052,P-00052,Safety,2026-08-08,Completed,77.1,Pending
T-02292,U-053,P-01918,Leadership,2025-06-22,Completed,79.2,Pending
T-02293,U-060,P-00295,Advanced,2025-09-16,Completed,93.3,Certified
T-02294,U-006,P-02073,Safety,2025-08-28,Incomplete,68.8,Pending
T-02295,U-016,P-00244,Safety,2025-09-25,Completed,70.0,Pending
T-02296,U-041,P-02598,Safety,2025-12-30,Completed,95.6,Certified
T-02297,U-021,P-00087,Advanced,2025-08-23,Completed,90.7,Certified
T-02298,U-017,P-02272,Core,2026-02-08,Incomplete,61.5,Pending
T-02299,U-024,P-00329,Leadership,2025-03-29,Incomplete,65.5,Pending
T-02300,U-028,P-02381,Core,2026-05-18,Completed,94.8,Certified
T-02301,U-042,P-00925,Advanced,2026-05-12,Completed,90.6,Certified
T-02302,U-057,P-00500,Advanced,2025-12-24,Incomplete,68.8,Pending
T-02303,U-055,P-01406,Safety,2026-03-22,Incomplete,68.2,Pending
T-02304,U-048,P-02129,Advanced,2026-07-11,Completed,91.8,Certified
T-02305,U-035,P-01819,Advanced,2025-06-20,Incomplete,63.0,Pending
T-02306,U-038,P-00817,Advanced,2025-05-10,Completed,78.6,Pending
T-02307,U-049,P-01973,Safety,2025-09-02,Incomplete,57.7,Pending
T-02308,U-022,P-00576,Safety,2025-01-30,Completed,76.5,Pending
T-02309,U-001,P-00656,Safety,2026-07-17,Completed,72.1,Pending
T-02310,U-048,P-01326,Safety,2026-01-11,Completed,82.8,Certified
T-02311,U-012,P-02293,Advanced,2025-08-30,Completed,96.7,Certified
T-02312,U-021,P-02954,Core,2025-01-30,Completed,87.7,Certified
T-02313,U-029,P-02080,Safety,2025-10-14,Incomplete,59.5,Pending
T-02314,U-011,P-02953,Core,2025-11-30,Completed,79.1,Pending
T-02315,U-051,P-02793,Safety,2025-08-30,Completed,90.4,Certified
T-02316,U-012,P-02701,Advanced,2026-05-01,Completed,78.2,Pending
T-02317,U-048,P-00924,Safety,2025-02-17,Completed,77.0,Pending
T-02318,U-060,P-02402,Safety,2026-05-25,Completed,80.8,Certified
T-02319,U-038,P-00374,Core,2025-07-26,Completed,79.0,Pending
T-02320,U-051,P-00591,Core,2026-02-21,Incomplete,68.3,Pending
T-02321,U-031,P-00614,Safety,2026-02-23,Completed,94.8,Certified
T-02322,U-052,P-00389,Safety,2025-09-24,Incomplete,65.5,Pending
T-02323,U-044,P-01794,Advanced,2026-04-29,Incomplete,63.5,Pending
T-02324,U-021,P-00241,Safety,2025-11-26,Incomplete,62.6,Pending
T-02325,U-058,P-01422,Leadership,2025-07-15,Completed,89.0,Certified
T-02326,U-021,P-01192,Core,2025-09-29,Completed,83.4,Certified
T-02327,U-012,P-00470,Safety,2026-04-20,Completed,93.5,Certified
T-02328,U-020,P-01862,Core,2026-04-06,Completed,84.9,Certified
T-02329,U-032,P-01032,Advanced,2025-07-13,Completed,80.4,Certified
T-02330,U-052,P-02536,Leadership,2026-01-05,Completed,92.9,Certified
T-02331,U-002,P-00560,Safety,2025-04-18,Completed,79.0,Pending
T-02332,U-013,P-02617,Core,2026-06-09,Incomplete,66.7,Pending
T-02333,U-050,P-00740,Leadership,2025-10-12,Completed,89.5,Certified
T-02334,U-053,P-01299,Safety,2026-01-18,Completed,84.6,Certified
T-02335,U-055,P-01686,Advanced,2026-01-16,Completed,70.7,Pending
T-02336,U-040,P-00073,Advanced,2025-08-21,Completed,77.0,Pending
T-02337,U-022,P-01946,Advanced,2026-03-02,Completed,92.4,Certified
T-02338,U-029,P-01182,Advanced,2026-01-18,Completed,93.1,Certified
T-02339,U-031,P-00945,Advanced,2025-04-11,Completed,77.3,Pending
T-02340,U-054,P-01197,Core,2026-05-27,Completed,72.7,Pending
T-02341,U-006,P-00246,Core,2025-12-03,Completed,84.2,Certified
T-02342,U-032,P-02173,Core,2025-09-21,Incomplete,64.3,Pending
T-02343,U-048,P-00704,Leadership,2025-08-11,Completed,89.7,Certified
T-02344,U-023,P-00612,Core,2025-07-01,Incomplete,65.8,Pending
T-02345,U-037,P-01654,Safety,2026-05-25,Completed,71.2,Pending
T-02346,U-011,P-01153,Safety,2025-07-24,Completed,76.5,Pending
T-02347,U-046,P-01622,Advanced,2025-11-30,Completed,72.7,Pending
T-02348,U-023,P-00589,Core,2026-06-17,Incomplete,59.5,Pending
T-02349,U-020,P-01013,Advanced,2026-06-04,Incomplete,68.4,Pending
T-02350,U-027,P-02426,Safety,2025-01-04,Completed,75.5,Pending
T-02351,U-047,P-02530,Advanced,2025-09-30,Incomplete,64.5,Pending
T-02352,U-025,P-02512,Leadership,2025-10-14,Completed,86.1,Certified
T-02353,U-037,P-01948,Advanced,2026-01-08,Completed,91.2,Certified
T-02354,U-044,P-00897,Safety,2026-02-03,Completed,82.9,Certified
T-02355,U-015,P-00672,Safety,2025-10-26,Completed,91.0,Certified
T-02356,U-019,P-00613,Leadership,2025-05-17,Completed,86.7,Certified
T-02357,U-055,P-01695,Core,2026-06-23,Completed,75.5,Pending
T-02358,U-051,P-02207,Advanced,2026-02-24,Completed,82.1,Certified
T-02359,U-015,P-01957,Advanced,2026-03-18,Incomplete,57.8,Pending
T-02360,U-003,P-00268,Leadership,2026-02-01,Completed,81.2,Certified
T-02361,U-059,P-01800,Advanced,2025-05-04,Incomplete,64.8,Pending
T-02362,U-051,P-02876,Leadership,2026-04-04,Completed,88.1,Certified
T-02363,U-006,P-01429,Core,2025-11-02,Completed,81.5,Certified
T-02364,U-053,P-01087,Advanced,2025-01-25,Completed,76.9,Pending
T-02365,U-015,P-01148,Advanced,2026-03-30,Completed,70.4,Pending
T-02366,U-038,P-02996,Leadership,2025-04-14,Completed,90.4,Certified
T-02367,U-047,P-02851,Leadership,2026-02-13,Completed,74.6,Pending
T-02368,U-001,P-00616,Safety,2025-09-08,Completed,90.6,Certified
T-02369,U-016,P-02358,Core,2026-02-15,Completed,73.4,Pending
T-02370,U-049,P-00905,Leadership,2026-06-28,Incomplete,56.7,Pending
T-02371,U-060,P-00709,Advanced,2026-07-23,Incomplete,64.4,Pending
T-02372,U-020,P-02384,Leadership,2026-05-28,Completed,94.4,Certified
T-02373,U-056,P-02010,Safety,2026-03-05,Completed,89.0,Certified
T-02374,U-030,P-00906,Core,2025-04-22,Completed,83.0,Certified
T-02375,U-056,P-02063,Core,2026-01-29,Completed,97.7,Certified
T-02376,U-045,P-00582,Leadership,2026-03-25,Completed,72.2,Pending
T-02377,U-044,P-00901,Core,2025-02-19,Incomplete,69.8,Pending
T-02378,U-031,P-01447,Leadership,2025-08-06,Completed,93.0,Certified
T-02379,U-009,P-01225,Leadership,2026-06-20,Incomplete,68.5,Pending
T-02380,U-055,P-01406,Core,2025-02-07,Completed,91.3,Certified
T-02381,U-034,P-02541,Safety,2026-04-13,Incomplete,68.2,Pending
T-02382,U-007,P-02728,Advanced,2025-08-28,Completed,89.3,Certified
T-02383,U-057,P-02652,Core,2026-02-02,Completed,72.9,Pending
T-02384,U-055,P-01686,Core,2026-07-12,Completed,93.9,Certified
T-02385,U-041,P-01823,Advanced,2026-08-07,Completed,80.8,Certified
T-02386,U-045,P-01613,Leadership,2025-08-26,Completed,79.3,Pending
T-02387,U-057,P-02652,Leadership,2026-05-17,Completed,91.3,Certified
T-02388,U-047,P-01856,Advanced,2026-01-20,Completed,92.2,Certified
T-02389,U-006,P-01580,Safety,2025-05-12,Incomplete,65.4,Pending
T-02390,U-022,P-01947,Core,2025-01-19,Incomplete,65.7,Pending
T-02391,U-027,P-01855,Core,2025-09-20,Completed,71.3,Pending
T-02392,U-027,P-00038,Safety,2025-04-27,Completed,84.3,Certified
T-02393,U-032,P-02906,Advanced,2026-05-28,Incomplete,63.8,Pending
T-02394,U-002,P-02350,Core,2026-04-16,Incomplete,57.3,Pending
T-02395,U-047,P-01300,Advanced,2025-01-05,Completed,96.2,Certified
T-02396,U-022,P-02631,Core,2026-05-25,Completed,76.1,Pending
T-02397,U-047,P-01980,Leadership,2025-05-07,Completed,93.4,Certified
T-02398,U-009,P-02116,Leadership,2025-03-12,Incomplete,62.8,Pending
T-02399,U-032,P-01697,Core,2025-06-25,Completed,74.2,Pending
T-02400,U-044,P-02263,Advanced,2026-07-29,Completed,83.8,Certified
